cruelty	3
critics	5
expressing	1
comprehending	1
collected	2
assortment	1
truth	9
darning	1
jesus	7
seasick	1
moving	2
phenomena	3
soundly	1
hale	1
revealing	1
understand	6
spent	7
clamoured	1
battle	8
who	89
morally	1
recollect	2
flowery	1
age	5
visits	1
vital	4
correspondence	5
sing	1
beginning	9
circumstances	2
to	966
hatty	2
desolation	1
arctic	1
bear	3
ago	8
hymn	2
known	8
capability	1
hero	1
refreshment	1
exquisite	3
agreeable	3
trap	2
invitations	1
interest	13
unhackneyed	1
dickens	4
brutes	1
sails	1
it	400
topsy	1
ambassador	2
exception	2
sit	7
kick	1
travel	2
oh	11
moved	3
forbear	1
avidity	1
crisis	4
says	12
shock	4
disadvantage	1
artist	2
faith	11
book	31
prosperously	2
better	20
rambling	1
gentlemen	5
helplessness	1
area	1
rattling	1
masterly	1
muttering	2
election	3
french	17
sailing	6
manifestly	1
hundreds	1
wasted	2
oaks	1
members	1
find	20
leven	1
function	1
flounce	1
weeks	7
mondes	1
winepress	1
covenanters	1
safety	2
temperance	2
como	3
lemonade	1
agony	3
persevered	1
admitting	1
sole	1
link	1
car	1
salerno	1
fifty	2
curiosity	3
statue	2
nearer	4
care	8
afflictions	1
easiness	1
sphere	2
folios	1
attitudes	1
undertaken	1
raise	2
sunday	12
advisable	1
talking	4
exemplary	1
pot	3
pamphlets	1
shortly	1
plunge	1
eternal	8
introduction	2
impossible	7
charité	1
intensely	1
mélange	1
direction	4
towards	8
specimens	1
seventeen	1
rude	1
protestantism	2
close	7
consider	2
dressing	1
dare	2
relief	4
tower	2
proves	1
paid	3
done	26
privation	1
spring	5
contempt	1
arch	1
seed	1
perfectly	6
safely	1
dufferin	6
stillness	1
devotional	1
pines	2
en	3
laid	10
flocked	1
mean	6
accomplished	2
behind	4
postilions	2
hackmen	1
desert	1
p	1
conjecture	2
madness	1
nerve	2
nay	5
remaining	1
head	10
chiefly	1
walked	2
ask	9
rushed	1
cosy	2
solemnity	1
reputation	1
earthy	1
dresses	2
lot	3
morsel	1
forefathers	1
terrace	1
baron	4
obliged	3
holy	8
investigation	1
rises	1
epoch	1
western	1
d'angleterre	1
trouble	3
cavalier	1
restitution	1
prison	1
consultation	1
invited	6
small	4
donation	1
forest	2
guilt	1
sob	1
leisure	1
summary	1
within	7
doctor	10
will	93
woods	1
aid	2
absolutely	1
occasionally	1
working	1
regards	3
into	52
notice	2
onions	1
sang	1
glare	1
improved	1
phillips	3
camberwell	1
boyish	1
outcry	1
among	18
contradictory	1
lastly	2
lieutenant	1
insisted	1
pronounces	1
see	67
courts	1
mortal	1
ministers	3
assist	1
separation	1
occasions	1
wheel	9
anticipated	1
diligence	3
publishing	1
oddity	1
bede	1
personalname	312
armchair	1
inferior	1
honour	2
satin	1
slaveholding	6
lands	2
leagues	1
parenthetical	1
episode	1
skies	1
lovers	1
dispatch	1
record	1
exact	1
promotion	1
bleeds	1
up	69
inverary	6
chained	1
laughing	3
goodbye	5
snatched	1
simultaneously	1
associated	1
minute	2
refractory	1
sincerely	2
willing	3
dangers	1
comfort	9
solid	1
lay	7
bedroom	1
object	8
becoming	1
cobweb	1
overflowed	1
roguish	1
male	1
went	42
living	2
necessary	2
limbs	1
proceeded	5
unexpected	1
building	2
myrtle	1
odd	4
repulsed	1
cling	1
reaching	7
beautiful	28
weaknesses	1
from	181
chain	3
bonnet	1
like	48
sayings	1
feelings	5
intended	3
grated	1
beset	1
regret	2
adeste	1
suffered	3
popular	2
sentiments	2
villa	2
chatteration	1
o'clock	18
subsided	1
month	1
encouraging	2
caste	1
bosom	2
former	7
burnside	1
sizes	1
lessons	3
charity	1
carelessness	1
reinforced	1
eight	6
inter	1
pharaoh	1
stop	3
etc	9
voices	7
downward	1
throbbing	1
ruin	1
emblazoned	1
harbour	1
attending	1
beloved	3
was	289
continues	1
aunty	1
robes	1
considered	1
purports	1
gayest	1
cigar	1
horrors	1
mark	2
herself	6
sufferers	2
penned	1
allegory	1
great	66
orange	2
very	86
thousands	4
preached	1
yankee	3
loving	7
opposite	3
hood	1
curtain	1
unsparing	1
sedate	1
your	121
making	10
absolute	1
departed	1
existed	1
thinned	1
liberty	11
exceed	1
sprinkling	1
scarce	3
cordially	1
common	11
collar	1
eating	2
placid	1
mankind	1
forget	2
shadows	1
mostly	2
hoping	1
intelligence	1
way	39
popularity	2
verbenas	1
foliage	1
amiable	1
abrupt	1
idea	8
wayside	3
lowness	1
impulse	5
cure	1
extracts	1
claim	1
holmes	3
sadder	1
beg	2
memory	2
soiled	1
stafford	1
stopping	3
fluent	1
faithfully	1
teachers	1
settled	5
elected	2
famous	1
unfamiliar	1
dose	1
conviction	1
swells	1
mass	1
dishonourable	1
perceives	1
unbiassed	1
but	140
petunia	1
pity	2
already	9
appointed	2
delicacy	1
greatly	7
astray	1
richer	1
eastern	1
united	8
destruction	1
goodness	2
boasted	1
responded	1
dearest	2
airs	1
turf	1
flesh	5
lighted	3
fold	1
hills	1
fellows	3
rate	2
humorous	1
reading	10
uttered	1
jews	1
special	2
birth	1
reject	1
remedy	2
manners	3
constitutional	4
sustained	2
however	14
younger	1
pen	5
housekeeper	1
poles	1
architecture	1
indoors	1
store	2
delightful	8
tubular	1
conversation	1
white	13
shook	1
animal	1
rails	1
detained	1
repast	1
has	129
person	5
subject	10
story	29
hideousness	1
immediate	4
handkerchiefs	2
assure	1
volumes	1
flew	1
observing	1
papered	1
doggedly	1
affections	1
end	11
liverpool	6
informs	1
linger	1
himself	6
yes	5
long	40
heartily	2
crushing	1
appreciative	3
never	33
rest	18
trimmed	1
doors	4
refreshed	1
cherished	1
evening	18
prepared	2
remarkably	1
brownings	1
touch	2
deepest	2
sympathies	3
thirty	1
distinctly	2
advocates	1
doctrine	6
ushered	2
found	39
pepperell	1
fifty-nine	1
amazingly	1
little	68
philanthropy	1
arrival	4
experiments	1
slaver	1
treat	2
orr	5
pains	1
ashamed	2
loudly	1
powers	2
young	13
manning	1
bishop	1
arabicprice	4
italians	2
ultimate	1
expressed	6
shoe	1
official	4
streak	1
encyclopædists	1
wrote	18
sherwood	1
regular	1
parks	1
expose	1
anglo-saxons	1
luckily	2
nobleman	2
trip	4
enjoy	2
nor	8
meet	13
panted	1
tiff	2
creature	1
folio	1
locked	3
certainly	9
girlishness	1
notions	1
treated	1
horrible	2
city	15
outreachings	1
giving	4
neighbourhood	2
nickel	1
announced	2
northwestern	1
distant	2
constitution	3
thy	1
chevalier	1
instructions	1
pussy	1
minutes	2
horse	4
expanse	1
looking	18
vice-president	1
pushed	2
settle	2
observatory	1
inquiry	1
passage	7
good-humoured	1
calm	5
practice	1
diminish	1
hopes	4
lyons	1
getting	6
laurel	2
severed	1
cheering	2
looks	5
roses	1
vivid	1
moth	1
fled	1
noble	14
hemming	1
noes	1
didn't	2
primer	1
relieved	1
dean	1
peaceful	1
swept	2
savagery	1
pensive	1
understanding	2
mischiefs	1
virtually	1
enlists	1
favourite	2
recommendation	1
meanwhile	4
connected	2
itself	8
hindoo	1
expectant	1
wanting	1
valued	2
slaves	11
subjective	1
unnatural	1
roaring	1
negro	7
shell	2
senate	1
lunch	5
fuss	1
slavery	28
mine	7
scottish	2
follow	2
cheap	2
protects	1
refuses	1
possible	7
dreary	1
shouted	1
replying	1
inos	1
gracious	1
nations	5
press	3
lecture	1
diverse	2
bore	2
nice	6
scope	1
avail	1
weekly	1
inches	1
military	3
affectionately	8
durant	1
absorbing	1
funny	2
measure	2
plantations	1
please	3
christianity	3
blinding	1
elaborated	1
perseverance	2
campbell	1
whom	21
spiritual	9
biggest	1
thackeray	3
million	2
revisited	2
pounced	1
volume	2
southward	1
cavour	1
coach	3
boulevards	1
imposed	1
don't	17
burr	2
manner	6
frank	2
excellent	4
advice	5
castle	11
german	1
unsparingly	1
replace	1
southern	7
prevent	1
cone	1
positive	1
lingering	3
reach	3
irruptions	1
invented	1
dunrobin	2
nobler	1
own	32
accepted	3
drive	3
breathless	1
immortelle	1
be	187
characters	6
breakfast	7
pointed	1
somewhere	2
ephemeral	1
chose	1
ward	1
permitted	1
impressed	1
miscellaneous	1
sound	8
amelioration	1
coming	17
manned	1
consult	2
sandbar	1
vulgarity	1
newcastle	1
crowell	1
fit	2
penal	1
beat	3
entrance	2
suffocation	1
january	3
brutality	1
defied	1
whirligig	1
others	10
jaunty	1
afford	1
egg	1
picture	3
oftener	1
fullness	1
comes	7
bows	1
where	58
knows	7
ate	1
daughter	11
tall	2
socially	1
darling	2
officers	4
fine	13
prince	7
forlorn	1
economical	1
guitars	1
guide	4
sixth	1
real	9
mr	41
escape	1
equal	2
just	39
wonderful	4
assent	1
hermitage	1
while	31
tree	1
ministering	1
equality	1
institutions	3
desk	1
published	5
patience	2
aware	1
wished	2
use	10
fascinating	1
resolves	1
perceive	1
lucky	1
origin	2
cathedrals	1
beginner	1
prescott	3
feet	3
canal	3
ebrington	1
whose	15
hereafter	1
wiped	2
describe	3
household	1
art	6
speeches	1
fragment	1
dome	1
flat	2
moral	13
forum	1
instrumentality	1
professors	1
blows	1
only	61
statuettes	1
preparing	1
animation	1
fourteen	1
sanctity	1
leave	7
takes	7
can	56
prostration	1
cavalcade	1
reception	1
outnumbered	1
withal	1
twice	5
ruskin	7
favoured	1
ms	2
depraving	1
h	16
territory	4
aforetime	1
call	13
letters	13
pretty	7
intend	1
varieties	1
together	12
groped	1
conscious	2
literary	3
times	14
caused	1
sung	3
catch	3
drops	1
papal	1
prostrated	1
feeding	1
ten	8
trunks	3
superinduced	1
receives	1
bridge	2
arises	1
think	44
people	51
divine	2
foreign	8
heard	17
pictures	7
misreading	1
reported	1
eat	2
grandpa	1
saves	1
suffer	3
headed	1
persuaded	1
bags	1
havelock	1
cannot	12
play	2
eyes	11
modelled	1
insane	1
boiled	1
arrows	1
stand	11
platforms	1
adelphi	1
fruitful	2
expected	7
expansive	1
nowhere	1
abiding	1
boy	9
circular	1
safest	1
deaf	2
impertinence	1
utilised	1
zeal	1
relations	3
palmed	1
taking	7
energies	1
coffee	2
evenings	1
silence	2
produced	5
generals	1
dip	1
parcels	1
disposed	2
presence	2
throes	1
had	167
chance	4
raft	2
step	5
held	1
path	1
cruel	1
begun	2
if	79
broadest	2
aberdeen	2
reporters	1
speaker	1
familiarly	1
forces	2
hitting	1
ice	1
teacher	1
law	8
fear	10
hours	12
attempt	1
away	19
upham	4
sent	20
breeches	1
machinery	1
express	7
hundred	2
slave	28
last	49
gravity	1
blocks	1
arriving	2
fringed	1
easter	1
dollars	2
size	1
draughted	1
interested	7
christ	12
awful	1
rosy	1
hospitable	2
sea	8
carp	1
crape	1
rejoiced	1
less	4
costume	1
substance	1
sense	6
denying	1
movements	2
point	11
sumner	1
provision	1
impressible	1
cliffs	1
sermon	3
cream	1
rushes	1
fulfil	1
sings	1
older	1
overcoated	1
despair	2
jogging	1
library	3
bobtail	1
javelins	1
departure	3
calmly	1
displeased	1
loveliest	2
devout	1
fought	2
goil	1
described	1
dust	2
counts	1
dying	3
appeal	5
topics	4
messages	1
calyx	2
acted	1
front	1
unerringly	1
judges	2
efficient	1
soft	2
called	18
doings	1
merrier	1
pile	1
melancholy	1
carriage	21
exploits	1
splitting	1
prodigious	1
stage	1
parted	4
house	24
river	4
bodily	1
ticketed	1
impression	2
superb	1
glimpse	2
taken	16
early	6
being	25
perpetuating	2
arranging	2
noticed	1
foreigners	1
sisters	10
irritation	1
lightning	3
secret	3
fills	1
grandma	1
adoption	1
bracelet	1
you'll	1
instincts	3
unjust	1
spinning	1
compelled	1
minerals	1
afraid	4
seldom	2
talked	4
accomplish	1
shaking	1
west	1
participators	1
coincidence	1
accident	2
urged	1
open	7
ticket	1
game	1
vitriol	1
parties	1
fairly	1
journeyed	1
slightest	1
orthodox	2
conversational	1
impressions	4
mothers	5
breaking	1
milman	1
knew	12
prefers	1
terribly	1
unequalled	1
desolate	1
wit	1
thunder	1
legend	1
reciprocate	1
poetry	1
schoolmaster	1
autobiography	1
bowed	1
verge	1
lovingly	2
true	17
dramatic	1
sitting	2
fluttered	1
husband	29
admitted	1
wonders	3
earl	1
observation	1
fiery	1
father	16
feeling	19
rapid	1
aside	2
whirligiging	1
greenhouse	2
strait	1
necessitates	1
part	14
snobs	1
confirmed	2
inmates	2
cattish	1
commit	2
review	2
medley	1
listen	1
residents	1
route	2
saw	29
men	19
supremacy	1
such	50
smollett	1
benefit	1
scrawl	1
also	19
boarding	2
more	97
university	1
handkerchief	2
captivate	1
sky	3
acts	1
generally	4
plot	2
element	2
basket	1
seat	2
signed	2
fixed	2
graphic	1
ballads	1
busy	2
established	3
drinking	2
warm	4
sacrament	1
statement	1
water	12
presents	1
humblest	1
redemption	2
feel	31
took	25
consisted	2
swathings	1
unused	2
console	1
truce	1
success	8
portray	1
me	156
museums	1
imagery	1
using	1
carry	6
antislavery	10
race	5
strangely	1
lived	3
highland	1
silver	4
town	4
grass	1
rally	1
set	14
told	15
deck	2
newspaper	2
commendation	1
railroads	1
pure	3
heavenly	1
magnificent	4
anything	13
contain	1
practically	1
enchantress	1
chamber	1
appalling	1
free	11
shore	2
unimaginable	1
alighted	1
far	19
wish	13
assistance	1
temporary	1
shaggy	1
stimulated	1
ditto	1
blow	3
stephens	2
alert	1
angel	3
knowledge	4
traced	1
congealed	1
walks	2
brook	1
clergy	2
proposed	3
before	45
deprived	1
scriptural	1
balustrades	1
duke	21
delighted	7
voluntary	2
s	8
meal	2
do	64
fate	3
planter	1
march	7
source	2
parke	2
organising	1
quite	19
intelligent	2
background	1
amendment	1
interesting	8
beautifully	2
freshness	1
float	1
regarded	3
heart	29
thoroughly	4
compliments	1
bill	1
bacon	3
anxiously	2
health	6
rebel	2
above	10
channel	2
past	12
sleeping	3
inalienable	1
music	3
dine	1
proper	4
forgiven	2
realised	1
disciple	1
formed	5
mamma	9
how	47
ornament	1
riding	2
sights	1
broken	6
saddest	1
cordial	1
probability	1
often	18
guard	3
his	118
distance	2
hospitality	1
speaking	2
marked	4
factory	1
recently	1
revue	1
moon	3
oppression	1
during	10
healed	1
lords	1
sight	4
taste	1
limits	1
reaction	1
silk	4
insists	2
fell	4
verity	2
wordsworth	2
watched	2
hand	5
distressing	1
happened	2
ground	6
backbone	1
combined	1
vain	2
five	15
calls	2
required	1
refers	1
presidential	2
confusing	1
praise	1
so-called	2
make	17
arabic2digit	38
fears	1
abolition	5
describing	2
articulate	1
rain	7
placard	1
met	10
housewife	1
line	10
warmly	1
alternative	1
persuasion	1
beecher	4
mainly	1
centre	4
capri	1
perhaps	13
picked	1
beneath	1
court	4
evil	4
fresh	4
pull	1
flounder	1
surrounding	1
toast	1
objected	2
necessitating	1
whichever	1
the	1903
chimney	2
bathe	1
fiacre	1
nobody	8
belloc	1
embroidery	1
entered	2
man	27
were	111
bites	1
thief	1
devoting	1
shoulders	1
till	31
happiness	3
regions	2
pond	1
kindness	2
thickened	1
conn	1
modest	1
poe	1
amuse	1
sins	2
receptions	3
windows	3
gathered	2
thinks	2
cultivated	1
churchman	1
pitched	1
fatiguing	1
e	9
built	4
marbles	1
air	5
sharp	4
gliding	3
wonder	5
in	666
resorts	1
journal	1
except	7
nation	8
lagoon	1
bitterly	1
generation	2
provost	1
peaceably	1
examined	1
passing	3
postilion	1
examinations	1
baggage	8
forty	1
seven	2
charm	1
exceedingly	2
direct	4
nervous	2
impatient	1
venerable	1
school	5
discrepancy	1
chances	1
so	190
deluge	1
bustle	1
thence	1
requested	1
scalps	1
grace	3
smile	5
pieces	2
turn	6
soul	8
portion	6
pulled	1
both	12
trembled	1
follows	10
hostess	1
by	157
compels	1
trader	1
eldest	4
mansions	1
approaching	1
resurrection	1
blue	7
best	21
tragicomedy	1
are	129
sorrow	7
card	1
mme	1
whence	4
sun	2
strolling	1
perkins	4
changed	2
plate	4
notable	1
memorials	1
thankful	1
terrestrial	1
dig	1
cups	2
pearson	1
staying	2
box	2
rainy	2
summer	7
girls	10
their	87
offices	1
enslave	2
yore	1
differ	1
rue	2
insight	2
came	45
journey	7
expedient	1
blessed	4
morbid	1
advise	1
then	56
writers	4
flame	1
land	8
via	2
indifferent	1
deep	5
remarks	3
abuse	2
church	9
born	3
roused	2
christians	5
retreated	1
boys	7
nine	2
thing	20
february	8
beating	1
collection	1
demands	1
spread	2
butler	1
with	314
seemed	20
unaccountable	1
stumbling	1
row	1
named	3
quixote	1
disappointment	1
respectable	2
co	2
adventures	1
punishment	1
sliding	1
empty	1
expansion	1
tent	1
gaily	1
saturday	3
management	1
consent	1
purposes	3
kent	1
pressure	1
apparatus	1
human	9
means	4
confusion	2
lines	3
vessel	2
overcoat	1
miss	6
deference	1
wreaths	1
neatness	1
evident	2
repeat	1
whiffle	1
senses	1
cloak	2
papers	5
balance	1
native	1
aroused	1
plentiful	1
guess	2
irremediably	1
system	7
greater	5
sobs	1
songs	2
general	14
winter	5
whittier	2
virginie	2
nephew	1
friendship	3
surrounded	3
prosperous	1
eventful	2
clean	4
affectionate	11
bouquets	1
deemed	1
hemans	1
mohl	3
admirably	1
wonderfully	2
americans	1
crews	1
recoil	1
help	8
footnote	1
arose	1
abandon	1
fields	2
unfold	1
disturbance	1
prospect	6
interdicts	1
should	52
enter	4
meeting	3
compromises	1
fairy	1
arabic5+digit	4
particular	3
cunners	1
modern	3
really	4
vein	1
hopkins	1
hereditary	2
going	22
share	2
trumpeters	2
makes	12
motion	2
straw	1
puss	1
determination	3
serious	4
excited	2
earnestly	1
personae	1
linchpin	1
upper	1
well	40
toil	1
spied	1
germans	1
charming	8
infantry	1
forty-eight	1
crowd	3
anxiety	2
months	3
steamboat	1
hollow	4
natures	1
denman	1
department	2
intolerable	2
healthy	1
glassy	1
dramatis	1
intense	5
halls	1
relating	2
granddaughter	1
personage	2
seasons	1
bust	1
leaping	1
maintenance	1
adjusted	1
diseased	1
remember	11
seaside	1
crime	2
niece	2
mysterious	1
unwonted	1
fellow	1
strata	1
terminus	1
slowly	1
owner	1
hot	3
hard	7
fix	1
indecencies	1
false	1
hearty	3
deed	1
inexpressible	2
wrong	3
assemble	1
conceive	3
peril	1
lowest	1
reserved	1
stone	5
service	6
unfeignedly	1
position	2
implements	1
continuous	1
anticipate	1
surprised	1
historical	3
melted	1
eleven	6
lend	1
sending	3
trim	1
establishment	1
fervently	1
rag	2
dockyard	1
prevails	1
something	14
dark	5
foreshadowed	1
dislike	1
fifteen	1
pleasant	16
attributing	1
lava	4
extensively	1
brings	1
order	8
colours	1
invitation	4
dedication	1
labourers	1
darkest	1
food	1
overpowered	1
surroundings	1
gimlet	1
springing	1
loch	2
crossed	2
themselves	9
abounding	1
journals	1
prophecy	1
hotel	10
near	8
shrink	1
gold	2
result	7
render	1
happening	1
affair	1
apprehend	1
round	9
closed	1
steadily	1
contrast	3
t'other	1
write	19
miserable	3
dormant	1
hammers	1
passion	1
figure	1
series	3
chinese	2
toilet	1
spirits	6
finished	4
sandy	1
creations	1
seek	1
faubourg	2
control	4
illustrate	1
collisions	1
kill	2
primroses	2
muster	1
cloud	1
gibbon	1
masculine	1
afternoon	4
bedraggled	1
marvelled	1
armies	2
caught	2
resist	3
fishing	1
yourself	8
objects	1
limb	1
screwed	1
dancing	1
arabic1digit	13
arrow	1
language	3
heap	1
precisely	1
greatest	3
downstairs	1
startle	1
averted	1
ordered	1
spot	1
lake	5
bought	4
austrian	1
miles	3
rudely	1
original	2
inferable	1
sutherland	9
level	1
pathos	3
aboard	1
homesick	1
faster	1
heels	1
character	8
opening	2
build	1
fidelis	1
learn	10
roof	1
big	3
income	1
orientals	1
glory	1
emotional	1
choicest	1
one	140
details	2
alps	1
stretch	1
factitious	1
tale	1
romannumeral	10
formal	1
commander	1
illustration	1
positively	1
dingle	1
saviour	1
read	13
points	3
wall	2
visited	3
experiences	4
inquired	4
not	156
dispatched	1
untackled	1
determined	2
confines	1
deal	6
succour	1
everywhere	8
perfect	11
hold	4
writings	1
woven	1
ungrammatical	1
stationed	3
understood	3
loud	2
decided	1
yearning	1
didactic	1
sinful	1
nature	19
kingdoms	2
colonel	4
overthrow	1
vehicles	1
gladiator	1
power	20
theology	6
addressed	2
ideality	1
inspiration	2
weight	4
uneasy	1
opposition	2
birthday	1
finer	1
necessity	1
shouldn't	1
content	2
informal	3
cupid	1
third	4
sombre	1
straight	1
lady	35
instinctively	1
affairs	3
fail	4
drove	5
serial	2
arrived	6
placed	7
prevalent	1
nineteen	1
lukewarmness	1
buckingham	1
soon	22
countesses	1
honoured	1
companions	1
mainland	1
franc	1
combination	2
forbid	1
doubtless	1
rough	1
blood	7
tenderness	5
style	3
worthy	1
post	2
sunk	3
appended	1
keeping	2
join	1
wanderings	1
steamers	1
lovely	5
gratefully	1
t	4
completing	1
strife	1
them	64
dreaming	2
games	1
stiff	1
drowns	1
joys	1
still	19
sticks	2
rear	1
wavering	1
architectural	1
elegant	2
repose	1
tonight	6
em	1
thanksgiving	3
sides	3
demand	3
charmed	2
until	7
traditions	1
violate	1
thoughtful	2
chairs	2
otherwise	3
christendom	1
degree	2
humbug	2
days	13
curious	4
demanded	1
swamps	2
assured	5
asked	4
biscuit	1
test	2
ages	1
smothered	1
about	68
reconciled	1
children	22
speak	12
than	76
hear	18
burning	4
smoke	2
tooing	1
honestly	3
political	3
connivance	1
event	6
amusement	4
work	22
teaching	1
surprise	4
gathering	1
confusedly	1
contend	1
brighter	2
place	34
wives	4
state	11
century	3
accessible	1
emerged	2
unlike	1
changing	1
subscribe	1
company	12
servile	1
salôn	1
induces	1
prevailed	2
difference	4
wrought	1
combines	1
reached	13
opens	1
occurred	3
doubt	8
kemble	1
francs	5
have	222
painting	1
seriously	2
moves	1
oaken	1
largely	2
natick	1
least	18
reports	1
carried	1
rise	3
cares	1
accidents	1
cold	5
forthwith	1
acanthus	1
railroad	2
praised	3
sentiment	4
maintain	1
shaftesbury	3
appropriated	1
succeed	3
tolerably	1
scuffling	1
fire	11
declared	6
yesterday	8
walk	4
intellectual	1
dowager	2
manuscript	1
moment	11
descend	1
welcome	5
return	16
april	1
cheeriest	1
una	1
presenting	1
ban	1
started	1
shaped	1
faithful	2
flood	1
plans	2
hooks	1
today	13
condition	2
word	9
pilgrims	1
steps	2
limit	1
mountain	7
number	7
disregarded	1
south	10
eyed	1
poetic	1
chapels	1
breeding	1
worn	3
distinguished	1
plenty	1
lodgings	3
once	26
exemption	1
gives	3
accounts	1
standard	1
compared	1
my	174
fly	2
needed	1
complacency	1
clam	1
tales	1
paved	1
monument	2
parishioners	1
including	1
shake	1
placename	364
half	14
root	1
field	3
coats	1
irritate	1
vespers	1
education	3
difficulty	2
medium	1
i've	1
ensued	1
arms	5
remand	1
bewildering	1
hurried	3
arabic3digit	3
dinner	14
prophetic	1
district	4
regard	8
heading	1
yet	23
facing	1
slander	1
cartload	1
absurd	1
poem	3
gentleman	1
christmas	3
cries	1
board	3
ends	2
meaning	3
want	7
brought	8
sum	1
constantly	1
burden	1
acquirement	1
webs	1
is	389
flag	2
tasted	1
tendency	4
ointment	1
spider	1
aught	1
stiffness	1
reliance	1
year	18
blossoming	1
shown	5
delicious	1
doing	6
usual	5
feeble	2
secured	3
norton	1
comprehensive	1
side	12
apparition	1
marches	1
kiss	2
glorified	1
roman	2
request	1
discern	1
taught	2
pansies	1
flattery	1
individual	1
critiques	1
angry	1
criticisms	2
natives	1
cheerful	4
recommend	1
sore	1
grave	2
staircase	1
lifted	1
fort	1
wiser	1
scold	1
quietly	4
conflict	6
ride	1
neuralgia	1
rhetoric	1
change	4
hebrew	2
slough	2
superior	1
prices	1
peculiarly	1
traffic	1
having	13
knocking	1
remote	1
become	6
earlier	1
wherefore	1
receive	3
guests	3
backward	2
driver	6
poverty	1
dining	2
cut	2
happen	3
crept	1
given	7
regrets	1
a	695
infinitely	3
door	14
delayed	3
speculate	1
tied	1
abode	1
memorial	2
issues	1
whately	1
appreciation	3
terraces	1
movement	3
capable	4
besetting	1
worldly	1
slippery	1
copy	6
since	23
simile	1
sighings	1
d'enclos	1
that	460
venetian	1
friend	30
apartments	1
back	20
disorderly	1
frame	1
drizzling	1
exposition	1
smelling	1
trace	1
stations	1
catholicism	1
celebrate	2
deux	1
borders	1
key	2
confess	2
driving	3
mournful	1
ear	2
singing	2
tradition	2
stayed	5
sacredness	1
educated	2
wear	1
everyday	1
ceased	1
right	19
purpose	8
between	13
boat	7
vase	2
wastes	1
conveyed	1
services	2
deterioration	1
shakespeare	2
furnished	2
too	27
bow	1
shallower	1
astonishing	1
lo	1
seeing	12
venture	2
drivers	3
enchantment	1
rid	2
nonsense	1
triumph	1
home	27
sunny	1
served	1
momentary	1
inverness	3
obscenity	1
boxes	1
protect	2
present	13
soil	3
contradicted	1
bits	1
guitar	7
helped	1
portentous	1
leaven	1
alone	9
rifts	1
haste	1
made	32
approval	1
exposure	2
utmost	2
languor	1
myself	9
bonnets	1
looked	14
twenty	5
bawling	1
europa	3
cudworth	1
hill	6
crop	1
sale	4
neapolitan	1
wide	4
yard	4
donkey	2
indefatigable	1
occupying	3
trembling	2
sensitive	2
rejoicings	1
bad	1
specialty	1
rock	3
disuse	1
expecting	4
period	4
sandwiches	1
denounce	1
sheer	1
inclining	1
strike	3
ran	2
lost	9
shade	1
hair	4
wedges	1
suggestions	1
innate	1
salvation	1
sketch	1
limping	1
spreading	1
therefore	14
cowering	1
everything	11
unexampled	2
kindly	5
interview	2
extraordinary	2
healing	1
unburdened	1
dr	10
strengthening	1
learned	2
warlike	1
induced	1
voice	8
putting	1
golden	2
represents	1
severe	1
r	3
savants	1
simply	5
dropped	1
seacoast	1
talks	1
vigilant	1
need	7
salient	1
hang	4
romance	4
lâche	1
excitement	3
trivial	1
always	27
vinci	1
matter	4
seems	21
blind	4
party	20
sometimes	3
transmission	1
bleeding	1
mist	1
imperfectly	1
worked	1
rocks	1
theme	1
justly	1
second	6
external	1
carefully	2
unfair	1
this	190
imperativeness	1
crowded	2
viz	1
multitude	1
minds	3
misapprehension	1
kirk	1
lead	2
leaving	9
saying	4
substantially	2
falling	1
liking	1
regulated	1
engrossed	1
critic	1
labouchere	4
b	16
tone	2
disabled	1
families	2
principle	2
dirty	1
cheery	1
abbé	1
fails	1
although	3
dread	2
travelled	3
grief	4
probably	2
take	9
youngest	3
cowper	1
orthodoxy	2
invalides	1
regain	1
porter	1
oligarchy	1
things	30
cushion	1
uphill	1
showing	3
fried	1
overhanging	1
wait	7
tickets	2
bringing	4
virtue	3
clear	6
agitation	1
hitherto	3
sleep	3
spend	8
seconded	1
romans	1
congregation	1
remains	2
sentence	2
retrograding	1
meals	1
pony	1
thinking	8
works	4
calvinistic	2
words	10
drew	1
ardour	1
de	9
down	36
clichy	2
know	39
likely	5
deeming	1
night	27
deeply	8
when	80
englishman	1
agitate	1
sadly	3
affected	2
counsel	1
antiquity	1
recited	1
infidelity	1
insensible	1
detect	1
tuesday	3
contributed	1
drives	3
vicar	1
enough	25
realise	2
charms	1
congress	2
example	1
languishing	1
dispute	2
principal	1
describes	1
railing	2
congener	2
handing	1
obtains	2
suffering	4
danger	3
neither	3
sad	6
bull	1
exactly	1
exodus	1
fishy	1
grove	2
hell	2
abbott	1
travellers	4
burst	3
recrimination	1
crushed	1
denied	1
confessed	1
traveller	1
prettily	1
accursed	1
numbers	3
fortunate	1
proclamation	5
gain	1
ragged	4
dreaded	2
glasshouse	1
room	18
wild	2
for	274
medal	1
steamer	5
calmness	1
fewer	1
discussed	1
judas	1
delight	3
add	1
ministry	1
clouds	1
shop	2
wet	2
good	41
patois	1
crash	2
rides	1
astonished	2
andrews	1
pain	3
thrown	3
duties	2
tea	9
considerably	1
wherever	3
issimos	1
witnessed	2
analogies	1
newly	1
obedient	1
reads	2
agitating	1
inspired	1
there	102
foresee	3
raining	2
creative	3
literally	1
comment	1
scene	9
m	10
browed	1
authoress	1
fact	10
gloriously	1
compelling	1
represses	1
chowder	1
hôtel	1
thou	1
truthfulness	1
honest	2
nobly	1
paralysis	1
feast	1
timber	1
struck	9
lifelong	1
commemorative	1
travels	1
suppose	5
clerical	1
morning	32
readers	4
pierce	1
bottom	1
platform	2
sculptor	1
rolled	2
expectation	2
fibre	2
prophets	1
turned	7
waves	1
gay	2
magazine	2
habit	3
though	15
ready	2
baker	1
magicians	1
status	1
strongest	1
cosmopolitanism	1
dictated	1
aged	1
confederate	2
pope	3
spaniards	1
tame	1
paper	6
unwilling	1
exhorted	1
helps	2
increasing	1
propernoun	69
noisy	1
veil	4
modestly	1
sits	1
thundering	1
safe	7
facts	2
public	2
finds	2
along	5
views	3
cook	1
afterwards	5
similar	5
seas	2
imperfection	1
again	20
cheers	1
stay	4
attack	3
important	6
parliament	1
pious	3
la	3
wind	1
behaviour	1
pierced	2
silently	3
meantime	1
papacy	1
wise	3
monumental	1
disgrace	1
dwell	2
expression	9
american	13
suitable	1
report	1
retires	1
jabbered	1
scudder	3
accord	2
case	4
freshman	1
she	103
grosvenor	2
kinds	1
quill	1
weeping	2
several	4
turning	2
seen	15
occupied	4
purely	3
beats	2
novels	3
apron	2
events	2
enchanting	1
practising	1
secure	3
cabin	9
rooms	9
pass	7
deer	1
agonising	1
shutting	1
string	1
ringing	1
devotion	1
twinkling	1
compromise	1
extremes	1
hung	2
reason	2
temporals	1
admiringly	1
did	33
obligations	1
women	15
believe	20
commands	1
put	10
stow	99
lowered	1
faults	1
shoes	1
develop	3
preparations	1
sweetest	1
aided	1
progress	1
look	16
accessories	1
primitive	1
truths	2
sell	2
believer	1
evangelical	2
rather	8
trusting	1
lounges	1
executive	1
pasture	1
female	1
champs	1
bouquet	2
instance	1
vibration	1
terrific	1
misconceptions	1
plastic	1
perished	1
explore	1
final	1
twenty-four	1
velvet	2
civilization	3
slender	3
supper	2
outline	1
feels	4
business	4
involves	1
corbies	2
pleased	3
organs	1
presented	4
stopped	7
poured	2
truly	4
beauty	8
invaded	1
coachman	1
rode	4
clamorous	1
raised	2
civilised	1
name	7
november	6
issuing	2
response	1
infinite	2
partaking	1
insurrection	2
hanover	3
tariff	1
da	1
would	74
leads	2
twenty-one	1
smoking	1
awake	1
across	8
either	7
sacrifice	2
motherly	1
fame	3
advantage	2
studying	3
witness	1
sensibly	1
fortescue	2
don	1
browning	6
passover	1
cheer	1
successes	2
cervantes	1
psalm	1
visible	1
lose	2
eighty	1
twigs	1
congratulated	2
rival	1
they	115
humbly	1
haphazard	1
genuine	1
tenants	3
founded	1
crimson	2
allow	4
depend	3
few	15
antithesis	1
ring	3
earliest	1
drowned	2
spruces	1
simplicity	1
disdainful	1
circles	2
deeper	4
following	21
account	5
glorious	7
innocent	1
next	22
appear	4
tour	4
club	3
gospel	3
rumbled	1
misunderstood	1
alleviation	1
extension	1
spiritualists	1
easy	7
relatively	1
handed	4
question	4
circle	2
dripping	1
occupies	1
objectionable	1
flaming	1
received	15
fall	7
merciful	1
discovers	1
correct	2
coarse	1
venner	1
repeated	1
continued	2
chapman	3
circulated	1
money	4
uncertain	1
commendations	1
iron	3
hammer	2
belonged	1
else	7
groanings	1
action	1
waiting	9
refreshing	1
kilkenny	1
unless	1
gaskell	3
invariably	2
strange	10
tomb	1
yourselves	1
drum	2
anxious	3
location	1
reflect	2
decorating	1
mill	2
spirit	19
iceberg	3
mourners	1
college	5
pulpit	1
beggars	1
entertain	2
parian	1
courses	1
rushing	2
cabinet	2
apologising	1
organ	3
rule	2
yellow	1
does	8
farewell	2
greetings	1
african	3
classes	1
individuality	1
tired	5
mrs	108
mouth	1
restoring	1
thus	12
incapacity	1
unrevealed	1
drilled	1
believed	1
oratoire	1
knock	1
acquainted	2
apparently	1
somebody	3
uncle	19
respect	4
as	297
senator	1
abused	1
rolls	1
arrangements	5
ceremony	1
eagerness	1
fulton	1
destiny	1
packed	1
led	4
cooler	1
visiting	5
papa	11
nothing	23
mighty	1
marseillaise	1
palæozoic	1
won	1
republic	3
passages	1
mourned	1
stick	2
animals	1
beneficial	1
sought	1
prayers	3
sweetness	1
seem	12
representation	2
gave	9
adding	1
song	1
horrid	1
four	14
piece	2
frozen	1
everybody	9
pounding	1
pitcher	1
loosens	1
cornerstone	1
horror	2
angels	1
servant	2
noblest	2
shops	1
happy	10
reticences	1
english	30
landau	1
ever	50
perception	2
genius	15
historian	1
novelists	1
advance	3
eye	2
waited	2
island	8
openly	1
devotedly	1
assert	1
mistake	3
instinct	3
property	1
reliable	1
bred	2
jointed	1
unwise	1
industry	1
here	60
forasmuch	1
unite	1
happier	2
theological	2
doubted	1
occupy	1
mob	1
cry	1
rectory	1
thousand	11
shall	31
support	3
bible	5
resent	1
army	9
strength	4
heavens	1
cinders	1
judgement	2
nearness	1
homelike	3
sees	2
neat	1
smiling	1
thrust	1
workers	1
starting	3
fearfully	1
rotten	1
description	3
answered	4
leaves	2
wound	3
pathetic	1
faint	1
uneventfully	1
plainer	2
gondola	1
screamed	1
sculptress	1
cunning	1
buckles	1
formalists	1
hurry	1
besides	2
variation	1
handsome	2
scenes	6
colonies	1
border	2
humid	1
performances	1
commonwealth	1
excitable	1
statute	1
lonely	2
her	162
under	24
travelling	5
move	3
guttapercha	1
novelist	3
flounced	1
fakir	1
vivacious	1
writing	13
lesson	4
effects	3
gospels	1
submissive	1
instead	2
influence	1
sailed	6
vellum	1
capacity	3
gratitude	1
universal	3
thought	24
cane	1
expanded	1
federal	2
educating	1
garrison	2
intellect	1
could	70
large	10
dogmatic	1
self	6
miracles	1
weaker	1
prematurely	1
returning	2
stupid	2
declined	1
thumped	1
yearnings	1
draws	1
nobility	1
sat	8
civil	4
duchess	24
haven't	1
dred	28
hall	6
lane	1
joyous	2
wholly	3
strings	1
union	8
politically	1
pride	1
prophet	1
abominable	1
solution	1
buds	1
photograph	1
liberated	1
bristling	1
chair	1
faces	2
throw	3
cameos	1
supply	1
places	3
emperor	1
suited	1
through	29
floor	4
drawn	6
awaiting	5
unexpectedly	1
storm	5
aim	2
nineteenth	2
bend	1
simeon	2
banners	1
window	1
glauber	1
volunteers	3
international	1
bit	4
avow	1
against	9
provoked	2
volley	1
viscountess	2
especially	3
quieter	1
berth	2
morbific	1
resolved	2
every	39
oban	1
statements	1
regarding	1
mastery	1
owed	1
sorts	2
bears	2
ark	1
spanish	1
continuance	2
puts	2
staffa	1
now	55
decent	1
ones	4
heaven	6
inhabitant	1
sulphur	2
tranquilly	1
forms	3
of	1220
inquiries	1
inconsistent	1
routine	1
gift	1
removed	1
ranks	1
intensest	1
filled	5
office	2
avoid	2
thin	1
detriment	1
flattering	1
hers	1
north	6
gifted	1
forgave	1
unable	1
underworld	1
suite	1
questions	2
belle	1
pair	2
adventurous	1
pledged	1
drink	1
runner	1
observe	4
mourning	1
publishers	3
weak	6
sophistical	1
skin	1
i	594
wearing	1
which	193
discouraged	1
mere	4
garden	4
judging	1
arisen	1
developed	1
affliction	4
glad	17
train	7
resources	1
gaslight	1
reference	1
settling	1
sweet	2
treacherous	1
flower	3
twenty-fifth	1
broader	1
perfection	1
compliment	1
fortunately	1
sewing	1
fancy	3
length	1
give	19
ye	1
incident	2
hesitated	1
congratulate	2
subjects	3
students	1
syllogisms	1
engravings	1
plaid	1
sold	3
seats	2
comforted	2
waters	1
amount	1
correspondent	1
intimation	1
advantageously	1
eliot	1
abbot	1
bait	1
inevitably	1
glances	1
pearl	5
waspish	1
material	3
outside	1
dashed	2
rising	1
confidently	1
eve	1
n	1
overwhelming	1
woman	15
unbeliever	1
mattress	1
organised	2
seward	1
kitten	2
august	10
below	3
pit	2
puritanism	1
meditate	1
interests	2
festival	1
forward	1
graciously	1
disposing	1
generous	5
probation	2
hurt	1
delay	3
whither	2
moniteur	1
bright	5
graveyard	1
millais	1
martineau	4
girlhood	1
begins	1
possessed	4
citizens	1
low	9
latter	8
connect	1
printed	2
progressing	1
on	212
confederation	1
sick	2
studies	5
jugglery	1
weave	1
judicial	1
policy	1
heaps	1
us	135
day	54
recognised	1
whereat	1
marriage	1
inconceivable	3
selling	3
cars	5
eclipse	1
names	9
loyal	1
war	12
nat	1
shivering	1
walls	3
grieve	1
girl	5
enormous	1
rare	3
application	1
come	45
problem	1
quiet	9
writes	17
go	44
ouvriers	2
substantial	1
brush	1
command	5
wigs	1
undertake	1
formation	2
profit	1
dress	4
watching	5
author	5
sociable	1
promenade	1
earth	3
any	52
sampson	3
creatures	1
calvinism	1
six	2
suggest	1
glories	1
clogged	1
reply	6
brightest	1
naïve	1
temporal	1
catacombs	1
sons	2
fitzhugh	1
intensity	1
wearied	1
stones	2
vases	1
firm	2
boats	1
rent	1
literature	5
dumb	1
no	91
apprehension	1
alien	1
rank	2
clash	1
formalities	1
signs	1
cooper	1
deliberate	1
knight	1
humble	1
toothache	1
glance	1
schoolhouses	1
accidental	1
recall	1
imperative	1
satisfaction	1
directly	5
national	7
appearance	1
gone	7
longer	1
hunger	1
windham	1
weaned	1
effect	5
ordinary	4
expect	6
rocky	1
infliction	1
9th	5
persuade	1
rules	1
heathenisms	1
satisfied	2
government	6
beholds	1
quickly	2
corrupting	1
raved	1
measures	1
indebted	1
writer	4
history	7
authorship	1
choked	1
thank	8
starlight	1
helpless	1
drawing-room	3
eagle	2
plain	2
same	19
significant	1
opportunity	1
prevailing	1
thriving	1
compassion	1
exclaimed	1
september	10
brain	4
fugitive	6
farmers	1
sigh	4
watches	2
confided	2
procure	1
salt	1
oldest	3
bless	5
abolitionists	1
those	27
responsibility	2
oppressions	1
shocked	1
frightful	1
top	4
scheherazade	1
document	1
strict	1
sister	13
fish	1
imagination	2
implication	2
becomes	3
traitor	1
steeper	3
simple	4
branches	1
softly	1
legs	1
achieved	1
o	1
passports	2
republican	2
barbarities	2
fatigues	1
unselfish	1
madam	1
delightfully	1
forecast	1
expectancy	1
deputed	1
canvassed	1
farther	3
ocean	3
out	64
furnace	3
alas	3
grades	1
poetical	1
ceases	1
trees	3
ill-gotten	1
antony	1
temperate	1
sources	3
ill	5
death	6
bearing	2
begged	3
occurrence	1
news	5
let	19
clever	2
possesses	1
figures	1
unquestioning	1
disregards	1
years	18
corrigible	1
ascend	1
serves	1
hearts	6
deserves	2
quote	1
positiveness	1
novel	7
possessing	1
gardener	2
anniversary	2
gallery	3
inhospitable	1
remark	1
frightened	1
leafless	1
keep	8
price	1
misrepresented	1
spiritualism	7
haversack	2
interruption	1
sorrowful	1
trying	1
progressed	1
crying	1
photographs	1
vigorously	1
designated	1
confederacy	4
inside	3
infernal	1
protestant	3
descended	1
planted	2
god	32
middle	3
abolished	3
mirror	1
loose	1
mode	2
positions	1
previous	1
easier	1
wife	18
seclusion	1
reverence	1
around	9
much	58
yearn	1
constant	3
tried	5
practical	1
remonstrance	2
separate	4
future	5
our	146
thereby	1
frantic	1
boardinghouse	1
late	7
discovered	2
consideration	1
trusted	4
mind	21
benediction	1
taxes	1
spite	3
deserted	1
arm	2
opened	4
qualities	1
managed	3
running	2
bookcases	1
its	40
actors	1
favourable	2
conventional	2
institution	1
aunt	2
considerations	1
unfavourably	1
waning	1
referred	2
brass	3
prosperity	1
black	13
playing	1
scarcely	1
loves	2
liberating	1
ports	1
increased	1
incidents	1
promise	2
loved	9
relieving	1
covered	3
splendidly	1
forth	3
imposing	1
tangible	1
outbreak	1
jobs	1
imitation	1
ardent	1
sightseeing	1
dreading	1
saved	1
convinced	3
indignant	2
highest	4
striking	1
terrible	7
morals	1
corn	1
frock	1
force	5
j	5
been	106
designed	1
lineage	1
eternity	1
florence	7
redeem	1
endless	1
tempted	1
pressing	2
volunteer	1
inspiriting	1
wears	1
prays	1
swiss	1
birds	1
completion	1
common-sense	1
houses	1
appreciates	1
tell	15
compel	1
treasures	1
northern	2
bitterness	2
barbarians	1
excused	1
note	6
costumes	1
gladly	2
flocks	1
connived	1
elsewhere	1
leading	4
folks	1
lonesome	1
prows	1
contravention	1
treaty	1
sixty	1
entirely	3
sword	2
longs	1
sir	4
begin	2
port	3
masters	4
revolution	1
run	2
beetle	2
intimacy	1
misery	2
abuses	1
buy	3
sous	1
uninteresting	1
extended	2
stairway	1
kept	6
tory	1
wealth	2
contrary	1
community	2
assertion	1
or	80
pending	1
thunderstorm	4
adams	1
began	7
page	2
battered	1
navy	2
fragments	2
robs	1
mosquitoes	1
remarkable	5
son	19
seated	2
tested	1
refreshments	1
irrational	1
entertained	1
attacked	1
refusing	1
preparation	2
commingling	1
griefs	1
commence	1
cavalry	1
nevertheless	1
justice	2
picnic	1
approve	1
ropy	1
perpetrated	1
throne	2
urging	1
colour	1
imprint	1
happens	1
residence	2
columns	1
francisco	1
ponder	2
cowley	2
october	8
fiction	3
impertinent	1
newspapers	5
lively	1
persons	2
uncertainties	1
noise	2
reaches	2
light	7
stirred	1
familiarity	1
vessels	1
encroachments	1
failed	1
undercurrent	1
pursuing	1
active	1
ascertained	1
flight	2
sorry	5
anon	1
inquire	1
tempers	1
trampling	1
verbatim	1
slept	3
physical	1
beside	3
rod	1
farmhouse	1
glen	1
duchesses	1
delivered	3
carrying	1
warning	3
contended	1
proverb	1
earnest	6
facilitates	1
astonishment	1
secretary	1
hoped	1
wisely	1
divide	1
haired	2
evidently	4
different	5
classmates	2
used	3
glittering	1
repealed	2
stained	1
feasts	1
dawns	1
cake	1
remembrances	1
valet	1
gaelic	1
roundhead	1
laws	3
must	47
defiled	1
christian	15
depth	1
hyper	1
chambers	1
shocking	1
goings	1
rev	2
overthrowing	1
topic	1
sends	3
dish	1
merely	1
spending	2
officiates	1
crooked	1
pliant	1
monthly	4
meek	1
countrywomen	1
strictly	1
handwriting	1
politics	1
destroyed	2
convicting	1
time	69
vere	1
passed	9
sofa	2
bravissima	1
ideas	2
mother	22
faculty	3
telegram	1
breath	3
characteristic	1
copyright	1
loss	5
railways	1
dead	7
judge	1
communion	2
prayer	4
lowly	1
knee	1
bound	1
enslavement	1
week	17
nouveau	1
entertaining	2
merry	2
dreadful	5
neatly	1
degrees	1
vassal	1
scattering	1
fervour	1
bade	1
fill	1
articles	2
chiefest	1
indeed	7
bedrooms	1
completed	3
perform	1
rebuke	1
naturalism	1
overjoyed	1
each	11
usually	1
species	2
conversed	2
minutely	1
sympathetic	2
cathedral	3
unseen	2
authors	1
mend	1
start	4
sheep	1
scenery	4
cause	12
ample	1
mantel	1
try	9
bathing	2
study	6
nail	1
almighty	1
1st	2
obliteration	1
whirl	1
represent	2
cousin	1
mention	1
beetles	1
life	40
paget	1
hatherton	1
belief	2
further	2
lancashire	1
ambassadors	1
preferred	2
commonalty	1
companies	1
december	3
creation	1
reward	1
fry	1
eager	2
old	38
various	4
exists	1
criticism	3
perspective	1
packages	1
granted	1
operations	1
marks	1
declares	1
cruelly	1
fence	1
browned	1
rested	1
talk	7
structure	1
defiance	1
anywhere	2
mysteries	1
cloudy	1
leisurely	3
accommodations	1
independence	3
complete	4
revolts	1
immortal	2
highlands	2
legacy	1
accompanied	5
weird	1
claims	1
needs	1
drawings	1
informed	3
suggested	5
coal	3
yours	24
mcclellan	3
challis	1
certain	6
habits	1
wounded	1
blossoms	2
instituted	2
incitement	1
roots	1
ancestors	1
uncertainty	3
goes	5
formalism	2
beds	1
exorcism	1
pushing	2
slight	1
naturally	6
conflicting	1
vast	4
throws	1
cropper	1
prejudices	1
slain	1
meant	4
capital	2
actually	2
promptly	1
secretly	1
first	51
british	11
sin	5
connexions	1
pagan	1
moss	1
hasheesh	1
camp	3
weakness	5
tool	1
indian	1
toned	1
diminution	1
king	3
pursued	1
became	5
washerwoman	1
comfortable	4
ruined	1
fingers	1
signatures	4
prayed	2
palace	2
destroy	2
midst	6
private	1
altogether	2
elgin	2
oranges	1
dwells	1
disinterestedness	1
recognition	1
brother-in-law	1
strong	11
priest	1
theologian	1
felt	11
countess	5
bay	1
ladder	1
namely	1
gobat	1
horn	1
tag	2
touching	5
cup	3
complain	2
shiftlessness	1
nurse	1
couldn't	2
toward	2
posterity	1
materials	2
religious	9
contest	1
oddities	1
fast	1
knocked	1
scare	1
arranged	3
ourselves	8
mingled	1
gets	1
remained	2
smothering	2
churches	2
utter	2
enemy	1
finding	1
skulls	1
attention	3
dumbness	1
artificial	1
ranges	1
stairs	3
selfish	1
pleasantest	1
form	8
friday	2
bondage	1
nieces	2
frighten	1
materialism	2
traits	1
sultry	2
lying	3
wakefield	1
peace	1
higher	4
conscientious	2
over	37
cleared	1
communication	1
readily	1
friends	20
conclusions	2
view	6
difficulties	1
neutrality	1
estate	4
enjoying	1
pencil	1
season	2
maid	1
flowers	5
complicity	1
presuming	1
well-to-do	1
and	1249
vacillating	1
whether	7
egress	1
lest	1
split	1
thirty-nine	1
course	5
hottest	1
standing	5
sorrows	3
offered	1
obtained	1
folded	2
oppressed	1
conceived	1
innermost	1
hardly	1
coincidently	1
religion	8
appreciate	2
soothe	1
ambleside	1
mistaken	2
devoted	1
unendurable	1
g	3
eking	1
daughters	15
recollection	2
darkness	1
gondolas	2
chapters	1
upstairs	1
aristocracy	2
waving	1
lighter	1
lifeblood	1
other	43
almost	11
consequences	1
tyrannical	1
behalf	1
telescope	1
fitted	1
trade	3
predicted	1
thursday	2
treatment	2
lucidly	1
thanksgivings	1
poet	1
copies	1
diamonds	1
books	6
energy	2
flock	1
henceforth	1
hurrying	1
liveried	1
bower	1
emancipated	1
puritan	1
ruthven	2
humanity	3
egotism	1
remedies	1
ideal	4
filling	2
plantation	3
reassured	1
damp	1
suddenly	3
carpet	1
wore	2
current	1
able	6
local	3
freedom	6
paddle	2
green	3
entrapped	1
finally	10
argument	1
hearted	3
elaborate	1
breeze	1
justified	1
vesuvius	5
silent	6
waste	1
reminded	1
illuminated	1
des	2
cards	1
neapolitans	1
played	2
moralist	1
another	22
scotch	2
tide	1
hasty	1
sake	2
exotic	1
aesthetic	1
retribution	1
stronger	2
apply	1
love	31
absorbed	1
flashes	1
nearly	7
humour	2
signora	1
manhood	1
table	8
pirouetting	1
poems	2
unmoved	1
stains	1
spoke	4
spirited	1
got	19
labour	3
whatever	9
consoling	1
stared	1
tracks	2
lives	1
married	1
freely	2
turner	2
caledonian	2
territorial	1
thanks	1
appreciated	1
tears	4
ordinances	1
crossing	1
say	35
comparison	1
longfellow	1
convicted	2
equally	5
resting	1
connexion	2
trading	1
traditional	1
occasion	3
even	26
fortune	1
subtle	1
solicitude	1
crucifixion	2
growing	2
peaceable	2
comforts	2
hour	12
an	88
establish	1
democracy	1
await	1
amalfi	1
warwick	3
proving	1
scale	3
thickness	1
showed	4
overcoats	1
expressions	1
closing	1
holding	2
stories	4
wits	1
acting	1
am	67
accordance	1
greek	1
bold	1
prisoner	1
situation	1
high	7
bitter	4
troubled	1
imagine	2
picturesque	2
cotton	1
edition	2
independent	3
dispatches	1
austrians	1
creeps	1
furled	1
kindest	1
bologna	1
member	5
blot	1
afflict	1
comprehended	1
remembered	5
formerly	3
left	18
personally	1
adieu	1
amid	4
asserted	1
chief	4
classic	1
rend	1
graceful	1
manly	2
relics	1
innocence	1
ranted	1
seize	2
drifting	1
wouldn't	1
supposed	4
implore	1
sensibilities	1
mate	1
maintained	1
ladies	9
acceptance	1
shame	2
brown	5
exertion	1
applied	1
hint	1
handling	1
unconscious	2
conceptive	1
longing	3
two	53
autographs	1
apostles	2
escutcheon	1
missed	1
tilton	1
later	2
mailed	1
decline	1
lately	1
revived	2
comments	1
clad	1
street	3
off	22
visitors	1
logic	2
lie	4
beyond	5
displayed	1
performs	1
pained	1
havre	1
doesn't	3
rush	2
three	14
sheet	1
decisive	1
statesmen	1
splendid	6
heartiest	1
acquaintance	2
consummated	1
packet	1
permit	1
cried	1
solved	1
spitzbergen	1
enables	1
bewilder	1
shalt	1
brother	3
requirements	2
narrow	2
lies	1
lamb	1
risk	1
horses	9
coast	2
florentine	2
watch	1
rascally	2
vague	1
reminding	1
rhymes	1
hired	1
studio	1
palters	1
pinks	1
verse	1
showered	1
ungenerous	1
peculiarities	3
ordeal	1
shut	2
pirate	2
desire	2
obtruded	1
goods	1
knowing	2
keeps	2
rhythmical	1
blanket	1
fissure	1
upon	31
ended	2
followers	1
commotion	1
resembling	1
emancipate	2
offer	2
indispensable	1
chaplain	3
single	1
equals	1
immense	2
barbarous	1
powerful	3
throwing	2
feasibility	1
blossom	1
laughed	3
administration	4
inner	2
distinctions	1
parlour	9
ashes	1
italian	7
forever	7
tracts	1
teakettle	1
letter	47
finances	1
entire	2
parts	7
misses	1
warmth	1
family	15
easily	3
master	2
get	28
charmingly	1
brief	1
died	4
coolly	1
anybody	6
dates	1
starvation	2
full	22
fallen	3
kissing	1
contained	2
homeward	2
sparkling	1
demoralisation	1
consecrated	1
failure	1
remain	3
new	40
shifts	1
shipwreck	1
address	9
foundations	1
shades	2
broad	1
lain	1
flickering	1
red	2
preaching	4
sudden	2
compensation	3
sympathy	12
stem	1
aristocratic	2
streets	4
interlacing	1
nicely	1
victor	2
lightly	2
excluded	1
philosophers	1
nails	2
thorough	1
answering	1
kissed	4
guides	1
ti	1
tragic	1
crown	1
steamed	1
salôns	1
treasure	2
many	36
wherein	1
sensible	3
empowered	1
station	12
engagements	1
conclusion	1
consenting	1
railway	1
rapidly	2
dishonour	1
monday	1
outriders	2
dear	68
triumphs	2
whole	18
shadow	2
factories	1
recklessly	1
baroness	2
activity	1
after	72
cheerfulness	1
voyage	5
commonly	2
meetings	2
twelve	2
afflicted	1
mature	1
police	1
verses	1
subscribed	1
portrait	1
fatal	2
greatness	1
because	16
furnish	1
opposites	1
colleges	4
knapsack	2
resolutions	1
immediately	7
list	1
stood	11
personality	1
stanzas	1
pleasure	7
ascent	5
send	13
defect	1
we	364
yachting	1
zealous	3
hearthstones	1
worth	4
prove	3
stands	7
grotto	1
effort	2
mastodon	1
passions	2
sincere	5
jewel	1
toot	1
hopeless	1
mental	1
incessant	1
utterance	1
twenty-fourth	1
ménage	1
gruel	1
interdicted	1
written	26
minister	25
irish	1
territories	5
friendly	1
properly	1
medical	1
concerned	3
happily	1
matters	5
bass	1
manifestations	2
stoke	2
demonstrate	1
weary	9
sparingly	1
busiest	1
indies	1
dies	1
belonging	1
vagueness	1
fain	1
proof	3
band	2
parents	2
june	9
wooing	19
preface	1
whistlings	1
faintness	1
stairways	1
relation	1
discomfort	1
defenders	1
ought	10
flagellations	1
jollification	1
conducting	1
admiration	2
prefer	1
shows	1
evolved	1
dialectics	1
touched	2
churchyard	1
receipt	1
violent	1
lightest	1
promising	1
eaten	1
doubts	1
steady	2
chattered	1
evaporated	1
quality	1
enthusiasm	1
receiving	1
him	90
calvary	1
dry	2
profession	1
broadside	1
mysteriously	1
quick	3
enjoyed	3
truer	2
aloof	1
editor	1
answer	7
conditions	2
kingsley	6
body	7
affecting	1
useless	2
cool	1
donkeys	2
provided	2
attentive	1
some	45
removal	1
plunged	1
bread	2
pays	1
corruption	2
violets	1
confidence	3
publish	1
bunsen	2
howards	1
abroad	2
chillon	2
bunker	1
gather	1
grown	2
realities	1
unwell	2
sentimental	1
products	1
delivering	1
witnesses	1
sheriff	1
decreed	1
gradually	5
confident	1
you	296
grating	1
containing	1
concerning	5
revelation	3
careless	1
fighting	5
washing	1
country	10
worse	3
ravings	1
kentish	1
hesitance	1
beaten	1
associations	1
hack	1
likes	2
blame	1
clothed	1
immortality	1
precision	1
forced	2
amiens	1
remarked	1
misinformation	1
subsequent	1
rich	2
coughing	1
pa	1
docility	1
pay	4
melodramatic	1
tongue	1
offending	1
social	7
sober	1
emancipation	8
guilty	1
roll	2
developing	1
baptist	1
improvements	1
soliciting	1
happiest	1
chosen	1
hawthorne	3
moments	2
fierce	1
sooner	3
president	6
unkind	2
neck	1
reverential	1
particulars	1
embrace	1
audience	1
spoken	2
pattern	2
undertone	1
design	1
landed	1
tuileries	1
forwarded	1
piety	1
lifeless	1
illustrated	1
disposition	2
inversion	1
restore	1
joined	3
opinion	3
show	10
homely	1
ours	5
ruffle	1
live	6
caps	1
urge	1
persisted	1
bud	1
sprung	1
finely	1
poor	14
mystery	2
successfully	1
congenial	2
hocussed	1
moreover	1
dale	1
die	4
solemn	4
cast	2
mattresses	1
sort	10
display	1
belongs	1
ministerial	1
slumbering	1
face	6
devil	5
carries	1
recalled	1
wasn't	1
lovelier	2
eloquent	1
weepers	1
teach	2
rupture	1
officer	4
hangs	2
said	46
professor	9
july	4
proved	3
sailors	1
confiscation	1
romantic	1
fully	7
appeared	5
resolute	1
st	6
ditch	1
entreat	1
twenty-six	1
dialect	1
gatherings	1
editorial	2
bed	6
hands	12
at	209
extra	1
darts	1
distressed	1
san	1
groves	1
break	2
edifice	1
elements	1
wipe	2
royal	2
denunciation	1
gondoliers	1
advanced	1
lachryma	1
organic	1
shouting	1
alliance	3
finest	2
hooker	2
stout	2
class	6
attempting	1
dressed	3
rods	1
resigning	1
duty	6
intent	1
uniform	1
grey	5
grapes	1
sod	1
engaged	2
lover	1
stages	1
notion	3
why	11
none	4
leaf	3
joy	3
darlings	1
persistence	1
midnight	2
sure	21
bravery	1
overcome	1
wandering	2
personal	2
violation	1
experience	2
redeeming	1
ship	4
plan	2
acknowledge	2
lean	2
savage	1
penetrating	1
attends	1
sadness	2
leghorn	4
wake	1
pressed	1
exposing	1
park	6
shuts	1
noon	2
recover	1
graves	1
tread	2
unfinished	1
lausanne	4
value	4
courage	6
visit	16
tops	1
megalosaurians	1
sweeping	1
croppers	1
flickered	1
ease	1
slow	2
swayed	1
upward	1
redolent	1
tenement	1
inheritance	1
redeemed	3
deals	1
defending	2
erected	2
familiar	1
torrents	1
respects	3
conception	3
bubbles	1
stammers	1
performed	1
singularly	1
cortége	1
wednesday	1
defer	2
perfected	1
barbaric	1
blinded	1
bones	1
forbade	1
without	22
entering	1
nights	1
clansman	1
buxton	2
ducie	1
queen	15
flees	1
foot	2
unrighteousness	1
faltering	1
consequence	2
natural	10
canvas	2
symptoms	1
accept	2
messenger	1
collars	1
saws	1
adulterated	1
captain	2
pledging	1
servants	2
souls	1
wine	2
pry	1
brigadier-general	2
ways	4
followed	9
chant	1
thrilling	1
mercy	1
forgive	3
sparks	1
celebrated	1
impropriety	1
productive	1
main	1
suppression	1
gusto	1
smiled	1
efforts	3
dissolved	1
earnestness	3
date	8
contrasts	1
cheeks	1
what	82
mayor	1
cancer	1
argyll	6
grand	12
stiffened	1
refused	1
regiment	8
peculiar	8
bring	5
demolished	1
shipboard	1
range	1
vividly	2
admit	2
declaration	2
aforesaid	1
heroine	1
world	32
practised	1
clothes	1
snowbank	1
short	7
fits	2
rumbling	2
vecchia	2
lecturing	1
wisest	2
intending	1
saloon	1
type	1
ferry	2
strangers	2
speech	5
narrowed	1
introduced	3
unbroken	1
search	2
struggle	7
leman	1
robbery	1
thoughts	5
admission	1
promised	1
archbishop	1
i'm	3
harder	1
weather	5
testers	2
encamped	1
blew	1
deny	1
employed	2
prestige	1
gates	1
child	5
exaggeration	1
showers	1
favour	1
remembrance	1
artistic	2
strikes	2
edged	2
funereal	1
alive	2
can't	10
preach	1
remove	2
sustain	1
returned	9
crashing	1
forbidden	1
fair	3
rejoice	1
hope	16
disadvantages	1
scarred	1
plants	1
apart	1
swallowed	2
due	1
examples	1
mixture	1
jubilee	1
trials	2
les	1
forgotten	1
desires	1
results	3
seeming	2
distress	2
effusion	1
courier	1
firmly	2
hole	1
steel	1
sprang	2
arabic4digit	52
cats	1
speculations	1
mood	1
heads	1
lord	18
sanded	1
publication	3
cross	2
stealing	1
these	36
hath	3
obtaining	1
previously	1
chapter	7
depot	1
highly	3
most	47
rebellious	1
inn	1
soldiers	9
flocking	1
horizon	1
rouse	1
broke	1
dartmouth	2
bank	1
tending	1
heavy	6
hat	1
all	192
perusal	1
singular	3
ino	2
creed	4
may	45
firs	1
sincerity	1
madame	7
windsor	4
act	6
pleasures	2
saints	1
valuable	3
dearer	3
unsuitable	1
assume	2
tomorrow	7
stare	1
buried	1
protection	1
surface	1
juxtaposition	1
society	15
absent	1
distinct	1
fielding	3
particularly	6
inscribed	2
boating	2
funeral	1
heartbeat	1
competent	1
applause	1
daily	5
sail	2
manifestation	1
threw	1
deceivableness	1
seal	1
pauper	1
exceptional	1
somewhat	2
importance	1
preliminaries	1
captured	1
slaveholders	3
stipulation	1
dozen	1
lack	1
unique	1
edge	1
choose	1
rapture	1
tactics	1
planned	1
information	1
conscientiousness	1
inkstand	1
evils	1
dazzling	1
medically	1
kind	12
efface	1
considerate	1
walking	2
attended	1
turns	1
thenceforth	1
custom	1
brilliant	5
might	17
reproduce	1
finger	1
he	182
idyl	1
clarke	1
extensive	1
porters	1
rights	3
shores	3
road	3
heroic	1
wanted	10
