inspired	6
there	10
persuaded	3
hear	3
natural	4
truth	3
scene	4
becomes	2
browed	1
predominant	1
bride	1
accompany	2
difficulty	5
tell	3
honest	2
knock	1
origin	1
understand	1
star	1
sweetness	1
who	21
studiously	1
recollect	1
prudence	1
age	1
visits	6
established	1
morning	1
spurned	1
imagination	4
chaos	1
once	4
rolled	2
willow	1
circumstances	3
to	403
circumstance	2
bear	3
fondness	3
tones	1
hymn	1
known	8
waves	1
pernicious	1
damsel	1
replied	2
interest	2
though	17
ready	1
chosen	1
letter	2
it	106
deathlike	1
fury	1
tis	6
strongest	1
sit	2
pour	1
confined	2
you	116
oh	12
moved	1
spaniards	1
tame	1
dead	2
researches	1
delight	5
avidity	2
already	8
veil	2
neither	3
melodious	1
inspection	1
rivulet	1
caught	1
assumed	1
taints	1
expressions	2
fires	1
public	1
unwearied	1
terrified	1
follies	1
subjected	1
views	1
prevail	1
arrival	1
chillness	1
find	3
again	8
stay	2
stanzas	1
reclined	1
neck	1
agree	1
ankles	1
ambrosio	41
heaved	1
have	63
peaceful	1
this	49
sole	2
itself	6
infusing	1
ascended	2
curiosity	6
statue	2
conscience	1
indifference	3
somehow	1
streams	1
report	2
buried	2
transports	2
however	4
champion	1
raise	1
she	164
urgent	1
fangs	1
ardour	1
several	2
eternal	2
impossible	4
direction	1
towards	5
licentious	1
dark	4
close	1
things	1
consider	1
enchanting	3
dare	5
secure	5
proves	2
sad	1
mi	1
contours	1
contempt	1
inspire	5
recommended	2
shop	1
perfectly	4
excepted	2
fastened	4
father	5
shun	3
melted	1
laid	1
inducing	1
columns	2
anxieties	1
did	6
exchanged	1
explained	1
behind	1
women	3
tranquil	3
put	7
lurk	1
despair	3
piety	2
nay	3
fervour	1
head	7
walked	1
effaced	1
disordered	2
look	5
complied	2
insensibly	1
launched	1
rather	2
obscurity	3
female	2
obliged	6
holy	1
instance	1
knows	1
more	23
seat	1
ropy	1
replaced	2
shall	7
petition	2
prejudiced	2
indies	1
chamber	9
feels	1
infant	3
business	2
pleased	3
entered	4
within	1
presented	7
stopped	3
person	7
worlds	1
caverns	1
beauty	5
rely	1
realised	1
lascivious	1
gazed	1
raised	2
physician	1
into	23
sculls	1
gives	1
name	4
pardon	2
infinite	2
additional	1
among	3
perhaps	1
liberties	1
insisted	1
agents	1
discovery	1
see	9
either	5
sacrifice	2
forsaken	1
sinner	1
commission	1
sex	2
don	3
rang	1
banks	1
arguments	1
personalname	156
armchair	1
distinguished	4
honour	1
lose	1
skies	1
number	1
ago	1
they	25
resign	2
capuchins	1
sciences	1
sprung	1
conducted	3
title	1
allow	1
up	12
exalt	1
betrayed	1
purity	2
apartment	3
possess	3
darkness	3
sincerely	1
puerile	1
simplicity	2
comfort	7
violently	1
deeper	1
logician	1
persuasive	1
object	3
harmonious	1
injunctions	1
innocent	5
unblest	1
penitents	1
appear	1
affections	3
necessary	1
proceeded	2
interrupt	1
building	1
myrtle	5
forces	1
shrink	1
beautiful	2
from	66
serving	1
chains	2
like	4
danced	1
sure	1
benefits	1
question	1
where	6
design	3
unrestricted	1
sentiments	4
received	6
villa	1
blessing	1
correct	1
given	2
repeated	6
bosom	13
remained	2
unoccupied	2
supplied	1
shoulder	1
lessons	2
a	177
charity	2
rent	1
placed	3
else	3
injustice	1
properties	1
opposed	1
action	4
objects	1
realms	2
waiting	2
doubtless	1
chime	1
unless	3
written	1
those	12
confident	2
grace	2
whose	15
vows	2
ruin	2
lust	3
wishes	5
anxious	2
sufferings	1
was	152
reflect	1
cross	1
rueful	1
garland	1
precious	5
behaviour	1
fly	2
herself	18
avoided	1
summoned	3
swore	1
reproved	1
great	3
very	11
cowl	2
increase	1
illness	2
listening	1
stole	2
liked	1
mouth	1
restoring	1
thus	4
perceive	3
syllable	1
conversing	3
rejoice	1
your	74
making	2
doors	1
admirer	2
existed	1
happiness	3
rendered	1
as	38
benedictions	1
scarce	1
right	5
between	5
add	1
execute	1
cave	1
negatived	1
lewd	1
extent	3
mankind	4
strive	2
repentance	1
strict	1
nothing	7
beauties	2
rioted	1
antechamber	2
won	1
interfere	1
passages	6
unwilling	4
linnet	1
thorns	1
lowness	1
impulse	3
torrent	1
blind	1
claim	3
good	6
memory	1
gave	5
change	1
stopping	1
horrid	1
four	1
protect	2
approach	3
mystic	1
many	8
swells	1
sorcerers	1
adviser	1
happy	6
risque	3
but	75
abbey	16
cause	4
declare	1
few	11
delicacy	1
bounded	1
ever	6
tear	4
destruction	1
goodness	4
restored	2
dearest	1
airs	1
ally	1
fullest	1
mistake	1
bedside	2
acquire	1
induce	1
at	66
uttered	7
birth	1
sent	1
possibly	1
here	4
changeable	1
feared	2
wand	1
sanctified	1
doubted	3
vow	1
delightful	1
i	122
exceeded	1
chase	1
white	1
shook	1
avowal	1
perished	1
thousand	5
explore	1
harlot	1
support	3
has	14
bible	4
subject	1
strength	3
naturally	1
friend	7
furred	1
flew	3
genteel	1
smiling	1
unlimited	1
directions	1
proper	1
conquered	1
starting	1
naked	1
fortune	3
resemblance	1
answered	3
wound	1
patroness	1
never	20
rest	2
suppliant	2
closeness	1
journeyman	1
instruct	1
enable	1
sensations	2
led	1
prepared	2
shudder	1
perfect	1
besides	3
appeared	5
couch	2
admirable	1
interrupted	1
daily	1
cry	1
ushered	1
under	3
less	1
lonely	2
well-meaning	1
her	283
nigh	1
comprehend	1
palace	1
treat	3
folly	1
undisturbed	1
countenance	3
indulgence	1
ear	2
murmur	2
powers	2
effects	4
since	5
strada	3
instead	1
influence	2
jealousy	2
forgot	2
every	24
attentions	1
wrote	1
universal	1
boarder	1
thought	11
filled	4
expose	1
selfishness	1
petrified	1
sophistical	1
could	22
thanking	1
enjoy	1
nor	4
manners	3
weaker	1
tranquillity	2
appease	1
thither	1
gentle	9
returning	2
certainly	2
forward	1
draws	1
horrible	4
delay	1
sat	1
domestic	2
threatening	1
admire	1
revive	2
giving	2
done	2
go	1
undressing	1
despoiled	1
young	5
bed	6
constitution	1
thy	4
protection	4
excellence	1
minutes	2
bliss	2
rejoiced	3
appearance	2
chair	1
contented	1
breasts	1
places	2
suited	1
agitated	1
grow	2
passage	1
unexpectedly	1
terror	4
aim	3
hopes	3
requested	1
expired	1
ought	1
wisdom	1
possessing	1
perceived	3
reproach	1
amorous	1
branch	2
in	162
shuddered	2
relieved	1
monastery	1
increased	2
infancy	1
resolved	6
remorse	1
articles	1
understanding	2
ceased	2
owed	1
bears	1
tore	2
yielded	1
prime	1
sufficed	1
gratified	2
slow	1
relate	3
designs	3
advancing	2
amidst	4
forms	1
compose	1
repress	1
repair	1
filial	1
endeavoured	2
his	200
beguiled	1
sparkled	3
gale	1
visions	2
acknowledged	1
gift	2
gem	1
mine	12
begged	2
anti	1
profound	6
flattering	1
possible	5
judge	3
unable	3
innocently	1
gracious	1
idle	1
press	1
reluctance	1
bore	2
conveyed	2
observe	2
woo	1
alarmed	2
consumed	1
shrinking	1
blush	3
distrust	1
concluded	1
informed	2
please	1
inflexible	1
flowed	1
exclaimed	3
which	112
crimson	1
considering	1
whom	10
compassionate	1
sincerity	1
iago	3
language	5
sweeter	1
succeeded	3
ground	7
mocking	1
sweet	3
clasped	2
grave	2
imposed	2
little	9
manner	2
fortunately	1
excellent	1
castle	1
length	9
give	3
downcast	1
precautions	1
quitted	7
subjects	1
unfounded	2
enriches	1
distinguish	1
distinction	1
suddenly	4
friendships	1
creature	1
sepulchre	6
affright	1
reestablishment	1
derived	1
inquired	1
abbot	11
dawning	1
fearing	1
be	65
characters	3
gentleness	1
bequest	1
outside	3
dashed	1
seeing	1
sister	5
vulgar	1
children	1
permitted	4
impressed	2
baleful	1
woman	6
coming	1
grieved	1
perfidy	1
reasoning	2
reflection	2
composed	2
medicis	1
faint	3
turning	1
chap	1
beat	1
moonlight	1
impostor	1
treated	1
desired	3
generous	2
blissful	1
afford	2
therefore	6
sly	1
whither	1
faculties	1
diamonds	1
petitioner	1
joyful	1
luxurious	1
misty	1
accordingly	2
apprehensions	2
fine	1
low	3
latter	3
susceptible	1
coined	1
confused	3
guide	1
disorder	1
sick	2
pronounce	1
snare	1
cavern	5
escape	2
vida	1
just	5
us	3
day	6
while	19
marriage	3
grew	1
sparkling	1
soul	7
violated	1
aware	2
recommending	1
wished	4
use	3
night	9
walls	5
girl	6
feet	2
rare	1
application	1
hereafter	1
disposition	1
reigned	1
certain	2
persisted	1
poor	1
lips	4
cease	2
hesitation	2
monarch	1
command	2
cell	6
said	15
recourse	3
surely	1
profit	4
elements	1
only	15
closely	1
preparing	1
any	3
lamentable	1
leave	7
detection	1
indisposition	1
can	10
value	2
heeded	2
ease	3
glories	1
reception	1
reply	2
servants	2
obey	4
fat	1
release	1
call	1
vices	1
bring	1
prey	2
together	2
conscious	7
withdrew	2
times	3
caused	1
catch	1
drops	1
seeks	1
indecent	1
apprehension	3
youthful	1
exchange	1
unfortunate	1
receives	1
verily	1
most	15
people	4
offers	1
disapprobation	1
singular	1
alone	8
assigned	1
spotless	2
lest	3
swelled	1
hold	1
directly	1
amply	1
cannot	3
longer	8
eyes	22
furnish	2
ravisher	1
effect	3
venus	1
ordering	1
better	4
are	16
expected	2
frenzy	1
blacker	1
reasons	1
taking	7
melting	1
comes	1
mean	2
having	8
lot	2
compliance	1
western	1
jokes	1
plain	1
dragon	1
same	8
strove	6
had	83
when	30
easily	3
monk	19
step	2
compassion	1
impure	1
agency	2
if	14
snatched	1
speak	4
caution	3
limbs	2
display	1
unaffected	1
disappeared	2
addressed	1
absence	3
fear	9
attempt	2
closet	2
indignation	1
frequent	1
consciousness	1
common	3
abyss	1
completely	1
accustomed	1
express	1
of	331
slave	3
last	1
appearing	1
yours	4
united	2
simple	1
myself	4
softly	1
motive	1
unpardonable	2
calmed	1
interested	1
away	8
awful	1
rosy	1
refuse	3
evening	3
storm	1
girdle	2
daughter	7
runs	1
believe	2
strain	2
monks	1
heave	1
sense	2
fancied	2
point	4
looked	2
omitted	1
delusions	1
conduct	2
inclinations	1
bewildered	2
preserve	1
death	2
madness	1
athwart	1
mildest	1
separated	1
enthusiastic	2
tenderly	1
eye	5
let	9
possesses	1
figures	1
precipice	1
frank	1
released	1
side	2
serves	1
constant	1
dispel	1
described	2
worst	1
favours	2
cloister	1
infallible	1
resembled	1
coward	2
straying	1
remark	4
price	2
soft	3
called	2
las	1
demon	5
melancholy	4
refectory	1
exploits	1
discover	1
own	12
unquiet	1
quit	4
commanded	1
house	3
lost	1
impression	1
god	10
feeble	2
amusing	1
mirror	4
loose	1
being	14
supernatural	1
temperament	1
emitted	1
arranging	1
monstrous	1
around	2
much	9
refuge	2
precise	1
tried	1
convent	4
secret	10
horror	5
future	4
our	5
remonstrance	1
glare	1
frantic	1
expiring	2
fortitude	2
late	3
discovered	2
firmly	1
sought	3
mind	14
benediction	1
disgusted	2
sulphurous	1
deserted	1
dei	1
retired	7
benefit	1
submissive	2
accident	2
qualities	1
broke	2
fiend	1
offend	1
silken	1
its	15
scoffing	1
commended	1
operate	1
grovelling	1
aunt	1
depart	1
forlorn	1
garment	1
solitude	1
unequalled	1
chapel	1
scarcely	2
bird	1
whole	6
scorn	2
spell	1
often	1
promise	1
novelty	1
true	4
loved	2
sitting	1
excite	2
ridiculous	2
consequences	3
bred	1
husband	3
admitted	3
curtains	3
dismission	1
failing	1
fiery	1
recovered	1
longed	1
door	15
convinced	8
sanctioned	1
highest	1
faulty	1
terrible	3
morals	1
try	1
air	8
genuine	1
part	2
accept	4
crystal	1
journey	1
gushed	1
eternity	2
so	39
recognising	1
communicative	1
compels	1
charge	2
saw	8
men	1
hastened	4
such	19
illicit	1
image	3
their	17
also	2
mischief	1
conceal	4
disinterested	1
generally	4
bitterness	1
signed	1
hearing	3
empire	1
fixed	2
avowed	1
persist	2
urged	1
busy	1
vexation	2
warm	1
open	3
awe	4
sublime	1
water	1
sorcery	3
whenever	1
resource	2
alter	1
sensation	1
run	1
glowed	1
feel	11
took	10
nature	6
resolution	1
seduce	1
pursuits	2
take	5
resolve	2
friar	12
me	84
breach	2
ignorant	5
produces	1
paradoxes	1
come	5
submitted	1
near	8
kept	1
lived	1
massy	1
contrary	3
twilight	1
tended	1
dangerous	2
or	15
brothel	1
commendation	1
began	5
gleams	1
pure	5
unreprest	1
mentioned	3
possibility	1
unacquainted	1
felt	17
remarkable	1
enchantress	2
small	3
sufficient	5
free	1
spirit	5
enjoyment	2
far	7
wish	3
assistance	4
deep	2
brink	3
fearfully	1
endowed	1
guilt	4
ghost	2
grant	2
angel	3
orders	1
knowledge	5
throne	1
traced	2
colour	1
overspreads	1
difference	1
before	14
deprived	1
cares	2
delighted	2
fire	3
confirmed	1
false	1
returned	3
lively	2
do	15
fate	1
noise	1
soliloquies	1
gradually	3
quite	1
intelligent	1
deprive	5
guilty	2
interesting	2
sucked	1
wildly	2
lucifer	1
poured	1
branched	1
dearly	1
sustained	1
will	29
the	620
capuchin	1
rage	4
guiltless	2
slept	1
out	12
above	2
tumble	1
beside	1
stings	1
sleeping	2
music	3
beam	2
polished	1
invoke	3
discovering	2
attempts	2
artless	2
thoughts	5
parent	1
how	15
hoped	2
yield	2
encouraged	2
di	4
broken	4
different	2
used	4
undrew	1
departed	1
thick	3
displeasure	1
unbounded	1
opportunity	5
distance	2
coloured	2
marked	1
laws	3
must	13
authorised	1
prostitution	1
cost	1
snares	1
during	2
sight	8
locks	1
reposing	1
descried	1
stranger	2
follow	6
fell	4
uncovered	1
modesty	4
insensible	1
watched	1
wanton	3
hand	14
insignificant	1
told	4
conversation	5
firm	1
total	1
time	12
vain	7
romannumeral	1
inconstant	2
possessed	5
required	1
vice	4
ideas	5
monastic	1
end	1
praise	3
breath	1
usual	3
fears	3
eagerly	1
dignity	1
knee	2
met	2
bound	2
irksome	1
seen	8
emotion	1
dreadful	1
silence	4
correctness	2
degrees	2
reason	2
recovery	1
vigilance	1
faults	1
beams	5
philosophy	2
unknown	6
beneath	2
indeed	6
himself	23
penetration	1
perform	1
each	4
witness	3
sanction	1
ignorance	3
indulged	1
condescension	1
capricious	1
prize	1
bathe	1
weigh	1
tonight	1
draw	1
embroidery	2
obedience	1
ample	1
man	9
lately	1
were	39
bolt	1
study	2
cathedral	1
awake	1
irreparable	1
daylight	1
dissipated	1
witchcraft	2
kindness	2
years	2
penetrated	1
cousin	1
modest	1
everybody	1
hail	1
deign	1
life	5
knowing	1
echo	1
lamented	3
breast	3
wide	1
further	1
sacred	1
unintelligible	1
diffidence	1
gratitude	7
unhallowed	1
e	1
studying	1
thanked	1
reward	1
feeling	1
marquis	1
wonder	1
old	2
force	4
reflecting	1
except	2
haunts	1
through	9
delirium	2
crown	1
sufferer	1
examined	2
declaration	1
ensanguined	1
passing	1
weak	1
regained	1
penitent	1
neglect	1
dote	1
cheeks	1
resisting	1
unguarded	1
banished	1
reveal	1
obligation	1
baseness	1
skilful	1
occasions	2
history	1
enlivened	1
nought	1
claims	1
lamp	9
continued	8
arts	4
quieted	2
narratives	1
pieces	1
surprising	1
listen	3
quiet	2
trembled	7
groaned	1
kind	3
respecting	6
knelt	1
by	68
route	1
sufficiently	1
implanted	1
blue	3
body	2
precepts	1
engagements	1
engrossed	2
terrors	5
woke	1
sorrow	2
card	3
wants	1
procure	2
sounded	1
sun	1
observed	4
de	3
prejudices	1
days	2
ill	4
steeple	1
favouring	1
first	20
credit	2
witching	1
bodies	1
soften	1
struggled	1
invisible	1
renouncing	1
methought	1
favourable	3
reigns	1
frequently	4
pursued	1
became	4
came	2
eager	1
fingers	1
destroy	1
valiant	2
dear	5
private	1
void	2
impose	1
affliction	1
flame	2
exiled	1
crime	6
seduction	1
disgusting	1
goblin	1
strong	2
seated	3
candid	1
almighty	1
remarks	1
delicious	2
mouldering	1
born	2
roused	1
light	5
parting	1
traces	1
morality	1
corner	1
touching	1
remembrance	1
warning	1
complain	1
spread	3
vacancy	1
earthquakes	1
with	139
jealous	1
wildness	1
religious	2
disappointment	4
respectable	1
punishment	1
deceived	3
mingled	2
marble	1
shunned	2
fall	3
enemy	4
proceed	1
treasures	1
resentment	2
consent	2
burning	2
stairs	1
occasioned	1
cheek	3
form	5
human	2
means	5
confusion	3
imaginary	1
ambition	1
basket	5
seraphims	1
advanced	1
hours	4
evident	2
repeat	2
concealed	1
senses	2
embarrassment	1
carefully	1
over	11
guided	2
prudent	2
founded	1
unfortunately	1
friends	1
conclusions	1
greater	4
abandoning	1
gladly	1
visitor	1
standing	1
domes	1
enjoying	2
pencil	1
general	2
receiving	1
ah	4
estimate	1
purchased	1
burr	1
thanks	6
friendship	6
coldness	2
surrounded	3
and	364
timid	2
dissimulation	1
fruition	1
impatience	2
course	1
d'albornos	1
my	92
sorrows	3
innumerable	1
ornamented	1
intervals	2
features	4
apes	1
proofs	1
generality	1
singularity	1
help	1
religion	1
plainly	1
arose	1
brilliance	1
fancy	5
mistaken	2
transport	1
health	3
fallacy	1
frown	1
examine	1
should	26
recollection	1
attribute	1
reflected	4
sepulchral	2
because	2
despicable	2
pronouncing	1
other	10
confine	1
forfeited	2
almost	4
hide	3
share	4
infused	1
attempted	1
makes	1
possession	2
pronounced	3
master	2
shriek	1
familiar	2
supported	1
address	2
extended	2
earnestly	1
streets	3
childish	2
existence	2
huge	1
well	5
unobserved	3
discourse	1
charming	1
selling	1
really	1
adventure	1
immediately	5
darted	1
fair	2
safe	1
herb	1
folded	1
reassured	1
dispersing	1
damp	1
circles	1
constellated	1
word	1
deviate	1
abandoned	4
prostitute	1
duced	1
following	2
esteemed	2
sooner	4
finding	2
niece	2
guardian	3
vivacity	2
implored	1
rites	2
account	2
yielding	1
silent	2
face	2
authorise	1
respective	1
labyrinth	1
waited	5
glided	1
hasty	2
sake	3
wandering	2
stone	1
concerns	1
annals	1
love	16
absorbed	1
sensible	1
lovely	5
slumber	2
vowed	1
reasonable	1
table	3
reverence	1
unmoved	1
obeyed	2
spoke	7
supplicating	1
consented	2
whatever	2
sighs	4
pusillanimity	1
wings	1
keep	1
freely	1
shunning	1
favour	3
unmasked	1
glances	1
pleasant	2
tears	3
sentences	1
say	4
loquacity	1
order	3
inspiring	1
flora	1
talisman	2
equally	3
colours	2
fearful	1
against	3
play	1
peace	1
departure	2
attended	1
custom	2
springing	1
marks	1
groaning	2
hour	4
themselves	5
an	27
betray	1
careful	1
meet	1
want	1
darts	1
drive	2
phial	1
demons	4
gold	1
wake	1
disdains	1
proceedings	1
round	5
closed	2
confessor	4
holding	1
yonder	1
yes	3
passion	7
obliging	1
situation	4
shoulders	2
too	18
high	2
satan	1
spirits	6
finished	1
troubled	1
enthrals	1
thrice	1
attentively	1
silver	1
shone	2
easy	4
merit	3
prattle	1
shrieking	1
sound	1
stain	1
seemed	15
affectionate	1
guard	2
remembered	3
formerly	2
left	6
victim	1
admired	3
totally	4
prevented	2
carried	1
yourself	5
flaked	1
aiding	1
harbour	2
innocence	5
seize	1
exhausted	1
particularly	2
supposed	1
absolutely	1
greatest	1
perdition	1
rapturously	1
daring	1
informing	1
doubt	1
spot	3
shame	5
distressed	1
bones	1
advice	2
hint	1
vengeance	4
adhered	1
gilded	1
cold	4
two	3
resumed	2
dream	2
judged	1
prospect	1
character	3
beheld	6
dress	1
pale	3
hushed	1
tremble	3
flames	3
imprecations	1
remember	2
injure	1
mother	19
glory	2
lie	1
one	19
make	12
praised	2
removed	1
stern	1
three	1
inquiring	1
undiscovered	1
avoid	2
formal	1
clearing	1
we	3
startled	2
unmask	1
permit	5
cried	3
calm	2
drawing	1
read	5
desires	6
points	1
wall	1
visited	1
particular	1
suspect	3
strongly	1
escaped	1
not	113
emotions	3
presumption	1
narrow	1
determined	2
bid	4
capable	1
succour	2
seduced	1
perfumes	1
reproaches	1
former	5
writings	1
risk	1
work	1
loud	2
confidence	5
courage	2
decided	2
audible	1
violence	1
way	2
terrific	1
forbore	1
appears	1
solidity	2
understood	1
power	10
uncertain	1
produced	2
others	1
dashing	1
weight	1
upon	57
virtue	11
necessity	3
falsehood	1
pains	1
howled	2
betraying	2
impotent	1
smiled	1
single	1
insinuations	1
surpassing	1
immense	1
slime	1
powerful	1
affairs	1
scruples	1
moment	13
exerted	3
arrived	1
comply	1
trembler	1
criminal	1
comforting	1
credulity	1
book	3
picture	2
rudiments	1
flight	1
roll	2
augment	1
inexpressible	2
show	4
cautiously	1
anger	1
hers	1
excess	1
franca	1
warmth	2
family	2
indistinct	1
damps	1
forbid	2
pealed	1
died	1
virgin	4
blood	2
perfidious	1
tenderness	2
full	8
set	3
fallen	3
worthy	1
depends	1
sunk	1
alarms	1
smile	1
stood	7
new	5
fantastic	1
raising	1
been	18
watch	1
learning	1
attitude	1
refreshing	1
them	24
tresses	1
determination	1
causes	1
off	4
mildness	1
still	19
reputed	1
shivering	1
bright	3
these	15
figure	3
glimmering	1
repose	3
reluctantly	1
till	10
demand	1
instil	1
kissed	1
violate	1
amiable	1
greedily	1
long	11
altered	1
formed	6
degree	2
treasure	1
laudable	1
mould	1
announced	3
incredible	1
tempter	1
cemetery	1
create	1
assured	3
promises	1
sable	1
fault	3
dishonour	1
on	31
save	1
strange	3
satisfy	2
exclaim	1
improper	3
nightingales	1
lustful	1
than	19
no	49
ascendancy	1
gluts	1
after	4
smoke	1
satisfying	2
dupe	1
fay	1
enumerating	1
repulse	1
injunction	1
surprise	5
stamped	1
pleasing	4
recognised	2
place	6
renounced	1
earth	4
doomed	1
excited	2
upper	1
drew	7
resolutions	1
anxiety	2
changing	1
uncommon	1
company	3
expressing	1
veiled	1
prevailed	1
ascent	1
send	2
drop	1
break	1
reached	4
zealous	1
nightmare	1
remain	1
prove	1
excites	1
kiss	2
taxed	1
hopeless	1
winding	1
least	3
reports	1
breaking	1
eloquence	3
rise	1
habit	5
paced	3
wreck	1
friendly	2
vision	3
sentiment	3
maintain	1
incantation	1
burying	1
trying	1
voluntary	1
declared	6
complaints	2
accent	1
employing	1
walk	1
wait	1
fond	1
lady	1
hovered	1
passions	4
return	6
untruth	1
retraced	1
agnus	1
started	6
bell	1
needful	1
complaisant	1
without	13
seem	1
fain	2
depended	2
voluptuous	3
unceasingly	1
band	1
kindle	1
parents	1
communicated	1
perused	1
steps	4
listened	5
direst	1
rash	1
losing	2
despising	1
pouring	1
exclamation	1
admiration	3
convince	2
heat	3
sopha	3
involuntarily	1
touched	1
impious	2
respect	5
violent	2
taper	1
frowned	1
promising	1
regard	1
needed	1
sadly	1
exert	1
quality	3
provocation	1
enthusiasm	1
him	96
am	6
shake	1
persuade	1
companion	4
pilgrim	1
sank	2
familiarity	1
exposing	1
rule	1
slowly	1
answer	2
deceive	1
chanting	1
augmented	1
publicly	1
planning	1
arms	8
patience	1
perjury	1
chimerical	1
some	25
hurried	1
knew	5
plunged	1
roof	3
perceiving	2
corruption	1
all	31
beware	1
foibles	2
unconscious	4
intelligence	1
novice	1
key	2
forehead	2
soothing	1
nibbled	1
angels	4
vehicle	1
state	3
doubts	3
wrapping	1
aid	6
constantly	1
bestowed	2
wilfully	2
mistress	4
speeches	1
is	44
advantages	1
audibly	1
amaze	1
acquisition	1
clothed	1
model	1
able	3
admittance	1
foe	2
remarked	1
heart	27
calculated	2
fortunate	1
insist	1
wonderful	1
burned	1
blast	2
pay	1
miniature	1
related	1
symmetry	1
apparition	2
bent	4
resume	1
turned	2
cheerless	1
happiest	1
pursue	2
morn	2
moments	3
request	1
boast	1
taught	2
instructing	1
bath	1
access	2
rays	2
angry	1
expression	3
embrace	1
recommend	1
something	2
forgive	2
forget	2
spectators	1
confession	1
staircase	3
commands	2
plentifully	1
argument	1
seducing	1
restore	2
pass	2
opinion	4
pillow	1
ingratitude	2
expecting	1
superior	2
awkward	1
incensed	1
embarrassed	1
repent	1
mysterious	3
offer	3
recovering	1
become	1
earlier	1
placename	7
receive	4
deed	1
elegance	2
next	4
groves	1
attentive	1
pleasures	2
accents	2
combated	1
monster	1
regrets	1
circle	2
die	1
solemn	3
sort	1
murmuring	1
overspread	1
enjoyed	1
imitating	1
view	2
obtain	2
regaining	1
vaults	5
worldly	1
expressive	2
teach	2
stifled	1
murcia	1
failed	2
dominion	1
that	155
charm	3
enforce	1
proved	1
judgement	2
back	5
fully	4
expectations	2
frame	1
dissipate	1
variety	2
profess	1
tomorrow	1
protested	1
borders	2
best	2
fun	1
confess	2
conditions	1
issue	1
hands	3
removing	1
throw	1
unwarrantable	1
educated	1
affection	3
san	3
delivered	2
devotion	1
usually	1
tranquilly	1
paramour	1
played	1
commanding	2
wastes	1
cordova	2
induced	3
services	1
extreme	3
robe	1
reposed	2
secrecy	1
irresistibly	1
warmer	1
rising	2
enchantment	1
along	6
perfection	1
sovereign	1
duty	1
home	2
inform	1
momentary	1
another	4
engaged	3
welcomed	1
cloud	2
why	8
none	4
joy	10
expand	1
pleasure	10
midnight	5
hesitating	1
menaces	1
unhewn	1
bade	1
cond√©	1
experience	1
lofty	1
threats	1
plan	1
reestablished	1
instantly	1
muttered	1
made	12
renounce	2
poniard	2
mad	1
esteem	2
pressed	1
utmost	1
landlady	1
futurity	1
endless	1
recover	1
st	4
propernoun	19
heavy	1
darting	1
visit	5
attention	4
passed	8
service	4
descended	1
volume	2
mouldy	1
trembling	2
enchanted	2
mortals	1
arm	1
truly	2
seized	4
various	6
loves	2
covered	1
clap	1
yet	16
roundly	1
illuminated	1
acute	1
endeavour	1
unstudied	1
ran	1
breathe	1
manhood	1
hair	3
virtues	4
principles	3
revolting	1
innate	1
employ	2
salvation	2
dreams	3
absurd	1
overthrew	1
rose	5
foot	4
inculcates	1
consequence	4
spacious	1
restraint	2
observer	1
everything	1
terms	4
added	1
rashness	1
youth	3
maid	1
multitude	1
lustre	1
learned	1
idea	6
voice	16
putting	1
golden	1
followed	2
beholder	1
repented	1
romantic	1
grown	1
prayed	1
amadis	1
mercy	2
unbosomed	1
both	2
conversed	1
impropriety	1
feebly	1
destined	3
extensive	1
circlets	1
loathing	1
fanciful	1
hastily	3
preferred	1
thoughtless	1
dared	4
importuner	1
always	3
afforded	1
matter	2
prayers	1
surface	2
wild	2
pursuit	1
sometimes	1
bounds	1
eighteen	1
refused	1
even	7
restrains	1
toned	1
worked	1
bartered	1
stones	2
devotions	2
lover	2
second	3
brought	2
world	9
ceasing	1
dilemma	1
short	1
seemingly	1
dispersed	1
argue	1
live	1
piercing	1
brother	1
demeanour	2
constrained	1
flashed	1
newer	1
grateful	2
glorious	1
saying	1
reading	3
opened	4
thunder	3
moon	1
delights	1
promised	5
bold	2
invoking	1
tone	3
polite	1
weather	1
disappointments	1
desire	4
neighbouring	1
indulging	1
employed	1
dread	2
provide	1
child	3
repeating	1
dispensed	1
imagined	1
resistance	2
alarm	1
regain	1
wept	2
displayed	1
he	215
what	33
remove	1
magic	4
lies	2
held	1
now	26
clouds	2
hope	4
flamed	1
adventures	1
regret	1
soon	7
agitation	2
mixture	1
sleep	5
reject	1
ventured	3
choice	1
seeming	1
suspicions	4
remains	1
debarred	1
then	24
steel	1
thinking	1
ere	1
tinged	1
would	39
marchioness	1
words	9
lamenting	1
incantations	2
reverse	1
found	13
pardoning	1
down	2
groans	2
encourage	1
know	10
seducer	1
tortures	1
nestled	1
care	6
sparkles	1
highly	2
think	2
inflamed	1
infernal	2
success	2
images	3
disgust	2
affected	3
supernumerary	1
bandage	1
accepting	2
exhortations	3
ascertain	1
looks	1
copied	1
philosophical	1
holds	2
unrivalled	1
enough	4
charms	10
may	7
might	11
principal	1
motioned	1
act	3
errors	2
presence	11
facilitated	1
tax	1
meditations	1
scruple	1
curious	1
unconsciously	1
danger	7
blushing	2
mandates	1
present	7
professed	1
cruel	1
exactly	1
sickly	1
society	5
neglected	3
sensibility	1
hell	1
accorded	1
wakeful	1
nightly	2
glance	1
vault	1
proceeds	1
cells	1
apothecary	1
threw	5
blinded	1
heaven	8
bulk	1
persuading	2
gain	1
fiesta	1
dreaded	2
room	5
overpowered	1
for	71
trifling	3
insupportable	1
belie	1
subterraneous	2
undoubtedly	1
sorely	1
involuntary	1
dazzling	1
ministry	2
unbelievers	1
tend	1
castles	1
vapours	1
procured	1
lets	1
graves	2
breathed	1
seek	1
dim	1
whether	1
heard	12
pain	2
thrown	4
fill	1
need	2
struck	4
gloom	2
agonies	1
perishing	1
witnessed	1
gestures	2
convulsions	2
obedient	1
reads	1
belonging	1
road	1
