cruelty	2
discharges	1
there	7
cauldron	1
affirm	1
natural	2
truth	4
m	2
brains	3
difficulty	1
prepossessed	1
tell	2
narrative	1
computable	1
star	1
battle	1
who	35
brindled	1
hoard	1
rapine	2
age	1
tingle	1
established	2
government	5
once	1
literally	1
circumstances	1
to	213
experiment	1
derogatory	1
adjoined	1
turned	2
defended	1
known	2
properly	1
hero	2
related	1
agreeable	2
snap	1
rite	1
though	7
acquire	1
ready	1
it	52
fury	1
strongest	1
owed	1
you	18
moved	1
spaniards	1
gleam	1
researches	1
addition	1
antidote	1
already	3
fortyfive	1
severely	1
birth	2
got	6
moulded	1
veal	1
public	3
common-law	1
follies	1
kisses	1
joined	2
afterwards	2
frailty	1
seas	2
chickens	1
find	3
nobleman	1
invincible	1
consigned	1
alliance	1
potence	1
la	1
rancorous	1
wind	1
beneficence	1
agony	1
neighbours	2
this	56
experience	2
dominion	1
fifty	3
curiosity	1
stroke	1
expression	2
sphere	1
here	2
motive	1
language	3
southward	1
elevated	2
transports	2
prisoners	1
admiral	1
case	1
deriving	1
peacock	1
several	2
fed	1
apprehension	1
direction	2
towards	2
grove	1
rotation	1
close	2
transferred	1
votaries	1
extensive	2
running	1
courteous	1
method	1
treason	1
elevate	1
recommended	1
consulted	1
brethren	1
unmilitary	1
befell	1
midway	1
uncouth	1
unbreeched	1
reason	2
i	57
did	5
explained	1
doctors	1
ripping	1
happening	1
believe	6
having	6
recollect	1
conjecture	1
madness	1
po	12
head	12
repulsive	1
islands	4
saturn	1
english	4
progress	1
disquisitions	1
reputation	1
thee	1
effectual	2
jew	1
rather	1
kaka	19
morsel	1
absorbs	1
fluttered	1
animal	2
machine	1
both	2
more	24
insolence	1
seat	1
counsels	1
merchants	1
ordinances	1
explain	1
opinion	7
snivelled	1
delicate	2
guilt	1
business	2
priest	1
presented	2
savage	1
will	4
above	1
same	7
scheme	3
luminary	1
raised	4
into	10
name	2
pardon	1
persius	1
insurrection	2
among	8
contradictory	1
da	1
would	35
gluttony	1
coalition	1
disgraces	1
were	49
see	3
either	4
sacrifice	3
justified	1
crucifixion	1
built	1
circumstance	1
whiskers	1
medis	1
inhabitants	2
sex	1
demulcent	1
whereas	1
urge	1
appeared	6
honour	4
canine	1
facetious	1
number	9
heir	1
rival	2
they	46
resign	1
gudgeons	1
deference	1
promotion	2
implicitly	1
bystanders	1
round	3
studied	1
approved	1
selected	2
apartment	1
ring	1
falstaff	1
hollow	1
keys	1
violently	1
bleating	1
phi	7
personally	1
fellow	2
injunctions	1
fable	1
went	1
stall	1
necessary	1
governors	1
cackled	1
proceeded	1
gospel	1
labourers	1
fortune	7
parts	8
from	41
convert	1
like	11
danced	1
intended	3
continual	1
question	2
where	6
design	2
deportment	1
interest	6
received	3
officio	1
merciful	1
deprived	2
month	1
thummim	1
sacrificing	1
repeated	2
intrusion	1
former	3
sauntering	1
seyseo	1
supplied	1
hovered	1
care	1
circumspection	1
disaffection	1
eight	3
pro	1
migration	1
fi	1
stop	1
fear	1
man	11
whose	1
strange	1
equipped	1
vile	1
point	2
litter	1
door	1
was	117
mercy	2
voiding	1
surpassed	1
abstersion	1
verb	1
celebration	1
considered	2
prompted	1
profit	1
exclamation	1
principle	4
science	1
mark	2
cabinet	2
chatter	1
yellow	1
swore	4
great	11
supposed	2
very	7
tendering	1
devoting	1
shine	1
torpor	1
insensibility	1
elegance	1
rays	1
thus	7
perceive	1
religiously	1
your	4
acquainted	2
apparently	1
dono	10
rendered	2
grasped	1
as	83
seo	5
right	2
between	5
cordially	1
breeches	11
blocking	1
politicians	1
hatred	2
wagons	1
mankind	2
adventurer	1
twenty	4
cannot	3
incubation	1
nothing	3
survived	1
intelligence	1
way	6
popularity	1
sublime	1
comfortable	1
animals	2
make	3
kicked	3
impulse	1
blind	1
on	28
thankfully	1
kicking	2
invention	1
gave	2
imagination	1
non	1
four	2
munificent	1
transporting	1
fleet	4
many	5
unusually	1
frantic	1
mass	1
extracted	1
happy	4
shed	1
unbiassed	2
but	43
obstinacy	1
audience	3
delicacy	1
useful	1
fomented	1
continent	4
chastity	1
genius	3
grateful	1
counsellor	1
flesh	6
ally	1
fold	1
tribunals	1
rate	2
upright	1
pope	1
bred	1
jews	1
possibly	2
industry	1
sweated	1
however	5
motives	1
signalised	1
muscles	1
cruisers	2
request	4
mob	2
white	5
momentum	1
ascribed	2
thousand	2
shall	10
imagine	1
has	2
person	4
subject	1
clamours	1
strength	1
sacrilege	1
gravest	1
sallies	1
anarchy	1
observing	2
gathered	1
whoever	1
pontifex	1
directions	1
back	4
end	1
insatiable	1
setting	1
description	2
counsellors	3
thinks	2
himself	12
weighed	1
cross	1
capitally	1
character	4
never	13
rest	1
cradle	1
smart	1
cunning	1
doors	1
conferred	1
led	1
spheres	2
prepared	1
sobbed	1
besides	1
executioner	1
damned	2
fingers	1
touch	2
orgin	1
colonies	1
cry	1
defend	1
y	2
use	4
rotten	1
cook	1
little	2
her	2
nigh	1
under	6
experiments	1
palace	1
consequence	3
folly	3
fellow-subjects	2
countenance	1
indulgence	1
adorned	1
powers	4
conquests	1
quamba	10
affability	1
desperate	1
tube	1
instead	2
cruising	1
influence	2
sailed	1
every	6
biassed	1
slow	1
prelude	1
thought	4
retreat	1
idol	1
dog	2
ergo	1
dry	2
abrubt	1
could	17
enjoy	1
nor	3
ground	1
tranquillity	1
appease	2
thither	1
creature	1
certainly	1
declined	1
old	1
quell	1
city	1
sat	4
accordingly	3
efficacy	2
immersions	1
discretion	1
done	3
treachery	1
go	1
wholly	1
remonstrances	1
debauchery	1
riches	1
grumbling	1
distant	1
pride	3
sailor	1
wild	1
horse	5
satisfaction	1
appearance	2
chair	1
agree	1
satisfied	1
brain	1
emperor	5
quos	1
fundamentals	1
passage	1
annually	1
terror	2
ordained	1
out	8
nineteenth	1
figures	1
bowels	2
shambles	1
spaniel	1
effectually	1
enclosures	1
reproach	1
middle	2
noble	1
branch	1
barely	1
generosity	2
brass	2
increased	2
infancy	1
resolved	2
articles	1
understanding	5
poultice	1
shrugged	1
favourite	1
unassisted	1
opportunities	1
reclaimed	1
fabulous	1
tractable	1
connected	1
purpose	2
match	1
misled	1
advancing	1
distributed	1
wanting	2
sey	5
of	460
rapacious	2
field	1
buttering	1
his	168
moment	1
disgrace	1
acknowledged	1
calzone	1
evidence	1
filled	1
headed	3
grecian	1
lethargy	1
glib	1
commander	3
loss	1
judge	2
expedition	3
consequently	2
analogous	2
royal	2
diverse	1
bore	2
digestion	1
avail	1
observe	1
alarmed	1
patron	2
introduced	1
feasting	1
erected	1
reflected	1
measure	1
emanations	1
let	7
which	48
quaffed	1
perseverance	1
whom	4
luminous	1
midst	2
taxation	1
away	2
self	1
shakespeare	2
concealing	1
succeeded	1
juncture	1
bellowing	1
painter	1
plebeian	2
emissaries	1
ak	1
waked	1
sweep	1
excellent	1
defeated	2
mobs	1
cun	10
exenteration	2
subjects	2
positive	1
indict	1
distinction	4
sold	2
irruptions	1
suddenly	1
amount	1
arrogance	2
maximus	1
derived	1
accepted	1
specious	1
puzzle	1
preventive	1
be	43
characters	2
seeing	1
τυχη	1
n	2
ancient	2
baleful	1
expostulated	1
agreeably	1
gods	1
perfidy	1
below	1
reflection	1
insolent	2
interests	1
festival	1
beat	1
vanquished	1
inelegant	2
treated	3
desired	1
others	4
afford	2
expense	1
therefore	4
gratification	1
whither	1
competitors	1
diamonds	1
bitter	1
lucre	1
officers	1
authenticity	1
dogmatize	1
citizens	1
prince	3
cooks	2
occupied	1
caress	1
apart	1
experienced	1
mental	1
die	1
pronounce	2
incroachments	2
strengthened	1
salamander	1
equal	5
just	3
sort	1
us	3
swoonings	1
squadron	5
while	7
braying	2
giving	3
institutions	1
culpable	1
feasibility	1
putrefied	1
abroad	1
petty	1
war	10
clean	1
country	6
origin	2
variety	1
slaughter	1
application	1
disposition	4
describe	1
controversies	1
art	1
angle	1
lips	1
eminence	2
cabals	1
hesitation	1
command	4
looked	1
said	7
dogs	1
formation	1
supreme	2
navy	2
paltry	1
balsamic	1
only	8
looking	1
loathed	1
any	13
silence	3
inherit	1
matter	1
can	4
six	1
ease	2
retentive	1
stinking	1
actully	1
inclination	1
recourse	2
reversions	1
celebrated	1
islanders	1
call	2
pretty	1
bring	1
particle	1
together	3
countenances	1
conscious	1
macerated	1
retained	1
sung	1
disasters	2
deny	1
benumbed	1
burden	1
convenience	1
rank	2
negative	2
consternation	1
cherishing	1
think	3
people	14
divine	1
foreign	1
heard	2
cingulum	1
sarpi	1
contempt	3
revenue	1
prodigious	1
its	5
fuel	1
swelled	1
consoled	1
best	1
rabble	1
national	1
bags	2
eaten	1
soldiers	1
furnish	1
extolled	1
effect	3
subtle	1
better	3
assembly	2
are	14
rules	2
goh	4
extraordinary	3
trust	1
quickly	1
relations	1
measures	1
taking	1
mean	5
commencing	1
instant	1
times	2
addressed	1
helpless	1
plain	1
disposed	1
fellow-creatures	1
notice	1
had	58
when	19
chance	1
easily	1
held	2
exclaimed	3
virtue	2
if	16
laid	2
habitations	1
tumult	1
taxed	1
philosopher	2
vagrant	1
ice	1
law	3
kamschatka	1
those	3
murder	2
attempt	1
closet	1
uncommon	2
largest	1
prosecuted	1
reinforcement	2
frequent	1
sent	8
common	5
strict	1
deliverance	1
hundred	5
pearls	1
last	3
arms	3
spectators	1
traitor	1
clouds	1
united	1
clucked	1
simple	1
compliant	1
backwards	1
accomplished	1
achieved	1
o	8
interested	1
worship	1
purblind	1
sea	7
women	1
comfortless	1
practice	2
addicted	1
wife	2
politician	1
strain	1
sense	2
denying	1
meet	1
provision	1
indians	1
worse	1
pore	1
put	1
accumulate	1
cases	1
conduct	4
nob	1
proportion	1
fogs	2
death	1
infinitum	1
attachment	1
ignorant	1
equals	1
news	1
sealed	1
discovered	2
remainder	1
sorcery	1
disfused	1
baut	1
superiors	1
constant	1
electrical	4
described	4
themselves	2
favours	2
resembled	1
reunited	1
ships	2
divinations	1
secret	1
resounded	1
acted	1
front	2
judges	1
soft	1
called	6
perplexed	1
tolerable	1
demon	1
especially	1
exploits	1
own	11
thirst	1
driven	1
empires	1
latins	2
female	1
lost	1
intercepted	1
descended	1
faith	2
offices	2
shim	1
loose	2
being	14
supernatural	2
indefatigable	2
foresight	1
monstrous	1
supposing	1
posterity	1
repetition	1
much	9
refuge	1
approaches	1
fune	10
fattened	1
vid	1
parted	1
fetched	1
intercepting	1
fortitude	1
kow	1
compelled	1
afraid	2
mind	4
philosophise	1
devour	1
conceit	1
shared	1
lending	1
qualities	1
managed	2
kom	12
seeking	1
nature	8
fairly	1
devouring	1
orthodox	1
unguem	1
given	1
blow	1
forlorn	1
knew	3
distress	1
platoon	1
black	8
saxons	1
desolate	1
concerted	1
soon	2
sagacity	1
ports	1
often	1
promise	2
refined	1
amphisbaena	1
period	2
excite	1
actually	1
charm	1
severity	2
coxcomb	1
husband	3
admitted	3
poor	1
decoyed	2
averse	1
imputed	1
coast	2
the	693
alembic	1
reinforce	2
saved	2
convinced	1
ingredients	1
sustenance	1
cul	1
striking	1
revenge	2
morals	1
try	1
force	1
wood	4
harangue	1
been	27
affirmed	1
exceedingly	1
eternity	1
so	37
escorted	1
deliberations	1
route	2
charge	1
saw	4
men	6
challenge	1
flinching	1
subdue	1
concurred	1
their	30
discordant	1
exaggerate	1
victorious	1
cruise	1
obscured	1
reducing	1
quo	4
conceal	1
acts	1
hoofs	1
generally	2
tenets	1
incumbent	1
anguish	1
precise	1
fixed	3
private	5
temple	3
tidings	2
disagreeable	2
busy	1
entered	1
abandon	1
yielded	2
vulgar	2
open	4
sword	2
altogether	4
inferior	2
surrendered	1
execution	2
mercury	1
run	1
rites	4
took	2
consisted	1
supposition	1
seconds	1
take	4
success	3
me	5
hen	1
analogy	1
using	1
teeth	2
monmouth	1
kept	3
speech	2
reposed	1
viceroy	1
talents	4
eats	1
silver	2
community	1
dangerous	2
or	37
set	1
began	2
part	6
herodotus	1
strong	4
aghast	1
braecce	1
remarkable	2
sufficient	2
detested	2
spirit	2
shore	1
attacked	1
far	1
arrived	2
assistance	1
deep	1
commanders	1
group	1
stimulated	1
undertook	1
dreaming	1
fortnight	1
remarks	1
fact	2
forms	3
orders	1
clemency	1
parents	1
congealed	1
colour	2
sceptre	1
proposed	3
per	1
governor	2
habit	1
fire	2
s	1
crew	2
false	1
praise	1
persons	1
do	3
trappings	1
march	2
odious	1
quite	1
disputed	1
vessels	1
painful	1
remain	1
province	1
active	1
poured	1
regarded	1
cat	1
heart	5
godlike	1
largo	1
places	2
courage	1
characterised	1
hama	6
asleep	1
considerable	4
skipper	1
bloodhounds	1
proper	1
levies	1
sac	1
mistaking	1
saith	1
whiting	1
parent	1
spectator	1
astonishment	3
phenomenon	2
wisely	1
imperial	2
animosity	1
acclamation	1
subordinates	1
different	5
engage	2
probability	1
adulation	1
thick	2
appendage	1
interfered	1
simply	1
enveloped	2
begot	2
laws	2
must	8
defiled	1
elocution	1
moon	1
during	1
lords	2
sight	1
taste	6
candidate	1
briechan	1
distilled	1
office	3
justly	3
ex	1
causes	1
sordid	3
watched	3
seemed	10
roku	5
hand	1
politics	2
destroyed	1
blaspheming	1
defence	1
oxen	1
forth	2
total	2
time	8
vain	1
opinions	2
five	5
required	1
ideas	5
promises	1
faculty	1
bushel	1
market	1
north	3
dead	2
leaders	1
dignity	2
unawares	1
harbours	1
line	1
week	1
seen	7
yearly	1
half	2
trousers	4
degrees	2
dung	1
piracy	2
swallow	1
scapegoat	1
philosophy	1
corrupted	1
unknown	1
thumbs	1
indeed	8
court	3
penetration	1
perform	2
aside	1
adjutors	1
each	6
luxury	1
frigidity	2
ignorance	2
objected	1
appetite	3
betrayed	1
insisted	1
pair	1
perplex	1
exclaiming	1
council	18
officer	3
adherent	1
contemplation	1
knocked	1
nunc	1
buskins	1
babel	1
shoulders	1
outrage	1
happiness	1
burn	1
smallest	2
transactions	1
owned	1
emersions	1
cheese	1
advance	1
impute	2
life	7
storms	1
breast	1
hints	1
decisions	1
muliebre	1
carcase	1
sacred	1
retirement	1
advantage	3
treaties	1
condemning	1
sojourned	1
e	1
objection	1
off	1
decide	1
assiduity	1
applauded	1
flavour	2
faction	1
wonder	1
in	202
banquet	1
voluptuary	1
stars	2
nation	1
through	4
harrigals	1
generation	1
procured	1
ministers	2
trinkets	1
confirmed	1
fleets	1
awkwardness	1
formed	5
defiance	1
seven	2
mysteries	2
pythagoras	1
laboured	1
glad	1
impatient	1
sketches	1
devised	1
negation	1
thence	1
professed	1
justest	1
aggravating	1
smile	1
nose	1
pieces	1
means	1
turn	1
soul	1
profligacy	1
san	5
represented	1
quiet	1
trembled	1
groaned	1
antiquaries	1
kind	3
proceeding	1
rebels	1
wicked	1
promulgated	1
sufficiently	1
service	4
finally	2
baba	6
body	7
ears	1
terrors	1
uncertainty	1
south	1
japanese	22
wants	1
box	1
orgia	1
underwent	3
sun	2
observed	3
scribe	1
worthless	1
bushes	1
prejudices	1
justice	3
thirty	1
ill	1
such	28
mere	1
first	11
credit	2
sin	5
assessors	1
bodies	1
styled	1
tacitus	1
distemper	1
catalogue	1
expectations	1
also	6
mountaineer	1
forefathers	1
spirited	1
words	1
media	1
became	3
came	2
argumentation	1
expedient	3
wield	1
destroy	2
about	5
gotto	6
evacuation	1
advise	1
then	5
flame	1
dependants	1
factions	1
caps	1
pretension	1
thucydides	1
tail	2
statesman	1
pursuit	1
d	1
individuals	1
central	1
light	1
retreated	1
traces	1
becomes	1
vigilance	1
touching	1
cup	1
glutaei	1
anchas	1
sage	2
ingenious	1
prizes	1
with	69
junks	1
husbands	1
materials	1
fulfil	1
religious	2
than	13
assure	1
fast	2
dissertation	1
clothing	1
no	9
universe	1
adventurers	1
dreams	2
bupo	1
utter	1
enemy	6
proceed	2
management	1
resentment	2
attention	2
conformation	1
friction	2
th	1
perceptible	1
form	3
human	2
island	12
confusion	3
ensuing	1
ambition	1
enlightened	1
arrogant	1
hours	1
hazarding	1
senses	1
chausses	1
over	3
communication	2
portion	2
founded	1
might	12
expressed	3
vocation	1
fillip	1
emergency	1
expressly	1
greater	1
disliked	1
repulse	1
thrill	1
furnished	1
general	7
season	1
winter	1
pronouncing	1
planets	1
manner	2
misfortune	1
davila	1
surrounded	2
forbidding	2
whether	1
irish	1
thirty-nine	1
prejudice	2
table	3
offered	1
obtained	2
accident	2
conceived	1
troops	6
americans	2
meat	1
proceedings	1
dr	1
religion	2
sentimentize	1
arose	2
picture	1
humiliating	1
return	2
mistaken	1
devoted	1
transport	1
g	1
liver	7
vast	1
should	19
qualified	2
ferocious	1
worshipped	1
particular	3
mad	2
consultations	1
crotona	1
chattels	1
swam	1
economy	1
other	19
destitute	1
almost	2
share	2
halfway	1
select	1
advocate	1
darkness	1
master	4
beard	6
co	1
supported	2
address	1
fitted	1
pretending	1
preferment	1
instinctively	1
goose	1
brag	4
well	13
chiefs	1
fortress	2
traduce	1
hissed	1
horizon	1
succours	3
discussion	2
libertine	1
amiable	1
cloth	1
δαιμων	1
band	1
safe	1
humanity	3
intense	1
and	280
relating	1
throat	1
ordinary	2
personage	1
seasons	1
compare	1
deviate	1
abandoned	1
lay	1
able	1
wretched	2
triumvirate	1
following	1
green	2
accused	2
please	1
feel	2
account	1
sinister	1
gathereth	1
face	4
rascals	1
illuminated	1
overgrown	1
hard	1
manifested	1
grain	1
played	1
course	4
descried	1
tide	1
improbable	1
infatuation	1
stone	1
proverb	1
sensible	1
nearly	1
variance	1
easy	1
principles	2
amounted	1
historical	1
images	1
remarkably	1
obeyed	1
sending	2
insert	1
partiality	1
weather	1
ajax	1
dream	1
sialty	1
transported	2
wings	1
lives	1
reached	1
victim	1
plunder	1
tedious	1
favour	4
example	1
wealth	2
tears	1
sentences	1
talent	1
comparison	2
detains	1
order	4
regulations	1
extort	1
equally	4
colours	1
thermometer	1
connexion	1
livy	1
highland	1
overpowered	1
ka	2
peace	1
attended	3
holiest	1
growing	1
employed	3
comforts	1
why	1
an	38
bihn	4
establish	1
wont	1
hardly	2
want	1
repassing	1
consent	1
crews	1
gold	1
scale	2
attest	1
fourth	2
guilty	1
merchant	1
interrupted	1
extinguished	2
contrast	1
forts	1
help	1
miserable	1
yes	1
greek	1
obliging	1
chose	1
situation	1
chinese	15
high	3
land	1
contrary	3
sensation	1
rebellious	1
embraced	2
hostilities	1
sterling	1
shone	1
dainty	1
merit	1
riot	1
laugh	1
uproar	1
preceded	1
surmount	1
dark	2
alteration	1
swedes	1
overwhelmed	2
prelate	1
shrewd	1
unspeakable	1
chief	2
graceful	1
support	2
lion	1
harbour	3
manned	1
precisely	1
greatest	3
patrons	1
animating	1
ladies	1
ordered	1
illustrious	2
down	2
beast	1
fought	1
advice	1
unity	1
ravenous	1
original	2
suffered	2
injuries	1
effects	1
two	11
damage	2
jonkh	1
events	1
drawn	2
heartily	2
beheld	1
dress	1
pale	1
stratagems	1
natives	1
tremble	1
ad	4
italians	1
appetites	2
big	1
dreamed	5
orientals	1
glory	2
expatiate	1
beyond	1
sed	1
fit	1
giddy	1
three	3
repository	1
creed	1
avoid	1
christian	1
poo	22
adopted	1
one	22
ambuscade	2
permit	1
cried	2
filii	1
metamorphosed	1
incidents	1
southern	4
honourable	1
escaped	1
not	49
ta	1
presumption	2
actions	1
pirates	1
stiphi	3
continued	1
capable	1
tolerably	1
everywhere	1
perfect	1
hold	2
up	10
schemes	1
dutch	2
belonging	1
benevolence	1
venom	1
profusion	1
army	8
promoted	4
answered	1
emblem	2
brigantes	2
declared	7
fika	21
valour	2
eat	2
money	4
rum	10
understood	1
power	2
goods	1
produced	4
generous	1
weight	1
nagatives	1
upon	19
guards	2
brackor	1
females	1
twenty-eight	3
clear	1
offer	1
third	2
wretchedly	1
single	3
eye	2
projecting	2
presided	2
now	8
luminaries	1
affairs	1
hence	2
tonne	1
laughed	3
hue	1
administration	5
britons	1
makes	1
aspect	1
terribly	1
wisdom	2
possession	1
humbled	1
advantages	1
letter	1
conspicuous	1
honoured	2
companions	1
protested	2
family	1
skirmishes	1
clergy	1
scrupulously	1
whale	1
brief	1
faculties	1
trial	1
perfidious	1
practically	1
worthy	1
weal	1
pacific	1
post	1
likewise	1
reconnoitred	1
colleagues	2
forgot	1
stood	3
new	8
cap	1
learning	1
nevertheless	1
boiling	1
them	17
engagement	1
extended	2
fasted	3
sudden	1
indulging	1
still	1
ragamuffins	1
philosophers	4
sides	1
demand	2
until	2
kissed	1
sweats	1
grant	1
privilege	1
soothe	1
long	4
otherwise	1
curses	1
degree	3
treasure	1
days	1
slaughtered	1
curious	2
irascible	1
assured	2
strolling	1
left	2
dear	2
attribute	1
children	2
speak	1
congelation	1
subfuscan	1
quasi	1
provender	1
low	1
voyage	1
belt	1
plea	1
amusement	1
work	1
customs	1
come	1
surprise	1
gathering	1
climate	1
borrowing	1
again	1
unequal	1
friends	2
place	2
because	1
descents	1
invasion	3
emerged	1
immediately	5
changing	1
embraces	1
intentional	1
ridicule	1
tempestuous	1
ritual	1
odour	1
personal	3
we	7
keep	1
discipline	1
perplexing	1
prove	1
osculation	2
enlisting	1
have	60
critical	1
ximo	1
least	4
carried	2
eloquence	1
pewter	1
written	1
minister	5
cold	7
mermaid	1
vision	1
phosphorus	2
sentiment	2
simper	1
pause	1
anticipating	1
mule	1
possessed	1
posteriori	1
passions	1
bloodshed	1
meal	1
succour	1
distinguished	1
clapping	1
without	22
conceited	1
equivalent	1
orphans	1
proposition	1
scintillations	1
word	2
predestined	1
sympathised	1
circulation	1
department	1
empire	8
ferment	1
consummate	2
barrel	2
allegory	1
unveiled	1
day	2
worn	2
nobilitation	1
emits	1
pitied	1
fellows	1
salute	2
respect	3
violent	1
taper	1
connexions	1
touched	1
compared	1
my	16
gun	6
basi	1
bragas	1
flanks	1
propriety	1
him	36
superficial	1
full	1
including	1
voluntarily	1
placename	48
embarrassed	1
sunk	2
rule	2
error	1
attitude	2
ancestors	1
wear	1
affirmative	1
prevaricate	1
chine	1
sovereign	1
pillage	1
perjury	1
some	14
hurried	1
erit	1
after	8
corruption	1
unimportant	1
regard	2
foibles	1
approached	2
disputes	1
adornedw	1
absurd	2
members	2
victory	1
gentleman	1
prescribed	1
fakku	1
board	3
ends	1
state	2
detect	1
historians	3
vanity	1
mio	6
originally	2
feed	1
mistress	1
ways	1
concerning	2
is	34
severe	1
lucky	1
expose	2
all	35
wore	3
print	1
bra	1
inveterate	1
acquired	3
year	5
inflame	1
differently	1
fortunate	4
scots	1
olio	3
red	1
tongue	1
commotion	2
unpleasant	1
misconduct	1
chaos	1
foksi	4
irregular	1
replied	1
posteriors	6
soldierly	1
enemies	2
exhorted	1
certain	8
boast	1
president	5
tribute	1
individual	1
mouth	1
nations	3
thereof	1
embers	1
koan	3
embrace	1
latitude	1
accidentally	1
ever	9
shoal	1
column	1
councils	1
stand	3
subscribed	2
knot	1
restless	1
wooden	1
enlighten	1
initiated	1
narration	1
follow	1
fraud	1
greeks	2
traffic	1
encounter	2
bold	1
cerberus	1
narrowness	1
grey	1
sprung	2
eagerness	1
few	1
ensue	1
next	2
nostrils	1
surfeit	1
moreover	1
contemptuously	1
monster	1
anteriori	1
a	193
demonstrated	1
solemn	1
making	2
handful	1
dastardly	1
parallel	1
kin	1
contact	5
justify	1
devil	1
protected	1
window	1
train	1
rebellion	3
peculiar	1
assurance	1
urim	1
disturbed	2
apostle	1
impediments	1
that	136
guicciardini	1
proved	1
friend	1
wonderful	1
excess	1
frame	1
pedestrian	3
st	1
inclined	1
intermeddling	1
relief	1
beards	4
repelling	1
postern	2
deity	1
capacity	1
education	1
garrison	2
armament	1
food	1
trading	1
bed	1
hands	2
at	42
throw	1
cared	1
stayed	1
ought	1
scarce	1
quantity	2
ceased	1
coldness	2
heaven	2
braccae	1
cypher	1
constructed	1
prevention	1
conveyed	1
oil	1
compliment	1
ejaculated	1
sop	2
dint	1
too	2
blood	2
creeping	1
rising	1
dragon	1
dressed	1
ceremony	1
progenitors	1
i'll	3
home	1
polemical	1
provided	5
another	8
engaged	2
felt	1
square	1
present	1
modern	1
pleasure	6
padlocks	2
disappointment	2
surveying	1
forwards	1
termed	1
surely	2
manoeuvre	1
mariner	1
numerous	2
extremely	2
freezing	1
plan	1
how	2
instantly	2
made	9
against	9
produce	3
tt	1
creatures	1
myself	2
hogarth	1
bread	1
propernoun	122
liberal	1
before	3
invade	1
serpent	3
di	1
large	1
exercise	1
indulged	1
shield	1
previous	1
our	2
mortals	1
commotions	1
proposal	1
sweet	1
various	1
whole	17
deliberative	1
covered	1
clap	1
yet	6
performed	1
strike	1
used	3
northern	4
wisest	1
disaster	1
reasons	1
virtues	2
locus	1
according	4
ephod	1
intimation	1
rose	3
proclaimed	1
foot	1
safety	1
subalterns	1
affirmatives	1
night	5
discoveries	1
gallant	1
insurgents	2
terms	1
dexterity	1
arbitrary	1
advices	1
multitude	4
widows	1
learned	2
mountaineers	1
encumbered	1
told	1
golden	1
followed	1
intellects	1
scouring	1
h	1
quantities	2
assembled	2
sparks	1
speeches	2
organical	1
porticus	1
dropped	1
destined	1
majority	1
belief	1
preferred	1
honesty	1
ab	1
always	1
reverend	1
highlands	1
what	7
generalship	1
tempore	1
illita	1
sometimes	2
microcosm	1
even	11
wide	1
mortify	1
double	1
comprehend	1
apathy	1
approbation	2
corea	3
leaf	1
brought	2
world	3
wearing	1
sheep	1
dispersed	2
live	1
grinning	1
mitigate	1
pound	1
invested	1
mingle	1
govern	1
hose	1
employ	1
trade	1
nin	12
asses	1
glorious	2
barbal	1
cost	3
utmost	2
falling	2
undoubtedly	2
disarmed	1
populace	2
effluvia	1
illusion	1
fish	1
laxae	1
neighbouring	1
shattered	1
fleecy	1
marks	1
although	1
settled	1
inasmuch	1
ambitious	2
child	1
contumelious	1
amused	1
irradiation	1
oracle	1
imagined	2
famous	1
distance	1
careless	1
assails	1
estimated	1
feeding	1
alive	1
things	1
he	110
sti	7
polybius	1
unseen	1
pounds	3
reservation	1
fair	1
retain	1
hope	1
lustre	2
retrospective	1
swallowed	1
thinking	2
ability	1
nay	4
sleep	5
spend	1
passing	1
nickname	1
appointments	1
romans	1
dissuaded	1
sentence	2
oath	1
station	1
owing	1
deception	1
taken	5
french	2
cauldrons	1
unsavoury	1
heads	1
lord	3
allowed	4
found	4
de	3
infirmity	1
aloud	1
temper	3
know	6
say	1
agreed	1
fate	1
proof	1
diminished	1
most	16
inflamed	1
shows	1
cotemporary	1
punished	1
parading	1
latitudinarian	1
affected	2
broke	1
price	1
true	1
kissing	1
threatened	1
contributed	1
warm	1
philosophical	1
tools	1
unrivalled	1
deliberation	1
ravage	1
may	5
consciousness	1
task	1
forced	2
prayed	2
flow	1
principal	1
convicted	1
act	3
by	86
superior	4
danger	3
kingdom	1
neither	3
divided	3
struck	1
sparkles	1
exactly	1
sixty	1
mortified	1
dilemma	1
obscure	2
elegant	2
notion	1
pillowy	1
happened	4
greatly	1
shown	1
remember	1
crushed	1
sail	2
tribunal	1
imputations	1
insinuating	1
importance	2
occasion	4
dreaded	1
avarice	3
satellites	1
malcontents	1
noisome	1
for	46
commerce	2
silly	1
personalname	4
ye	1
selfish	1
political	1
leader	1
ridiculous	2
add	1
ministry	1
hurry	1
rejoice	1
ha	8
unequalled	1
good	1
these	17
abhorrence	1
perceiving	1
passion	3
poorly	1
trunk	4
pain	1
laying	1
duties	1
viscera	1
detail	1
average	1
apotheosis	1
resort	1
rejoiced	1
performance	1
shocks	1
superstition	2
nobles	1
project	1
commands	1
