chink	1
andfcuuions	1
satisfaction	1
joy	1
fend	4
coail	1
lelibns	1
excelled	2
theredudionofkho	1
profession	2
efforts	2
arabic1digit	33
female	1
equally	4
elian	1
gnawed	1
projected	2
mind	3
sterling	1
fortify	1
company	1
read	3
genius	7
received	2
praise	1
admitting	1
sure	1
fententiam	1
went	1
grand	3
ob	1
meagre	1
forts	2
star	1
ur	1
gratified	1
practice	2
romannumeral	9
use	2
ulcer	1
ilhiftrious	1
having	5
indifferent	1
abolition	1
comprehend	1
divine	1
impradlicable	1
expedition	1
should	5
came	2
disgrace	3
perhaps	1
seized	1
teach	1
ruin	3
setting	1
j	8
£lrot	1
difiio	1
words	1
blood	6
expeditions	1
nestled	1
loud	1
complete	1
fold	1
scurrility	1
now	12
rule	1
have	12
loads	1
the	563
morning	1
child	1
enemy	7
sauce	1
eafter	1
chiefs	2
enough	2
support	2
founds	3
belonging	2
actions	1
amicably	1
ing	2
exactly	1
vanidied	1
maxim	2
extremity	2
force	2
falt	1
bing	1
constant	1
immediately	1
paid	1
bliflers	1
insinuation	1
securing	1
own	11
patriot	1
poet	1
by	76
iimf	1
as	49
perfectly	1
fort	1
intoxication	1
metamorphosis	1
cfjmeaco	1
housekeeping	1
than	13
another	5
gambols	1
caustics	1
only	10
falls	1
full	1
served	1
related	2
continued	3
certified	1
names	1
thousand	2
exceed	1
relative	1
moria	1
liberality	1
speed	1
subject	1
find	1
sooner	2
lydian	1
leman	1
provided	1
established	2
rats	1
fmce	1
ideas	1
pursued	1
little	3
ignoramus	1
concert	2
htjiory	1
tarantula	1
defoite	1
burden	1
light	2
men	7
inasmuch	1
revile	1
settlements	4
infidek	1
laboured	1
nov	2
sagacity	1
instrument	1
managed	1
hi'tuites	1
befl	1
confine	1
jdredominated	1
golden	1
pleasure	4
shows	1
choosing	1
pacioufnefs	1
exhortation	1
notions	2
dugs	1
gim	1
nacks	1
performed	2
infuse	1
iliidies	1
fat	2
promotion	1
yeito	3
pulled	1
ni	2
discipline	1
at	25
dragging	1
regulated	1
arising	1
ion	1
angel	1
judgraent	1
machine	1
pretensions	1
heads	1
so	1
tor	1
carriage	2
yefto	2
conduct	1
accomplished	1
emissaries	1
just	1
contempt	1
actuated	1
muttered	1
gladden	1
adored	1
promised	1
proceeding	2
rising	1
does	1
democratic	1
carpet	1
wagon	1
wing	1
when	12
supreme	1
our	2
ocean	1
religious	1
charity	1
quo	3
ttfes	1
five	2
fubjedis	1
khumm	1
comedian	1
ed	2
poor	1
epithets	1
schemes	3
memory	1
opposite	1
affeded	1
aiirum	1
fliffand	1
after	4
measure	1
nature	2
search	1
elated	1
amounting	2
disputes	1
defeated	3
mathematical	1
gold	1
equal	1
whole	6
texture	1
imitation	1
empire	7
blail	1
faction	3
former	4
nata	1
fokh	1
divided	1
ever	5
crushed	1
partiality	1
behalf	1
unless	2
achieved	1
retreat	1
pacioufnefsp	1
arts	2
ured	1
general	8
frittered	1
hob	1
species	2
grossly	1
could	12
three	5
whereas	2
tropes	1
fpherej	1
quakers	1
there	5
bleeding	1
hisclofetthofe	1
appeared	1
dny	1
forced	1
soft	1
servility	1
successive	1
acu	1
receive	1
prolong	1
emoluments	1
brought	3
certai^a	1
teeth	1
fail	1
mention	1
customs	1
dismissed	1
theory	1
pur	1
cudgelled	2
filled	2
cause	1
canfult	1
granted	1
league	1
empiric	1
abject	1
opened	1
wont	1
stores	1
constituting	1
vigour	1
centuries	1
adventures	18
fettled	1
influence	2
td	1
whillle	1
terrors	1
feo	4
other	20
purpose	3
glyfter	1
perfuade4	1
fuel	1
diateffaron	1
politicians	2
judicious	1
retrenched	2
dear	1
ofyeflo	1
apprentice	1
took	8
bear	1
secret	2
scandal	1
strange	1
produce	1
poorness	1
broke	1
signifying	1
balmtng	1
surprisingly	1
thefpring	1
perceiving	1
majority	3
extremely	2
f	1
j^	1
produced	3
finish	1
determined	3
unhappy	1
most	4
deterred	1
article	1
overbearing	1
wings	1
interest	9
guns	1
dishonour	1
surrounded	1
knave	2
quantity	1
name	2
betwixt	1
infi	1
flerlino	1
utmost	1
ignorant	2
pensions	1
earth	1
fame	9
native	2
door	1
protection	2
candles	1
monk	1
require	1
obtain	2
tremble	1
adminiftrationi	1
gio	14
against	1
die	1
socks	1
shi	3
now'the	1
private	1
benighted	1
tv/enty	1
dreaded	1
traitors	2
off	4
meddle	1
plains	1
inland	1
although	1
confined	1
inoxa	1
beast	7
number	2
nation	3
tay	2
days	1
mighty	1
principles	1
numbers	1
begrudged	1
intimidated	1
illulions	1
illustrious	1
confounded	1
prizingly	1
war	10
galleries	1
thus	2
he	107
compliment	1
aft	1
up	11
soon	2
kneeling	1
into	10
tartars	2
many	2
inould	1
fire	2
tilk	2
dishonourable	1
merited	1
implied	1
excluded	1
beaifl	1
cruihng	1
afurprifmg	1
hence	1
drawino	1
t^vi	1
bellies	1
odave	1
distinguished	2
h€	1
whose	3
allowed	1
scalp	1
connoisseur	1
insinuated	1
oil	1
service	3
kakh	2
sweaty	1
rhe	2
thereof	1
naval	1
retrench	1
thin	2
brut	11
different	1
observe	1
known	2
collected	1
coco	1
equitable	1
apprehensions	1
yoke	1
proper	3
rokhu	1
seemed	8
party	2
refuse	2
thyfpirits	1
paroxysm	1
on	38
attack	1
painting	1
superintended	1
wooden	1
whom	7
thinks	1
who	34
fture	1
reigns	1
lay	4
brass	1
everywhere	1
below	1
commander	1
fifteen	2
fika	4
heit	2
o	8
sequestered	1
cuffing	1
engaged	1
advent	2
you	6
kitchens	2
ran	1
taught	2
retained	1
present	5
afllired	1
diftreiled	1
prime	1
offers	1
patronise	1
perfoii	1
kicks	1
caused	1
iion	1
trading	1
bye	1
peculiarly	1
modes	2
princes	1
surmount	1
umf	2
freebooter	1
enemies	2
belly	2
deterrriine	1
sovereign	3
its	15
tartarian	3
revenge	1
pends	1
petty	2
fappofed	1
affect	1
underwent	1
ibe	1
jecfted	1
round	1
faints	1
relation	1
sole	1
each	5
least	1
meanwhile	1
evil	1
discomfited	1
ihe	1
win	1
proviso	1
proud	1
peacock	3
given	3
winds	1
fell	6
famekind	1
cruises	1
y	6
impolitic	2
reprobated	1
however	10
administered	1
eastern	1
whiilcers	1
publifii	1
aloud	2
lingered	1
fate	2
cracks	1
humaji	1
lurch	1
allowance	2
raised	2
alive	1
predatory	1
meaning	1
c«fs	1
chiefly	1
feleffing	1
alt	1
called	4
affairs	1
constructed	1
fum	1
patient	1
used	2
told	1
resolved	3
division	2
baba	7
mountains	1
body	1
kind	2
applause	2
deprived	2
way	7
moon	1
honest	1
smooth	1
inevitable	1
impression	1
away	1
adjel/lione	1
universally	1
ungovernable	1
considered	1
bein	1
plans	3
my	3
foremcft	1
epiphanius	1
xantippe	1
year	3
formed	1
iliare	1
boundaries	1
hunger	1
single	1
province	1
smile	1
determine	2
fascinating	1
is	28
failed	2
opinion	1
flandj	1
huge	1
hath	1
fotartarifed	1
owed	1
andbaglivi	1
vol	2
health	1
pocket	1
do	5
ditches	1
miighteftbe	1
happened	1
fellow	1
heard	3
chinese	15
afflicted	1
demagogue	1
insulted	1
foul	2
kaka	3
illusions	1
com	1
breech	4
formerly	2
athos	1
meal	1
commanddevolved	1
driven	2
transports	2
commanded	1
theaccarfcd	1
tables	1
never	4
help	1
loff	4
crept	1
immense	2
ftone	1
woman	1
their	44
invention	1
setup	1
state	2
cries	1
simpler	1
began	8
nour	1
i'he	1
announce	1
streets	1
excursions	1
dominions	1
expedient	2
alio	1
cold	1
khan	4
tanti	1
terniination	1
bha	2
damned	1
ca/k	1
gy	1
iisht	1
make	9
fawn	1
boh	2
re	3
chattered	1
kicking	5
chimneys	1
hemisphere	1
chamber	1
craved	1
projeding	1
random	1
prescribed	1
d	6
surrendered	1
provoked	2
next	2
example	2
explosion	1
mobile	3
crawled	1
hand	4
why	1
attached	1
pretend	1
timorous	1
conquest	2
mischief	1
order	3
to	191
even	6
i'the	1
prqved	1
counted	2
prophettaycho	1
among	3
acflually	1
malcontent	2
convuliion	1
turned	3
bama	1
banyan	1
assisting	1
monster	6
pacification	1
patronising	1
discussing	1
declared	2
torn	1
father	3
fcll	1
impradicable	2
thread	1
twinkling	2
bulldogs	2
trial	1
recalled	1
posture	1
out	7
walls	2
equipped	1
risque	1
foundation	1
beloved	1
bron	5
acquire	1
destination	1
manner	1
expelled	1
po	1
ministry	2
foresee	1
lad	1
understood	1
coun	1
language	1
frontiers	2
muiic	1
bound	1
erroneously	1
predicament	1
suited	1
land	4
become	2
matter	1
and	232
audience	1
captain	1
jlrot^	1
perseverance	1
commotions	1
seems	1
quam	2
fears	1
territories	1
phrygian	1
accept	1
enjoyed	1
system	1
thon	1
princess	1
provision	1
undervalue	1
ad	1
elevated	1
hard	1
hands	1
illiberal	1
may	3
reformed	1
bewitched	1
grease	1
distance	2
swallowed	1
engage	1
quite	1
jealouiy	1
magnanimous	1
growing	1
oecanomy	1
apostle	1
country	4
grandame	1
commanders	1
remedy	1
mother	1
much	7
french	1
servants	1
convert	1
distinction	1
inclination	1
bestow	1
ensuing	1
hce	1
wholly	2
irt	1
orator	14
extended	1
faint	1
wonder	1
fiat	1
rear	1
style	1
knight	1
capital	2
disease	1
cudgelling	1
leave	3
book	1
effect	2
less	1
vln5ta	1
vain	1
saying	2
endued	1
bosom	1
e	5
insensible	2
motives	1
security	1
venerable	2
whilst	1
works	1
roast	1
doomed	1
enim	1
horfc	1
erudition	1
oat	1
tiffi	11
diflatisfacftion	1
gridiron	1
hoafliold	1
person	4
aim	2
t^lfi	1
fundamental	1
move	1
near	3
bead	1
formation	1
improvement	1
colours	1
kv^vi	1
dispositions	1
qua	1
owa	1
struck	1
slain	1
new	9
duorwm	1
night	2
original	1
aich	1
aflbciated	1
elevation	1
done	2
slaves	1
beall	1
infatuation	1
discretion	2
look	1
rancorous	1
marrow	1
true	2
long	5
hock	1
ren	1
windmills	1
household	1
curtailed	1
apartment	1
kin	1
turns	1
cafes	1
yak	14
condu(^l	1
everybody	1
deceased	1
gate	1
difference	1
corriipit	1
well	5
third	4
atlaftgotto	1
yourfucceflionto	1
intelligent	1
course	2
fuc	1
ya	4
tak	1
familiar	1
because	8
saved	1
v/heii	1
threw	1
\\\€\x	1
precisely	1
fortress	1
army	4
music	7
conqueror	2
conjed	1
further	1
rejoice	1
paces	1
composed	1
live	1
life	2
branding	1
knew	2
inscription	1
kaha	1
penqe	1
sequel	1
field	1
chiteds	1
dreamed	1
greatly	1
thaf	1
agitation	1
him	24
officers	3
prognoftlcate	1
brayed	2
circumstanced	1
conteff	1
mians	1
chagrin	1
powers	1
flood	1
day	4
advantage	2
arms	3
cares	1
are	9
that	74
business	3
populace	1
owned	1
thedairos	1
brink	1
axletree	1
domestic	1
until	1
adminiilration	1
tartar	2
minister	1
reported	1
mercenary	1
debt	1
whatever	2
must	3
ofobans	1
sometimes	1
diibb'mg	1
appointed	3
appoint	1
ahpa	1
capitulation	1
generals	3
several	1
conclude	1
g	1
parties	3
ar	1
sacred	1
institution	1
jure	2
extravagances	1
dazzled	1
necessary	1
ilroyed	1
it	65
pupil	1
quarters	3
altogether	1
mixture	1
furnish	1
cem	1
mediation	1
eve	1
flap	1
veramque	1
taper	1
early	1
dire	1
thi	1
dubbed	1
differences	1
breathed	1
all	29
maybe	1
place	2
pans	1
think	3
vidories	1
making	3
constitution	1
tottenham	1
construction	1
minority	2
gallant	2
adve7itii7'es	1
faf	2
know	5
stand	2
once	6
period	1
success	4
hi/lory	4
whiille	1
tic	5
suspected	1
of	377
obscurity	1
relations	2
far	3
deserted	2
truckle	1
undecifive	1
retreated	1
difficulties	1
irons	1
not	37
kickjy	1
concords	1
hold	2
torture	1
executing	2
literally	1
grumbled	1
dark	1
deiiring	1
de	4
claims	1
she	4
intones	1
decree	2
concern	1
odlave	1
run	2
hearts	1
faculties	1
ten	1
preferment	1
bours	1
fragile	1
attention	1
fchatka	1
treaty	2
scratch	1
greeks	1
drum	1
chief	5
lethargy	1
factions	1
cherish	1
times	2
longer	2
pitch	1
those	9
come	1
fcenc	1
retorted	1
rattle	2
k	1
hook	1
which	59
be	33
armaments	1
triumph	2
shook	1
feat	1
dreary	1
st	1
commerce	1
conceal	1
arabic2digit	28
aites	1
perpendicular	1
blessed	1
narration	1
oratortaycho	1
members	1
superfluities	1
tetrachord	1
peace	6
courageous	1
food	1
admiration	1
bullock	1
her	7
squeezed	1
jack	2
pulling	1
express	2
hitites	1
wjlory	2
connected	1
gradually	2
farthest	1
though	6
drawn	1
blew	1
forgotten	1
again	2
encountered	1
delirious	1
adversaries	1
neither	2
majesty	2
justly	3
avarice	1
liar	1
falling	1
farm	5
chromatic	1
always	7
globe	1
saluting	1
industriously	1
hundred	4
culprit	1
puncslilio	1
kumf	3
tub	1
often	1
pro	2
combinations	1
undergone	2
declares	1
death	1
notice	1
convened	1
fool	2
connoilteurs	1
during	2
vengeance	2
sorcery	1
preceptors	1
from	34
infamous	1
oppressed	1
cowardly	1
themselves	3
big	1
numerous	1
keep	3
manage	2
balance	1
nd	1
liberal	2
mr	1
for	54
cavern	1
fresh	2
negkded	1
distressing	1
pythagoras	1
phal	3
destroyed	2
nedidine	1
tij8i	1
summer	2
vigorously	1
had	60
concur	1
squadrons	1
hoe	1
braying	1
ftrot	8
talk	1
corruption	5
occaiioning	1
truly	1
slept	1
court	5
affront	1
govern	1
valuedhim	1
affecting	1
subsidies	1
crown	1
mura	1
physicians	2
habitation	2
honour	5
tilk^	2
almost	1
oi	2
still	4
retired	1
decline	2
cafe	3
kamt	1
did	14
fatz	1
fyn	2
ejaculations	1
adapted	1
two	13
degree	1
apartments	1
none	1
defence	3
time	10
demonstration	1
mtx\{q	1
articles	1
eifedl	1
half	1
nefe	1
whiskers	1
mob	1
campaign	2
ancients	1
generally	2
effcd	1
borum	1
your	1
across	1
desired	1
exiting	1
first	7
tail	3
homage	1
thickest	1
observed	1
mali	1
god	3
assemblies	1
consequence	1
prayers	1
t	1
diminish	1
unheard	1
appearing	1
consternation	2
disturbance	1
compromised	1
unsuccessful	1
liould	1
hama	4
pray	1
fleets	1
inconvenience	1
condition	1
mounting	1
urn	1
hung	1
puffendorf	1
bandage	1
founded	1
presented	2
impossible	1
stranger	1
pose	1
vast	1
drub	1
dying	1
author	1
popularity	1
remonstrances	1
thisfatfifian	1
diversion	2
prepare	1
offices	1
others	2
short	1
sey	4
last	4
processions	1
superfluous	1
fanaticism	1
very	4
favourites	1
few	3
himself	10
everything	1
his	129
forming	2
sustained	1
carry	2
th€	1
powder	1
english	2
unparalleled	1
intervals	1
ftock	1
they	25
twelve	1
continuance	2
bib	1
digging	1
astronomers	1
conceived	1
made	13
benefit	1
/jac	1
inftanc	1
annum	1
coincided	1
cof	1
paper	1
happily	3
incredible	1
ofinces	1
victories	1
rather	1
prevailing	1
tion	1
suffering	1
lant	1
kick	10
increase	1
bard	1
eaer	1
insolent	2
borrowed	1
effectual	1
shameful	1
reigning	1
ticket	1
precipice	1
minions	1
administration	4
unpadlock	1
great	10
misfortune	2
delay	1
thought	3
contracting	1
continent	5
human	1
likely	1
any	10
truth	3
vicissitudes	1
hearing	2
eigh	1
or	24
second	1
crotona	1
beat	2
how	6
wheels	1
summons	1
ia	1
southern	1
veins	1
fleams	1
hide	1
enthusiast	1
apothecary	1
custom	1
ftephe	1
holiday	1
merely	1
four	3
absurd	1
distemper	1
indeed	7
indulgences	1
discourage	1
persecuted	1
felf	1
effedual	1
lick	1
poo	2
hurt	1
fide	2
mark	3
one	15
fiiould	1
view	3
tibia	1
cuffed	1
ures	1
said	4
creation	1
purse	1
squadron	1
diverse	1
bed	2
ascend	1
cooks	1
left	6
^ivickfy^	1
mirth	1
water	2
news	2
^ihe	1
shoulders	1
luminary	1
acquisition	1
coast	2
yan	2
millions	2
fubmltted	1
besieged	1
jollity	1
r	2
acted	3
kept	2
indnterently	1
intention	1
enabled	1
clami	1
turn	4
preached	1
i'be	1
corea	2
mouths	1
exposed	1
sufficient	1
eagerness	1
otherwise	1
ordinary	2
trans	1
wah	1
advantages	2
umf'heits	1
too	3
crouching	1
trust	1
sofar	1
these	13
ministers	1
along	1
being	9
stimulated	1
young	2
jealaufy	1
spits	1
under	6
torch	1
dismiss	1
youth	1
phrase	1
money	4
bliilers	1
foremost	1
dull	1
merit	2
chemist	1
fonie	1
seem	2
me	1
adoration	1
retire	1
quicken	1
pounds	1
jj	1
afteded	1
them	11
more	17
ready	2
surprise	2
besides	2
a	134
hate	1
unguarded	1
fori	1
dispelled	1
consented	1
been	13
shk	1
taking	2
pain	1
na	2
adventurer	1
troops	3
passion	1
harbours	2
if	3
thedairo	1
likewise	1
destruction	1
approbation	2
an	63
non	1
feasible	1
board	1
frontier	1
japo	1
oidrub^	1
studied	1
ter	1
fifio	1
beaten	1
ought	2
sea	4
gw	1
both	5
stipends	1
recommended	1
hail	1
eight	1
friends	2
collection	1
expired	1
deliberations	1
morrhoijjay	1
egg	1
fubfidizin?brut	1
best	1
assembled	1
anti	1
leered	1
carries	1
fettle	1
entertainment	1
rude	1
salutation	2
trophies	2
chariot	1
khutt	1
power	2
towards	1
uncertainty	1
about	9
roused	1
organs	1
protect	1
free	2
drubbed	1
intoxicated	1
rock	1
then	8
composition	1
hooter	1
imagined	2
but	35
love	1
blatant	4
cheek	1
silk	1
tails	1
ended	1
operation	2
ra	1
dumb	1
belli	1
started	1
us	2
tell	1
interfered	1
nothing	7
loaded	1
giver	1
bottom	1
declaring	1
caution	1
command	2
patiently	2
talents	2
seton	1
possessed	2
courts	2
lucrative	1
hill	1
pronounced	1
taken	3
whang	2
dreadful	1
wed	1
included	2
exercise	1
ftill	1
tenement	1
painters	1
popular	1
imperial	3
rythm	1
might	5
iron	1
bewail	1
nin	1
thedairoandhis	1
cheer	2
negotiation	2
alarm	1
wanton	1
petition	1
horror	1
due	1
attempt	1
prosecution	1
infringe	1
voice	1
bonzes	1
difguflied	1
ills	1
niutilated	1
intartary	1
smoke	1
intolerably	1
boldness	1
ranked	1
bones	1
fubje^t	1
render	1
play	1
back	4
drew	1
tohn	1
universal	3
yearly	1
personalname	3
fo	13
accompanied	1
emotions	1
entirely	1
superlative	1
abusive	1
descent	2
hi	1
attitude	1
satisfied	1
abolish	1
fourth	2
embraced	1
here	2
northerly	1
favourite	2
multitudinous	1
rich	1
contrary	1
literary	1
durft	1
firmly	1
affeftion	1
fifth	1
neighbours	1
teen	1
utterly	1
ki	1
genera	1
importance	1
choice	1
zeal	1
placename	32
drubbing	1
occasion	3
heartily	3
small	2
means	2
servile	1
legs	1
nbos	2
skilled	1
ver	1
jud	1
accordingly	3
propernoun	132
excellences	1
i	13
mounted	1
raft	1
hills	1
respect	1
maxims	2
peripatetic	1
thou	2
without	12
twenty	1
delighted	1
duration	1
scores	1
views	1
advanced	2
greatest	1
grotius	1
lines	1
armament	5
quack	1
tender	2
undergoes	1
romans	1
season	1
actnally	1
expensive	1
storms	1
friendlliip	1
natural	1
graciously	1
grates	1
tongs	1
dise	1
injuria	1
groan	1
abridged	1
whistled	1
succeeded	1
fi	1
despised	1
blaze	1
were	35
elsewhere	1
diredlions	1
parcel	1
digram	1
detach	1
lrot	1
scheme	5
thum	1
thwacked	1
drawing	1
majeily	1
faithful	1
followed	1
every	8
fand	1
nor	5
describes	1
except	2
head	3
alliance	2
establish	1
continue	1
was	112
designed	2
in	141
ma	1
patron	1
donatus	1
socrates	1
inaccessible	1
appearance	1
kingdom	1
favour	7
pads	1
scarce	1
got	6
thecrier	1
twice	1
such	12
recovery	1
severely	1
lie	1
sympathy	1
shall	2
village	2
inferre	1
profound	1
addressed	1
man	6
what	3
bow	1
dozen	1
i<lt\\	1
either	2
fon	1
whence	1
calumny	1
breakfast	1
piles	3
ascended	1
instant	1
conjunction	1
considerable	1
frenchman	1
indian	1
chivalry	1
experiment	2
till	5
attended	2
acflagainft	1
cadence	1
appears	1
raw	1
h	1
temple	2
island	3
cruel	2
hag	1
nearly	1
outward	1
lo	1
lower	1
prey	1
palace	3
proportion	1
renewed	1
ear	5
pimto	1
resembles	1
itself	4
assembly	2
defunct	1
khanj	1
frilk	1
measures	1
record	1
ruler	1
vernment	1
practised	1
etiquette	1
ihades	2
philofooher	1
ambassador	1
action	1
printed	1
harmony	1
exceeded	1
quab	6
government	6
cf	2
atom	23
hesperus	1
co	1
variety	1
melopceia	1
before	4
disposition	2
directed	1
pudvflure	1
kicked	3
undertake	1
rendered	2
ears	2
art	6
lake	1
reduced	3
family	1
philosopher	2
feeii	1
bestowed	2
real	1
himfelfintirely	1
sent	2
danger	2
fun	2
harangues	1
rife	1
barbers	1
tkcm	1
therefore	4
kennel	1
will	2
mastery	1
priestcraft	1
producing	1
patriarch	1
above	1
plundered	1
interrupted	1
self	2
entered	1
draw	1
righteousness	1
swelled	1
fulnmians	1
fadlions	1
inconsiderable	1
wsr	1
betokens	1
patriotism	1
impatience	1
amused	1
eji	1
centred	1
clothing	1
smite	1
where	4
legion	1
obtained	4
over	6
colour	1
phi	1
upon	22
hounds	1
immemorial	1
provisions	1
try	1
detachment	1
qualified	1
pieces	1
undergo	1
fenfibleofthe	1
talent	1
graze	1
possible	2
scale	4
admitted	2
annual	1
ago	1
thins	1
neutral	1
outrage	1
part	6
0'^	1
successor	2
added	1
beginning	4
worship	1
themantchouxtartars	1
closer	1
stretch	1
kha	2
discovered	2
situated	1
wnf'heit	1
drink	1
hel	3
cursed	1
friend	3
soup	1
people	7
easily	1
regulating	1
resistance	1
crowned	1
saucy	1
opening	1
tops	1
put	4
while	5
gather	1
mountaineer	1
kho	1
gladiator	1
descendant	1
tidings	1
usual	4
hoarse	1
perfect	1
abortive	1
evacuations	1
lore	1
horn	1
tartary	8
member	1
reins	3
simple	1
io	1
moreover	1
infect	1
partly	1
perceived	1
ambition	1
tribe	2
diet	1
neft	1
fly	1
conceits	1
loved	1
nick	1
vice	1
absolute	1
react	1
reserved	1
holy	1
gratification	1
alienated	1
nob	1
substance	1
groped	1
frtfure^	1
fuppoli	1
cry	1
value	1
powerful	1
declare	1
anything	3
consequently	1
fliiver	1
talentsor	1
fays	1
refer	1
discomposed	1
instead	2
silently	1
particularly	1
plan	3
alleged	1
genial	1
proprietor	1
restored	1
knees	1
speculation	1
mud	1
bodyguard	1
fixed	4
foe	1
able	2
combat	1
king	2
darkness	2
office	1
burrowed	1
thefhambles	1
buttocks	2
hole	1
thickened	1
pra<5tifed	1
take	2
places	3
rum	1
cloud	1
promulgate	1
contract	1
raising	1
caprice	1
rhapsodies	1
afew	1
vas	1
ferment	1
blind	1
fa	1
proved	2
gentium	1
mioftart	1
t/je	1
ally	6
poetical	1
growled	1
bupo	2
singular	1
aulpicious	1
tributary	1
tried	1
eye	2
beair	1
sacrificing	1
frequently	1
council	8
inquire	1
witk	1
cuilom	1
vi(flory	1
seen	1
mean	1
bite	1
nice	1
kiflfed	1
fealty	1
ail	1
kinsman	1
peopk	1
fortune	3
upright	1
ceremonies	1
thoughts	1
through	4
emperor	9
glorious	5
appellation	1
communicated	1
fime	1
stubborn	1
fiacre	1
anoint	1
outlived	1
defenceless	1
wife	1
good	7
houftiold	1
tavcho*s	1
thee	1
pipe	1
ft	1
rain	1
mufie	1
venture	1
traveller	1
design	1
like	1
hind	1
journey	1
retaliation	1
this	53
personas	1
disorder	3
ab	1
gained	2
cicero	1
disgraced	1
amorous	1
lilio	1
otte	3
cho	2
display	1
th	1
defensive	1
clock	1
injedted	1
cpnverted	1
found	10
brood	1
yet	3
thither	1
actually	2
saw	5
spirits	1
lately	2
remarkably	1
continual	1
marches	1
perspective	1
laries	1
discharged	1
worsted	1
refearcheg	1
iarn^	1
shut	1
tempering	1
colony	1
hobbled	1
spirit	2
heat	1
fanatic	1
nothinir	1
spot	1
obliged	3
poisonous	1
would	13
remiss	1
luenokt	1
levied	1
employed	3
fine	2
analogous	1
possession	1
poffelted	1
interval	1
ascribed	1
injure	1
ximo	2
inveterate	1
north	1
suspicion	1
imbibed	1
cancerous	1
disposed	1
horfes	1
operations	2
islands	1
pence	1
prefer	1
eyes	2
precept	1
lived	1
sepulchre	1
invoked	1
resolutions	1
maintain	1
plunder	1
proclaimed	1
naturally	1
compositions	1
heart	1
boatlwain	1
imperfect	1
history	3
no	22
show	1
end	1
converted	1
triumphs	1
uncandid	1
double	1
harna	1
let	2
victory	3
engagements	1
smear	1
won	1
exhilarates	1
thinking	1
return	3
knowledge	2
expense	6
length	2
winter	4
refoived	1
jubilee	2
sometime	3
s	1
burning	1
between	2
destroys	1
essay	1
booty	1
hyub	1
punished	1
we	3
hires	1
old	4
diflantfituation	1
orichalco	1
secure	1
particular	2
already	2
fatal	1
milked	1
advised	1
some	9
employment	1
drive	1
bewildered	1
individuals	3
jit	1
providing	1
fixing	1
ancient	3
inactivity	1
concerned	1
blessings	1
equipment	1
flrot	3
charge	1
b.c	1
waved	1
honoured	2
presides	1
librarian	1
parts	5
religion	1
resulted	1
flight	1
freedom	1
battle	2
nay	2
respects	1
boys	1
trembled	1
throne	2
obans	2
arrogated	1
decayed	1
face	3
armies	1
fyfiem	1
sensible	1
leen	1
displayed	1
secularised	1
pretended	1
sti	1
with	65
science	1
benejfit	1
hurts	1
became	1
quib	6
repining	1
plain	1
ordure	1
yldventures	1
landing	1
cleavers	1
also	1
type	1
mortified	1
confonances	1
box	4
minus	1
exploit	1
reasons	1
rode	1
wag	2
gun	3
economy	2
oration	1
mount	1
prince	4
connexions	1
hours	1
expended	1
public	3
knows	1
rudiments	1
notexcepted	1
distress	1
want	1
honourable	2
comforts	1
military	2
lace	1
scum	1
education	1
friendship	1
certain	4
