reducing	1
project	2
satisfaction	5
joy	4
vanquish	1
alter	1
conclude	1
profession	4
efforts	3
possible	9
ought	20
chiefs	1
mind	16
ezecum	1
king	114
maintained	3
company	13
read	14
genius	2
sceptre	1
authorities	1
surmounted	1
prophets	1
fins	2
infantas	1
*iio	1
courage	4
exhibit	1
same	43
hague	1
exemplify	1
renown	1
tressels	1
fourscore	3
tales	1
refute	1
terrible	9
practice	2
travelling	4
use	11
dwelling	2
sacrifices	1
protećtion	3
prepared	3
comprehend	3
divine	3
expedition	2
flowered	1
persian	3
friend.’	1
proceedings	1
teach	10
ruin	6
consulting	1
unfolding	1
denial	2
miscreants	1
words	19
hardship	1
idr	1
happy	11
fame	2
arrive	1
eight	7
superb	1
land	2
tied	1
spare	1
surpassed	2
friends	9
consciousness	2
dangerously	1
go	42
belief	4
simple	3
debate	1
have	177
sentiments	2
latin	5
respecting	1
remembered	2
enough	12
bushes	1
cruelties	1
smart	1
fields	2
permanent	1
incommoded	1
desperate	2
sacramental	1
grandeur	2
willingly	1
maxim	2
mere	3
thick	2
esterday	1
calamities	1
doćtrines	2
immediately	22
goodness	1
confirm	2
discovery	6
mahomet’s	1
joiner	4
passing	2
doing	2
patriot	1
give	35
pyrrhus	3
poet	1
by	202
hasted	1
augmented	1
gates	7
prejudiced	1
breaches	1
wedding	2
than	70
wretchedness	1
bless	3
complaints	2
another	20
hand	14
suit	2
owing	1
falls	1
attributed	1
shuddered	1
dispute	4
full	17
served	2
urged	4
hibernian	1
inclination	7
appease	3
continued	15
valour	3
armenian	7
states	1
sweet	3
curse	1
catching	1
mix	1
balance	1
insisted	1
subject	2
find	17
rejoicings	2
ingenuously	1
kindled	1
smiles	1
rack	1
pursued	4
enact	1
little	22
wishes	3
absolutely	1
light	1
men	35
sabre	1
laboured	4
answerable	1
doctor	4
happiness	9
instrument	2
managed	3
excepted	1
audaciousness	1
went	51
months	1
mi	1
eminent	1
pleasure	7
asking	1
pressing	1
sectaries	1
displeased	3
pot	4
troubled	1
banishment	1
flower	1
entreated	2
merry	2
grieved	2
brocaded	1
nightgown	1
contend	1
sufficiently	5
rival	2
majesty	9
fled	2
profusion	1
at	176
dragging	1
departure	1
timulated	1
stolen	1
insist	1
eased	1
so	111
flexions	1
throats	1
extolled	1
mutual	1
hero	7
born	2
destructive	2
engaging	1
moment	14
ce	2
solicitations	1
alighting	1
pierced	1
wing	1
last	26
soldier	1
our	24
religious	1
snatched	1
say	22
moisture	1
contribution	2
upbraid	1
drowned	1
strife	1
tone	1
suitors	1
get	9
ed	2
thrusts	1
following	17
poor	11
bulk	1
unlike	1
politic	1
bound	2
exalted	2
sword	6
age	5
nature	5
garments	2
seat	1
disputes	1
rious	1
briefly	1
horoscope	1
dissimulation	4
drink	3
frontier	1
empire	3
cloudy	1
kneel	1
arose	1
mandarin	1
recovers	1
duties	2
says	10
husband	23
divided	5
ever	25
girt	2
selim	2
faults	2
prisoner	1
inspire	4
practicable	1
better	13
weaker	1
general	9
natured	1
species	1
tapis	1
three	10
ardour	1
struggling	1
handsomer	3
apart	1
fix	1
country	16
emotions	1
erred	1
immediate	1
safely	2
soft	1
hasty	1
vindicate	1
unbaptized	1
receive	6
floor	2
determining	1
scholars	1
hair	2
frightfully	1
teeth	1
standard	1
autumn	1
banks	2
pay	6
prospečt	1
af	2
wounds	2
destine	1
expestation	1
ceylon	1
ah	4
fleg	1
sultaness	2
melancholy	4
retrieve	2
something	4
companions	4
erected	2
arrived	11
ablest	1
liberty	3
hell	18
detest	1
terrors	1
planted	1
convinced	4
confessed	2
friend’s	1
covered	6
soldiers	12
plying	1
contest	1
dear	22
preachers	1
instead	10
diligence	1
secret	12
farewell	1
warmth	1
produce	3
listen	3
tent	3
broke	6
makes	7
wars	5
infidelity	2
armed	1
saviour	1
murmur	1
f	87
constrain	2
band	1
interred	1
bows	1
determined	8
expected	4
veil	2
ascending	1
aétually	1
courier	4
bestow	1
pelagians	1
colours	2
ilabwab	1
pavilion	1
musk	1
womb	1
spirit	3
morning	20
quantity	1
n	76
prayer	2
surprised	17
laws	2
utmost	5
satisfactions	1
decide	1
greater	4
daunted	1
present	9
bare	1
door	11
met’s	1
didst	1
candles	1
loaded	4
wrung	1
conquered	2
tilling	1
heroic	1
married	11
mail	1
enforce	1
furniture	3
issue	2
supposed	7
bala	2
ladies	9
ro	1
turning	8
meanness	2
repentance	1
tempted	1
quins	2
horrible	3
festival	2
hold	6
desirable	2
number	8
nation	2
ared	1
opportunities	2
adding	3
transformed	1
telling	4
communicating	1
complacently	1
deceivers	1
intimidated	1
confounded	2
disguised	1
wickedness	1
honourably	1
willing	2
he	531
communicate	1
shame	5
promise	7
lamentable	2
soon	34
effects	6
nightingales	1
doctrine	1
purple	2
turkish	3
now	28
incumbent	1
furnished	2
james’s	2
tellest	1
right	17
virgins	2
salutation	1
ladies’	1
occasions	4
bellies	1
foreign	2
extends	1
sumptuous	1
rational	2
horses	7
couple	1
feed	1
the	2267
compass	3
rung	1
pope	3
m	129
reservation	1
slaughter	1
severity	1
crying	5
curled	1
overnight	1
folly	4
cº	1
leaders	1
known	7
virtues	4
enemy	13
prevaricators	1
teakettle	2
battie	1
obedient	1
dabat	1
foreseen	2
inhabitants	6
lightning	2
dalliances	1
modern	1
intrinsic	1
betrayed	4
create	1
indifference	2
destined	1
mistake	1
roared	1
induced	2
heavenly	5
meat	2
who	157
hopes	4
guess	2
glečted	1
below	2
lives	3
exterminating	1
towns	4
apply	1
thank	1
germans	1
narrowly	2
son-in-law	3
consult	2
betray	3
probably	1
sort	2
bleeding	1
sending	1
recolle&ting	1
volga	1
piety	1
bring	12
animated	3
fortunately	1
ships	1
taught	5
veracity	4
reject	1
discoursing	1
compassion	2
prime	3
fićtitious	1
bride	1
marks	5
ways	1
peculiarly	1
improved	1
torrent	1
divide	1
plank	1
husbands	3
faithfully	2
loss	4
persians	3
ing	1
trees	4
impatient	3
fion	1
direét	1
stirs	1
indiscreet	2
petty	4
mighty	3
revels	1
relished	1
affect	1
sleep	6
persecuting	3
round	6
spot	3
feel	3
each	18
faces	2
meanwhile	4
importance	7
garden	3
enemy’s	2
highly	2
colonel’s	1
informed	12
families	2
repaired	5
blot	1
empirics	1
mechanics	1
cured	1
rank	5
y	109
begged	1
force	10
freeman	22
complicated	1
devout	2
diverted	1
procures	1
morality	4
s	48
rumour	1
furious	3
emotion	2
fate	2
possess	3
de	2
highway	1
repeat	1
videlicet	1
diffinulation	1
approaches	1
undress	1
quarter	2
cap	1
siege	1
embrace	1
bonfires	1
asserted	1
viz	1
vigilance	1
abroad	4
dalliance	1
trembling	1
gardens	4
hither	7
used	2
breath	2
declined	1
sentence	3
resolved	13
domitian	1
springs	3
dutch	2
body	3
mercy	4
applause	2
respite	1
luminous	1
deaf	1
honest	2
alarm	4
rely	1
admire	1
keys	3
away	19
stupified	1
disdainfully	1
incapable	2
built	3
reason	10
probable	2
throughout	1
perceive	4
horror	2
herdsman	14
road	3
forsake	1
expressions	1
formed	4
watery	2
chill	1
symbol	1
sixth	1
vassal	1
determine	2
enter	3
convicted	1
incomprehensible	1
maiden	1
wind	2
aifair	1
brings	1
afflićtion	2
apparel	3
unluckily	1
common-sense	1
quiet	3
adoration	1
observing	1
overheard	1
jews	3
happened	18
together	13
vigour	1
grave	2
complained	1
helpless	1
sidras	1
move	2
facts	1
able	7
else	4
near	10
eternal	1
driven	1
transports	2
augmenting	1
insensibliity	1
seraglio	1
numbered	1
quarrel	2
expressly	1
escaped	5
tempers	1
wrapping	1
their	116
creditors	2
singular	1
doleful	2
preparing	1
cries	2
nymians	1
ring	1
daughters	1
pernicious	3
demonstrated	1
passionate	1
lament	2
flesh	5
crime	5
grounded	1
baptist	1
home	29
fountain	1
mosque	1
freemen	1
spahis	1
tears	6
persuaded	4
large	6
requested	1
intended	9
establishing	1
chains	1
plain	14
doćtrine	2
multitude	2
creature	4
deprive	1
riser	1
orange	1
reflet	2
attachment	1
bench	1
straining	1
chamber	7
swear	4
pure	1
asunder	1
knowing	3
touch	1
doćtors	1
excite	1
d	40
surrendered	1
provoked	2
ship	3
animosities	1
prostrate	1
enclosed	1
ingenious	1
skilful	1
convoyed	1
pretend	4
prompted	1
regular	1
torments	3
order	16
peremptorily	1
universal	4
forgot	3
transačted	1
confound	1
cavalcade	1
shape	1
delivered	2
among	25
deposited	2
wisest	1
quality	4
shirt	1
stately	2
hail	1
adequate	1
turned	7
mosques	3
blinded	1
vićtory	2
roof	1
done	21
lemon	1
pitch	7
affliction	1
visitors	1
attend	1
possesses	1
torn	1
message	2
insinuate	2
father	40
denounced	1
path	2
fulf	1
lands	1
humanity	1
future	5
communication	2
indignation	2
guarded	2
assuring	1
epilepsy	1
grief	5
poniard	1
attracting	1
latter	1
promoted	1
dućtive	1
inquiries	3
senators	5
scene	2
futurity	1
superior	7
ear	1
beards	2
needs	1
ease	1
strewed	1
refle&tions	2
frontiers	1
lamentation	1
certainty	2
delicate	1
sequins	3
look	9
scourge	1
related	5
looking	3
line	1
disgraced	2
black	21
kingdoms	3
captain	57
blow	4
constant	2
seems	1
deluged	1
sorry	5
personal	2
territories	2
desiring	1
temper	8
princess	33
sticks	1
heavens	7
coming	8
distance	2
saltwater	1
shocking	1
thousand	23
earnestly	2
watched	2
rampart	1
cannot	18
eyes	9
overtook	1
affection	1
advantageous	2
woman	9
chant’s	1
forth	5
burst	1
cuirasses	1
absolute	2
committed	3
antagonists	1
fatiguing	1
wherefore	2
stature	1
convert	2
entire	2
criminal	2
sc	1
timur	2
mrs	15
meeting	2
posse	1
intermeddle	1
oppression	2
reverenced	1
shoemaker	1
publish	1
rear	1
decorations	1
mayest	1
bright	1
turns	2
capital	3
evidently	1
propensity	2
robbers	2
sold	4
less	8
sloth	1
vain	5
window	13
whenever	3
surveyed	1
disease	2
ou	1
prin	1
decorated	1
meant	1
acquaintance	2
silver	3
venerable	3
cried	15
whilst	4
works	5
resemble	1
appearing	1
enly	1
longing	1
burn	3
one’s	1
palace	29
allow	4
generosity	1
corrupted	1
person	19
bravery	3
forthwith	1
incitement	1
emperor	3
stratagems	1
situation	4
prince	17
’tis	1
affections	1
providence	1
humbly	1
spahi’s	1
slain	1
athenians	1
new	12
undeceived	2
imputing	1
night	36
building	1
extort	1
buried	1
top	5
believe	23
slaves	13
capricious	1
high	5
stairs	1
discretion	2
lot	3
falsely	1
please	5
true	14
long	14
estate	5
quite	4
unlucky	3
rid	1
gathered	3
deliverance	1
obstacles	1
careful	2
bought	3
fvam	1
abode	3
exposed	3
unpolluted	1
sight	2
resolve	3
gate	4
gossips	1
wounded	6
blast	1
well	39
listened	2
third	4
whosoever	1
course	6
magnificently	1
ya	1
certain	8
impatiently	1
compliance	1
undoubtedly	1
goodwill	1
occasion	9
g	33
candia	3
music	2
prepare	2
utter	1
further	3
flat	2
tonight	1
miserable	2
obscurity	2
looks	3
begets	1
warriors	1
distraćted	1
scimiters	3
run	2
elegantly	1
saved	2
air	20
5oo	1
punctuality	1
test	1
indiscretion	2
ishmael	1
officers	13
concupiscence	1
degenerates	1
condemned	5
adorned	4
unravelled	1
rebellious	1
spread	3
powers	2
jealous	3
xenocrates	1
henceforth	2
commending	1
dispose	1
effort	1
arms	8
spent	5
are	97
produced	6
commits	1
circumspect	1
ba	1
strong	4
violated	1
buy	3
tomb	1
tells	1
partner	1
t	241
rainbow	1
substantial	1
catastrophe	1
superstitious	1
must	38
failing	1
accoutred	1
sometimes	3
vices	6
circuit	1
presages	1
extricate	2
small	1
parties	3
supernatural	1
reječting	1
invečtive	2
inculcates	1
mad	2
deserving	1
restrain	1
law	6
ravishing	1
reasonable	2
lamentably	1
ačtions	1
it	299
incessantly	1
quarters	4
wretch	4
rendering	2
furnish	1
arrows	1
gave	23
suppose	6
displeasure	2
beheld	4
dire	1
doctrines	1
seas	1
maxims	1
sweetness	1
valuable	1
vineyards	1
place	16
think	18
game	1
sultan’s	2
dusk	1
but	192
yielded	1
useful	1
retarding	1
respected	1
pleaded	1
unspeakable	1
possessed	2
killed	5
tacitly	1
forces	2
higher	3
affronts	1
rash	2
of	1181
live	6
far	13
billet	6
pursuing	1
detected	1
hackney	2
drove	1
infusing	1
prodigious	1
befallen	2
courtiers	8
irons	1
dagger	1
swiftness	2
torture	1
judging	2
successively	1
good-natured	1
chased	1
firmly	1
in	554
kingdom	17
scimitar	2
school	1
miss	17
contravallation	1
devil	2
considerable	5
hearts	4
faculties	1
ass	2
ruffle	1
inspiration	1
entering	1
sea	7
judgement	6
sex	1
chief	3
self	1
factions	1
amused	1
times	7
cousin	5
hurried	1
vanity	2
bundles	1
subjećt	2
widow	3
surely	1
inhumanity	1
vowed	1
those	33
come	35
salvation	1
important	1
temptations	1
persons	6
laudably	1
strangle	1
meteors	2
occasioned	5
flight	1
shalt	1
christianity	1
gentle	3
officer	1
insensibly	6
reduce	1
foams	1
acknowledge	2
arabic2digit	89
brown	1
subjećts	2
cushion	1
deviate	1
coffin	5
hang	1
wealthy	1
mask	2
call	4
inquiring	2
her	251
sorts	2
ačt	1
stormed	1
brave	3
including	1
leg	2
gradually	1
politician	2
instructors	1
though	34
drawn	4
liver	5
season	3
again	29
astrologers	3
faştious	1
we	66
downcast	1
neglect	1
seeks	1
asks	1
allegiance	1
justly	2
marry	2
care	8
seduce	1
table	4
always	15
nations	5
journey	7
stood	2
jeweller	1
hundred	13
woes	1
indireétly	1
mentioning	1
tea	2
blessing	2
deserves	1
lifted	1
dissolved	2
pro	2
laudable	1
aman	1
incapacity	1
notice	3
pair	2
passage	3
coach	7
daylight	1
exhalations	1
seven	6
uproar	1
pounds	2
toils	1
picked	3
themselves	14
wound	4
frank	1
fist	1
taste	3
heiress	1
weak	6
breathing	1
keep	8
plunge	2
p	80
mr	5
repented	1
for	217
lass	1
vided	2
papa	3
1–be	1
destroyed	1
prevent	7
honours	1
you	295
successor	3
end	12
thirty	2
day	61
enchanting	3
dowry	1
lando	1
uttered	2
perceiving	5
laid	8
affront	1
lečtion	1
flowers	2
insincerity	1
tree	2
prayed	1
information	2
habitation	1
commentators	1
subsistence	2
der	2
almost	8
gether	1
into	97
sentiment	3
weight	2
beneath	1
husbandman	1
sergeant	1
decline	1
searched	2
business	6
proclaiming	2
pleased	9
lighten	1
refit	1
accomplice	2
heightened	1
restraint	1
gentleman	12
recalling	1
march	5
degree	3
godmothers	1
visited	2
streams	1
waiting	5
troop	3
weeks	3
defence	2
twelvemonth	1
afflićted	1
articles	1
offered	3
remaining	1
reasoners	1
half	4
fluctuating	1
appeared	7
campaign	1
lessening	1
dined	1
ab	1
first	37
satire	1
flying	2
serenity	1
warp	1
emeralds	1
thee	11
claim	1
prejudice	1
origin	1
consequence	8
tear	1
reflečt	1
answer	13
contenting	1
trinitarians	1
unfavourable	1
trial	5
shorten	1
consternation	2
fugitive	1
comparison	1
minister	4
instrumental	1
concerning	3
dangerous	3
stopped	7
wooed	1
lasted	2
endeavour	6
progress	2
ride	2
shoulders	2
became	10
train	1
yes	8
vast	3
hasbi	1
dying	1
stopping	2
because	10
afar	1
disfimula	1
heat	2
don’t	1
short	11
deep	3
hostilities	1
arrival	5
when	71
bearing	1
fiercely	2
lady	87
introduced	2
wise	5
stinking	1
request	5
everything	10
making	11
apparent	1
dry	1
persecuted	3
invoking	1
potentate	1
credit	6
richest	1
touching	2
presents	1
alas	4
signora	1
amphitheatre	1
enamelled	1
resolute	2
digging	1
appoint	1
proposed	5
republics	5
abject	1
circumstances	4
revenge	5
paint	1
freak	1
accountable	1
forsaken	1
courtier	12
admirer	2
happily	2
incredible	1
proclaimed	2
brighthess	1
faithful	7
suffering	1
proportion	1
events	3
certainly	8
deeds	1
increase	2
hardly	1
minds	3
grant	6
effectual	2
youthful	2
neck	1
slipped	2
minions	1
duke	3
filing	1
faith	3
lash	1
exclaimed	3
made	79
denied	2
esteem	3
sincerity	9
worthy	3
truth	38
called	12
beat	1
dl	1
spy	2
divert	3
copy	1
liberalities	1
citizens	1
diffused	1
durst	1
mortal	5
murdering	1
deign	1
enjoying	1
holidays	1
instruments	1
mistrust	1
blowing	1
four	8
bridle	1
mah	1
indeed	16
laugh	3
compassionate	1
king’s	3
fancying	1
lath	1
alla	12
curious	1
imagination	2
fortune	24
view	3
point	4
youth	4
agreeable	5
worth	1
leave	15
prophet	42
correót	1
crimes	2
temporary	1
dreadful	7
provinces	2
genealogies	1
bed	15
ascend	3
good	35
sealed	1
propagating	1
fortunate	3
jewels	5
acquisition	1
churches	1
afterwards	12
conducted	3
foragers	1
continual	2
leading	1
leader	1
r	180
equity	1
overcome	1
verified	1
wretched	3
permission	1
unequivocal	1
aconiti	1
practical	1
fidants	1
footing	1
humour	1
gets	1
wood	16
beauteous	2
snow	1
haircloth	1
sufficient	4
beheading	1
children	15
ears	4
advantages	2
entrusted	1
vizir	2
preparations	2
exposing	2
paternal	2
generalisimo	1
designs	3
stories	1
these	49
change	2
strike	3
strait	2
being	44
cursed	3
young	30
dependant	1
preserve	3
assured	4
injury	3
calumnies	1
inviting	1
ventured	2
travel	5
unclean	1
rain	2
perplexity	2
seem	3
noise	4
ignorance	1
work	3
happen	1
while	19
renowned	1
superstition	6
river	1
negro	1
privation	1
affair	8
assistance	5
weighed	2
staff	2
administering	1
abuse	2
dignity	3
tenderness	4
spring	5
imagine	5
careless	1
bald	1
slowly	1
ere	1
pain	2
fable	9
torment	1
troops	13
bellowing	1
intelligible	1
obstinate	2
absurdity	3
mut	1
likewise	4
fiery	1
shunned	1
an	113
travelled	1
key	1
reasons	4
ee	1
social	1
gratify	2
contributed	3
studies	1
both	21
intercede	2
help	5
virtuous	5
recommended	1
ruins	1
forcible	1
volumes	1
compliments	3
collection	1
exorcisms	1
dost	1
worse	2
adore	1
best	10
protećted	1
power	13
penetrating	2
chairman	5
can’t	2
honesty	2
consulted	2
idle	2
sufferest	1
exhibits	1
het	1
confided	1
hostages	2
performed	2
slavery	1
profound	2
violent	1
complete	4
retreat	2
blessed	4
about	28
roused	1
according	5
commended	2
villain	2
descendants	1
measure	2
innocently	1
differently	1
rock	1
then	54
mediocrity	1
know	27
imagined	5
images	1
love	21
close	1
fashion	2
excess	4
factor	1
ended	1
worn	1
eat	7
crush	1
us	43
steady	1
nothing	38
lock	2
lose	2
obtain	5
exonerate	1
debating	1
caution	4
encourage	1
clear	1
desire	21
menaces	2
behind	5
permitted	2
penitents	1
unwarily	1
tour	1
taken	23
iss	1
joke	2
save	1
conversations	1
confidence	3
steel	3
motives	2
imperial	1
laying	1
richly	3
acting	1
chair	7
aged	3
livelihood	1
extorting	1
persuade	3
spotless	1
growing	1
county	2
insurrections	1
fºwore	1
reached	2
dedicated	1
interspersed	1
indian	1
disparity	3
robbed	2
actions	1
posted	1
bones	4
render	4
mountain	9
requisite	1
redeemed	1
inferior	4
releasing	1
personalname	85
cheap	2
trod	1
accompanied	3
moderation	3
descent	2
trades	1
undeceiving	1
forgiven	1
extravagant	2
staid	6
groans	1
adherence	2
defects	1
‘you	1
refle&ting	3
rich	5
seeing	10
forced	4
mild	2
neighbours	2
ch	3
oh	9
approached	1
indispensable	1
exploits	1
rayas	1
indulgence	1
choice	4
impaled	2
lodgings	1
share	1
travels	6
ages	2
throat	4
spark	1
paces	1
massacres	1
evasive	1
zeal	2
absurdities	1
nothelites	1
dextrous	1
church	5
sin	1
signal	1
i	804
mounted	3
difficulties	1
embarked	3
respect	10
confidents	1
predestined	1
windows	5
walks	1
prideaux’s	1
chastisement	1
persecutions	1
swine	1
views	2
advanced	5
finned	1
revered	1
which	199
lines	1
act	2
prevented	3
tender	5
constantly	1
reading	5
twilight	1
withdrew	3
reign	5
devotees	1
debts	2
master	35
early	6
need	12
assent	1
readily	1
magistrates	1
waves	1
depends	1
heraclius	1
deformity	1
honour	14
cowardice	1
dispatched	6
commendable	1
birds	1
accustoming	1
jocularity	1
swears	1
tongues	1
played	3
presided	1
sack	1
coat	1
mile	2
cutters	2
fickleness	1
seashore	1
scheme	1
hardy	1
enjoy	3
fair	3
every	37
behbut	1
describes	1
deavour	2
alliance	2
refreshed	1
slighted	1
misdemeanour	1
continue	4
was	451
destroying	1
acceptable	1
illumine	1
indigent	1
chapter	2
testimony	1
congratulatory	1
surprising	2
howlings	1
sudden	3
socrates	1
vest	1
appearance	10
obstreperous	1
filled	10
mentioned	5
itself	8
disappointed	2
got	16
atoned	1
prosecuted	1
outcries	1
disclose	1
lie	12
shall	104
stronger	1
repair	2
senses	2
persuades	1
consumed	2
what	90
bow	2
chambers	1
barefooted	2
changed	3
either	7
whence	2
strongest	2
breakfast	5
content	1
speaking	6
chaste	1
conferences	2
enthusiast	1
originally	1
droppeth	2
drunkenness	1
death	16
naked	1
attended	3
dama	1
increased	5
precipitated	1
ammunition	1
h	97
accordingly	3
cruel	7
ten	8
lo	2
rage	6
ate	1
abbas	2
carefully	2
gentleman’s	1
intervals	1
renewed	2
executioner	2
saluted	1
sečt	1
walls	1
empires	1
readiness	1
measures	3
consider	1
baulk	4
wish	12
ambassador	2
action	4
ca	1
madam	1
perfumed	1
streets	4
criminals	2
seal	1
disfavour	1
variety	1
dialogue	1
jewish	1
before	34
causing	1
mistook	1
pour	1
procession	4
gratifications	1
al	1
incoherent	3
coin	1
art	7
robust	1
world	21
reduced	5
family	11
fullest	2
shocked	3
dears	1
contents	3
memoirs	1
artifice	3
purity	1
sent	27
danger	8
waste	2
rare	1
direétly	3
hastened	2
therefore	25
frequently	3
will	99
quote	1
thence	2
unpoliteness	1
resist	2
clouds	4
interrupted	2
consequences	6
entered	4
draw	1
swelled	1
extravagantly	1
educated	1
subječts	5
succeeded	4
consisted	1
direéted	1
relief	1
speech	2
secure	4
orders	5
between	32
exerted	1
under	20
vigorous	1
pacific	1
tenderly	1
honoured	1
glittering	1
reputation	2
counsel	2
remind	1
provisions	6
try	1
cess’s	1
preserving	1
pieces	4
undergo	1
accidents	2
deserve	3
detestation	1
swords	1
thorns	1
tolerant	2
tempt	1
seized	4
inconsistent	1
neutral	3
lords	2
resolution	4
omission	1
predestination	2
son	4
beginning	3
ours	1
compared	1
collet	1
solve	1
celebrated	2
resumed	2
covering	1
situated	2
deserved	4
distinétion	2
suffocating	1
guilt	3
prodigies	1
ačtually	1
friend	15
di	4
strićt	3
today	4
easily	4
bear	2
grasping	1
dispensed	1
rising	1
dinner	1
barren	1
zebe	2
sweat	1
courted	1
picture	1
perfect	1
recolle&t	1
depravity	1
dire&tly	2
horn	1
enthusiasm	1
quoted	1
jew	5
flames	4
sededni	1
repossess	1
caught	1
commit	4
dominican	1
vent	1
earthly	1
carousal	1
excellence	1
unnatural	1
astonished	3
ambition	7
acknowledging	1
philosopher	1
forbear	3
tempered	1
christians	5
vice	5
hence	1
bodies	3
follow	7
finding	5
shook	1
togal	1
visible	1
direct	1
masters	2
amaze	1
becoming	4
pardoned	1
indebted	1
anything	8
furioso	1
understand	3
serve	2
remember	6
fugitives	1
terror	4
reproached	1
behaviour	4
house	20
do&trines	1
slay	2
affairs	6
room	7
liars	1
brother	2
attacked	4
farther	6
pleasures	2
subsist	1
combat	1
dogs	2
foul	1
matic	1
recovered	2
judged	7
hole	1
began	13
sublime	1
cast	9
places	5
literati	1
triarchs	2
blemish	1
raising	2
acquainting	1
rudely	1
excelling	1
bewildering	1
contained	2
formality	1
slave	10
benevolence	2
perversion	1
cease	1
sustain	1
outrun	1
feeling	2
quivered	1
chec	12
tortured	1
mother	3
tiff	1
delightful	3
cacem’s	2
name	11
grey	1
skulked	1
horseflesh	2
council	3
asked	21
proclaim	1
adventure	8
bad	2
christ	3
flew	4
merchant	2
years	17
exercised	1
assemble	1
scoundrel	2
condition	13
finishing	1
severe	6
dearer	1
categories	1
sopha	5
deemed	2
conspired	1
nephew	2
ambitious	5
if	73
eagerness	1
troubles	2
relinquished	1
pompous	1
false	1
wife	42
aristotle	1
shod	1
canticle	1
admiration	6
patrimony	1
regarded	2
above	4
painted	2
girdles	1
shed	2
travellers	1
stars	6
nobody	3
like	14
disposing	1
villainous	1
scarcely	3
resentment	5
abruptly	1
favourable	2
disorder	1
detained	1
out	58
discover	6
gained	1
interest	1
grandees	2
dutchman	1
indulge	3
contain	2
rivals	2
thither	1
transport	3
allurements	1
forward	2
daring	1
excommunicated	1
treat	1
thrown	8
parliament	2
rigid	1
christian	3
terms	4
grecian	3
moral	3
discharged	1
innocent	6
nuptials	2
distant	4
monsignor	1
surnamed	1
essences	1
wildest	1
pledges	1
conqueror	2
vićtims	1
insurreštions	1
tis	4
wait	6
ex	1
importuned	1
levied	1
molesting	1
human	3
fine	12
stable	1
possession	1
merely	1
exterminate	1
led	2
ma	1
dr	2
notwithstanding	6
regions	1
circumstance	1
reads	1
lies	6
excited	2
refused	7
hardiness	1
engagement	2
condemn	1
flung	3
burden	1
remonstrated	1
loves	3
magnanimity	1
usefulness	1
heart	16
region	1
greatly	1
admired	3
supported	4
suspect	2
approaching	1
disguise	3
pitied	2
converted	1
triumphs	1
lovingly	1
elude	2
positive	1
let	39
dyed	1
task	1
won	3
startle	1
native	1
doubt	10
return	14
incentives	1
expense	2
winter	2
charged	4
west	3
lust	1
story	20
protection	1
fall	8
shield	1
depart	1
burning	3
displayed	1
impressed	1
booty	1
dočtrines	1
punished	5
neither	13
bath	1
old	21
pursue	2
omrahs	1
fabulous	1
seeming	1
predićtions	1
method	5
advised	1
comes	2
o	80
category	1
drive	2
elephant	4
most	56
fixing	1
over	20
concerned	2
dares	1
imprudent	1
linen	1
sound	3
wretches	3
previously	2
moved	1
raises	1
colour	2
prisoners	1
haste	3
parts	3
showing	3
secondly	1
idris’s	1
captors	1
write	3
post	3
afternoon	2
obvious	1
turbans	3
ancient	1
throne	7
blunt	1
successors	1
iniquity	1
series	1
face	5
armies	2
horns	1
platonic	1
frenchmen	4
granting	1
hoping	1
pretended	5
with	347
this	223
excel	1
novelty	2
wives	2
waver	1
scandalous	1
threatenings	1
sir	76
dočtor’s	1
sued	1
meats	1
dancer	1
oughtest	1
alone	15
prevailed	4
dar	1
keeping	3
dream	1
shudder	1
pa	1
aureng	2
permits	1
joining	1
conduct	3
anticipated	1
goods	1
edification	1
fail	2
parents	2
confesfion	1
nerva	1
exaggerate	1
gaily	1
courtier’s	1
dealer	1
represented	1
hours	7
religion	9
disfimulation	4
infallibly	2
character	4
pits	1
guards	5
want	6
directly	2
worshipped	1
serene	1
bullbaiting	1
remove	5
overborne	1
tend	1
owners	1
dangers	3
defend	1
praise	2
costs	1
tatters	1
‘the	1
knocked	1
searching	1
valued	1
came	38
arabic1digit	112
female	2
equally	8
compensation	1
russians	1
delicious	2
plains	1
wild	1
doctrinal	1
d’atocha	1
score	1
gaiety	1
received	16
charging	1
absence	6
bells	1
case	2
explain	1
learn	7
charge	4
assure	1
suddenly	1
morals	1
alike	1
fish	1
rise	1
grand	7
pretensions	2
virgin	2
forts	2
peasant	4
tittering	1
gratified	3
worked	1
romannumeral	262
sulphur	1
cruelly	3
proceeded	1
having	46
equivocation	4
spaniards	1
clouded	1
shrinks	1
sagavuri	1
should	66
murderer	1
foolish	1
obječts	1
undergone	1
eaten	1
setting	2
j	1
breeze	1
ordered	14
eu	3
flattering	1
answered	29
reply	3
loud	2
decided	1
confinement	1
alley	1
fellow-creatures	1
equals	2
controversy	1
egyptians	1
tiller	1
hard	2
carnage	1
straits	1
child	6
extreme	2
nourishment	1
l–	1
earl	1
overwhelmed	1
subjects	1
spared	3
support	4
bore	1
inclined	1
emperors	2
insignificant	1
habit	1
implacable	2
mourning	1
superannuated	1
unworthiness	1
putting	1
added	9
milliner’s	1
aninhabitant	1
eastern	1
balcony	1
abound	2
murder	2
fond	4
ask	20
bent	1
authority	1
own	30
u	123
abundant	1
wash	2
yourself	15
as	221
perfectly	2
martyrs	1
disgracing	2
acrimony	1
doubtless	3
forty	8
daybreak	2
fight	8
ordained	1
empty	1
fainted	1
anybody	3
inquisitor	3
principal	1
governess	7
capacity	4
bowed	1
watches	1
books	1
only	34
absent	1
e	278
mismanagement	1
deputies	2
stupid	1
seventh	1
intercession	1
whoever	7
acknowledgments	2
oppressed	1
names	1
here	18
fruits	4
stands	1
mameluke	6
persisting	1
disbelieve	1
tolerate	1
peasants	2
advancing	2
tents	2
speed	3
unfortunate	4
written	2
sooner	5
envy	4
arabic5+digit	1
provided	3
uneasy	2
bade	1
lame	1
suspicion	4
fully	2
°–4	1
concert	1
acuteness	1
desert	2
rees	1
concealed	7
named	2
void	1
life	16
locked	3
ye	5
newly	1
theatre	1
deliberations	1
midst	2
genu	1
encumbered	1
pains	2
tale	2
sublimity	1
whether	17
numerous	7
recollected	1
tasting	1
despise	2
gilt	1
cherish	1
adverse	1
strangeness	1
shouts	1
sincere	4
perfuming	1
fat	1
colle&tion	1
promotion	1
questions	3
rivers	2
refreshment	1
bell	1
mussulmans	2
flavour	1
remote	1
discipline	1
uttering	1
appetite	1
fire	11
delights	1
people	29
privately	1
second	2
machine	9
fruitful	3
heads	7
charms	5
carriage	1
meanest	2
ly	2
emissaries	1
report	3
just	18
seek	3
poisoned	2
tavern	2
trailing	1
promised	3
spanish	1
carpet	2
beauty	9
figure	1
seventy	1
his	454
nestorians	1
tračtion	1
five	6
effrontery	3
founder	1
ºr	1
instrućt	1
applauding	1
finely	1
opposed	3
luxurious	1
particulars	3
rev	2
miraculous	2
shoulder	1
string	1
forget	4
myself	40
after	63
earnestness	2
repulse	1
search	1
defeated	1
passes	1
succeed	4
demon	1
equal	8
whole	9
imitation	1
escape	4
behoves	1
suffered	6
father’s	4
relays	1
bark	1
hurt	1
sought	1
behalf	2
unless	2
sail	1
bacon	1
violence	4
towards	20
se&taries	1
arts	3
impunity	1
repeated	4
jess	1
sprung	1
met	9
turk	1
gods	2
importunity	1
wished	5
contempt	6
imitator	1
threadbare	1
infants	1
madman	1
there	65
allege	1
guided	1
contrary	9
charitably	1
remembrance	1
wonder	3
terminate	1
thou	21
grosvenor	1
qualified	2
mention	3
customs	1
prompt	1
breasts	4
libelled	1
heretics	1
treasure	1
induce	1
clash	1
cause	12
iman	1
granted	3
heedless	1
bottom	2
intrenchments	2
opened	9
cauldron	1
denunciation	1
talk	1
adventures	2
frightful	2
indefatigably	1
fought	2
sunday	1
cabalistical	1
other	50
agonies	1
portion	3
tartary	2
pretty	1
aggressor	1
afraid	8
beings	1
duenna	1
trifling	1
ugly	2
pretenders	1
instances	1
messages	2
signet	2
impudent	2
disobedience	1
fires	1
saragossa	1
enamoured	1
extremely	3
d'ancre	1
doubted	5
nigh	2
devils	5
stones	6
neighbouring	4
finish	2
crowns	1
unhappy	7
perfidious	1
resource	1
advancement	1
systems	1
desired	15
male	1
wings	2
corresponds	1
amorous	1
her’	1
permit	2
hesitate	1
disdainful	1
whimsical	1
surrounded	3
slow	1
panted	1
losing	1
involved	1
thoroughly	3
delivery	1
imaginations	1
earth	8
letter	17
accompanying	1
ruled	1
result	1
affirmed	2
cobbled	2
fright	2
privy	1
farfetched	1
surgeon	2
complexion	1
shun	3
against	27
die	4
highest	1
month	3
lost	5
anecdotes	2
dreaded	1
redeem	1
exact	2
b	10
pity	8
tribe	2
still	10
resisted	1
hit	1
eighteen	1
amiable	3
cow	1
days	17
disappeared	1
verses	1
sects	1
appetites	1
fly	1
inquisition	2
messenger	2
misdemeanours	1
ingenuous	1
noisy	1
mahometan	3
war	12
thus	17
conceive	3
calls	1
cottage	1
up	41
loved	6
attempted	1
res	1
tartars	2
many	21
fanatical	1
tomahomet	1
proper	7
giving	3
accused	2
dive	1
procure	1
tinual	1
cem’s	1
question	9
application	1
getting	2
recorded	1
fečtual	1
suffer	7
fruitless	2
courtship	2
decried	1
preserved	1
earned	1
whose	28
pleading	1
oil	1
nay	3
tattle	2
roasted	3
intend	2
towel	2
refusal	2
jesuits	3
breadth	1
different	5
observe	7
presently	16
manners	1
formalities	1
august	3
equitable	1
past	5
fertilised	1
rights	1
sad	2
lend	1
disordered	1
nevertheless	2
party	3
refuse	4
drown	2
perfeót	1
attack	6
white	16
fiames	1
aside	1
indolence	1
on	136
management	1
infidels	5
robbery	1
illustrious	2
prize	1
misfortunes	3
pagans	1
fountains	1
however	30
fifteen	1
rapid	1
slackened	1
witnesses	1
crucifix	1
manufactories	1
frequented	1
fitting	1
lover	17
mournful	1
pious	3
engaged	3
painting	1
paradoxical	1
acquainted	3
prepossessed	1
redeemer	1
habits	3
routed	1
akin	1
introduce	1
break	2
interpreter	1
encompassed	1
confident	4
discernment	1
ashes	4
resolutely	1
quarrelled	1
since	16
powerful	7
charmed	3
caused	5
yellow	1
generous	1
whom	34
condescended	1
perceived	13
restlessness	1
dismissed	1
integrity	2
maid	7
sermon	1
sons	3
tremble	1
reflecting	1
sovereign	2
its	24
tartarian	1
description	2
united	1
fc	1
strove	1
tranquil	1
amadis	1
swept	1
descendant	1
proječt	1
uncombed	1
lay	6
relation	4
within	2
improbability	1
least	11
somewhat	1
evil	4
unshaken	1
difference	3
burnt	4
bearer	1
everywhere	1
six	5
heyday	1
error	1
personate	2
punishment	8
wats	1
given	15
accomplish	2
winds	1
fell	5
enriched	1
altogether	1
selected	1
magnificence	1
admiring	1
stripes	1
begin	2
ispahan	6
cy	2
attribute	1
deceived	12
civilities	1
inte	1
am	67
calculated	2
apprehensive	2
infinite	1
supplies	1
reigned	1
valiant	1
does	7
mend	1
chiefly	1
straćt	1
huddled	1
sell	1
servant	6
terrified	3
form	4
ridiculous	6
entertained	1
perform	2
rained	2
mahometanism	3
novel	2
enormous	2
finished	2
concealing	2
mountains	2
odious	2
kind	7
deity	2
fury	2
way	17
hog	1
ceremony	7
admirable	2
papists	1
arise	1
trusty	1
abdallah	1
accusers	1
ensued	1
familiarity	1
universally	4
rejećted	2
stone	4
losses	2
my	259
mass	1
glided	1
favours	1
thereby	2
busied	1
finest	2
dungeon	1
year	3
asleep	2
subvert	1
fore	1
single	6
secretly	2
blooming	1
smile	1
bridegroom’s	1
demanded	2
gone	8
guide	1
your’s.’	1
opinion	10
father-in-law	5
pilgrims	1
cricó	1
fidante	1
descended	6
kinds	1
labyrinth	1
denials	1
fresh	2
warm	2
check	1
straight	1
do	37
con	2
muley	1
cloak	2
disdain	2
interview	3
chinese	2
versatility	1
sat	7
singing	1
commonwealth	1
dorantes	1
formerly	1
phantoms	1
salam	1
sever	1
song	1
freely	3
commanded	3
contributions	1
never	27
ran	6
toilet	1
countenance	3
lye	1
charming	9
composing	1
him	244
examination	1
obstinacy	2
porter	1
molestation	1
state	6
historical	1
fifth	1
est	1
intestine	2
innocence	2
going	11
fridays	1
essential	2
repose	2
fattest	1
shower	1
cold	2
allowing	1
ill	13
dućt	1
homage	1
reluctance	1
fortresses	1
declaration	1
believes	1
damned	3
piqued	1
wrath	6
oftentimes	1
cotton	3
circumspection	1
seed	2
make	40
considerations	1
accord	1
re	2
oppres	1
undertake	1
inform	5
weapons	2
pleasantry	1
has	51
fea	1
inseparable	1
taciturnity	1
pronounce	1
city	14
assemblies	2
disagreeable	1
challenged	1
choose	1
countries	2
resistance	1
property	4
example	2
wors	1
causes	1
posts	2
wealth	2
attached	1
oc	4
arbitrator	1
tranquillity	3
consistent	1
cut	12
freshness	1
defeat	2
even	16
conjecture	1
take	25
stretched	1
sake	6
holy	6
diminish	1
couldst	1
negligence	1
gives	2
supreme	1
spaniard	1
intelligence	4
yourselves	3
conquest	2
hereafter	1
perspiration	1
bedchamber	1
assume	1
youths	1
broken	3
knife	1
republic	1
ottoman	3
expedient	2
zealously	2
letting	1
set	14
cruelty	3
princes	5
believed	12
comprehensible	1
moving	1
disbanding	1
feted	2
privileges	1
acquire	4
reward	1
enjoyment	1
rent	2
manner	14
sides	1
requires	1
pretext	1
whither	2
depended	2
required	1
understood	2
wiping	1
unknown	2
length	8
belongs	2
somebody	1
dust	2
cinders	1
w	5
anecdote	2
envious	2
lest	1
become	18
and	1127
audience	1
indignity	1
revenged	1
enemies	14
fears	1
sheriff	1
scurrilous	1
miracle	1
enjoyed	2
souls	5
system	2
water	11
provision	2
silent	1
hands	8
concluded	4
abhor	2
proceed	4
settle	1
narrative	2
adieu	3
ones	3
engage	4
parlour	1
celebration	1
motionless	1
possibility	1
sheep	4
expect	4
rewards	1
enraged	2
hone	1
tried	1
device	1
french	1
servants	10
incite	1
oblige	1
exceedingly	6
tradesman	1
down	25
dar’s	1
galleys	1
retentive	1
perfidy	1
fortitude	4
orgive	1
detect	1
rest	17
attentive	1
confirmed	6
pocket	2
secured	3
shown	3
bridge	2
majºsty	1
multiply	2
shelter	1
garment	1
matrimony	1
absurd	1
mixed	1
beasts	1
effect	12
smell	1
sovereignty	1
lowers	1
saying	8
abandoning	1
thinking	5
indulged	1
popular	1
porters	3
abundantly	1
wisdom	1
deceit	2
mo	3
incurred	3
obeyed	4
hope	13
presented	2
captain’s	2
boards	1
apprehension	2
devotion	2
arriving	1
sells	1
haymarket	2
impossible	8
disgraceful	2
wafer	1
spirited	1
seen	23
respešt	1
hitherto	3
detestable	2
flash	1
reproved	1
precipitation	1
erecting	1
motion	3
stranger	16
marriage	15
en	1
offer	4
injured	1
forehead	2
isle	1
struck	9
boiling	1
qut	1
metellus	1
distributing	1
title	4
possessor	2
mein	1
promising	1
negroes	1
sole	1
polite	1
stay	6
secrets	2
hyacinth	1
quantities	1
chance	3
fireworks	1
pic	1
principles	1
birth	4
ground	13
recolle&tion	1
fondness	1
seigneur	1
preacher	1
intent	2
lovely	1
incredulous	2
boughs	1
relish	1
whatever	9
fećtion	1
col	1
stables	2
wonderful	3
garrisons	2
knock	2
benefactions	1
liking	2
mine	6
solemn	1
disquiet	1
hear	11
famous	1
familiar	1
puzzled	2
field	3
justified	1
contented	2
stop	1
mankind	2
confederacy	1
threw	4
vanquished	2
visiers	11
pearl	1
army	30
looked	7
comply	3
tremendous	1
devote	1
rejoice	2
cool	1
magazines	1
leaving	3
cong	1
sultan	43
aćtion	1
sequel	1
evils	1
hos	2
destitute	1
commission	2
accident	9
red	1
muslims	2
errors	1
relieve	1
hindered	2
several	13
conceal	9
roman	1
ineffectual	1
massacre	1
reflection	1
visits	3
dispel	1
extraordinary	6
communicated	3
liberal	1
destruc	1
hunger	1
arians	1
reverend	4
advantage	6
fails	1
cares	1
rivulets	1
real	2
that	517
cabalistick	1
two	26
alive	5
trusted	2
broach	1
fancy	1
friday	2
slight	2
char	1
cunning	3
dawn	1
reproach	4
processions	1
exhorting	1
imposed	2
wanting	1
privilege	1
smiling	1
jumped	1
weary	1
spit	1
appointed	5
plumage	1
calmness	1
mistress	6
frivolous	1
be	247
fear	26
resemblance	1
princesses	1
sacred	4
implication	1
rebellions	1
interviews	2
complain	2
attempts	1
cemented	1
necessary	9
fault	3
announced	1
shriek	2
nance	1
explained	2
deservedly	2
preached	2
multiplied	1
prophesied	1
nose	3
tattered	1
welfare	1
study	1
arc	1
restless	1
few	15
silence	2
onion	1
threescore	2
enjoined	1
all	162
reality	2
northeast	1
instruct	1
thrust	1
barcelona	1
panic	1
placed	3
tranger	1
discern	1
once	16
suspicions	6
success	4
learned	8
back	16
guessed	1
suspected	2
chanced	1
yards	1
relations	4
carry	5
sensible	10
incline	1
riches	2
rascal	1
send	5
missed	1
counterscarp	1
traveller	1
enable	1
any	42
address	4
falsehood	14
feared	2
not	262
really	1
fathers	4
hermandad	1
obey	1
ally	1
obliquely	1
cautious	1
misery	2
absorbed	1
dark	2
sense	10
prudence	3
virtue	15
insult	1
she	178
residence	1
deny	2
morrow	2
decree	1
concern	3
passed	13
divan	1
expectations	1
difficulty	4
dare	4
nearly	3
schirine’s	1
spoken	4
meekness	1
attention	4
descend	2
renounce	1
chendan	2
comfort	1
completion	1
greeks	1
patriarch	2
daily	2
everybody	1
account	17
entrance	1
easy	4
mer	1
longer	9
dashed	1
bulged	1
conferred	3
raised	11
sinews	1
conditions	3
plied	1
addressing	1
throwing	3
points	2
joking	1
protecting	1
trouble	6
dreary	1
st	4
things	6
acknowledgment	2
genteel	1
feet	11
punish	6
harbour	1
intrigues	1
disorders	1
superfluities	1
peace	9
downstairs	2
food	1
flatted	1
caressed	1
doggerel	1
amuse	1
bethought	1
wrought	1
spirits	1
confession	2
novels	1
invite	1
base	1
monarch	1
pillars	2
bit	1
show	8
enlightens	1
forgotten	1
bid	6
adopt	1
ironical	1
derision	1
objećt	2
foot	3
described	2
conjure	1
diversions	2
worst	1
magic	1
liar	3
achievements	1
pale	1
meritorious	1
donatists	1
ashmed	1
forest	16
hearing	5
coffeehouse	3
jumble	1
deprivation	1
magnificent	4
tub	3
often	2
liberally	1
man	67
poverty	1
recourse	1
wondering	1
falling	2
broad	1
starving	1
deprived	1
during	8
vengeance	3
assigned	2
nine	1
from	139
kettle	1
liable	2
haughty	3
happening	2
congratulated	1
join	2
prove	3
discord	1
tolerable	1
mouth	4
living	1
angel	8
witness	3
feasting	1
incident	5
sullying	1
excepting	1
jeered	1
saw	21
told	40
overflowing	2
deplore	1
creatures	1
vigorously	1
had	307
glorified	1
invaded	2
instantly	8
wool	1
recompense	1
judicious	1
noble	3
truly	2
slept	1
court	6
trunk	6
swim	1
clemency	4
inherent	1
adopting	1
proposals	3
crown	2
perplexing	1
capable	3
gown	5
prudent	2
duel	1
monks	3
value	5
poem	1
graces	1
retired	6
bestowing	1
skirmishes	1
maho	1
dispersed	1
incidents	2
burial	1
ser–	1
peaceful	1
detection	1
dº	2
overflowings	1
apartments	1
knew	10
none	4
truths	1
east	7
time	38
attacks	1
exercise	1
anonymous	1
spend	1
prison	1
remainder	1
apt	1
hideous	1
abundance	3
longed	1
arabic3digit	24
moon	1
a	776
your	109
excuse	6
see	42
shades	1
retrieving	2
pride	2
trumpet	2
instance	3
seemed	5
tail	1
chara&ter	2
observed	6
hemisphere	1
god	30
turks	7
imprecations	1
inevitable	1
prayers	7
conjured	1
returns	2
consuming	1
loathsome	1
impression	1
vol	4
admitted	2
edmonds	1
recapitulation	1
ourselves	3
o'clock	2
side	6
sweeps	1
meet	8
dart	1
equalled	1
disturb	3
hung	1
innumerable	1
execution	2
lift	1
founded	1
whas	1
temples	1
merchants	2
prattled	1
might	33
queror	1
attendants	1
tolerably	1
suppositions	1
lesson	1
author	2
mantle	1
diversion	1
allure	1
persevered	1
hour	3
º	6
imparted	1
preference	1
others	17
listening	2
flow	2
workman	1
kings	6
wrong	5
english	2
fanaticism	1
abstain	1
drowsy	1
very	61
queen	3
saddle	1
protećtor	1
himself	57
audacious	3
conscious	2
inflamed	1
mares	1
took	30
blame	2
holiness	1
clothed	6
ply	1
uncleanness	1
dropped	1
term	1
pranced	1
tempest	1
enmity	1
they	168
destiny	3
twelve	2
grace	2
detraćtion	1
selfish	1
firmament	1
conceived	4
purposes	2
credulous	4
perplexed	1
zen	2
camp	4
mufti	1
angels	4
park	5
killing	2
rejoicing	1
motive	3
rather	11
guard	8
unworthy	4
touched	4
toleration	1
twisted	1
noted	1
delight	5
occur	1
beyond	1
abandon	3
heaven	18
soul	4
borrowed	1
deceiver	1
fellows	1
fixed	2
penitential	2
celestial	1
‘then	1
baker	1
credulity	4
misfortune	7
artificial	1
improper	1
dared	1
convince	2
skirmish	2
dethrone	1
middle	5
instruction	1
disperse	1
conversation	5
or	80
receipt	1
agitated	2
converters	1
latins	1
how	30
pray	6
summons	1
afflićt	1
open	11
brilliant	1
coast	2
persection	1
rulers	1
fellow’s	1
depend	1
blabbed	1
loose	2
bond	2
equivocal	1
performance	1
fill	1
sunk	2
steers	1
satin	2
engines	2
wonders	6
compelled	1
speculative	1
stifled	1
one	103
protestants	1
spouse	2
said	102
midnight	2
wax	1
marble	2
chimaera	1
submit	3
modesty	1
ioo	1
daughter	29
left	27
mirth	2
satisfied	3
jro	1
lord	7
robe	1
press	1
inveterate	1
hide	2
bind	1
week	1
exempt	1
millions	1
town	19
strangely	1
ineffable	1
cupoll	1
lodging	1
wore	1
eulogies	1
ceased	1
ef	2
wronged	1
failed	1
shrink	1
disclosed	2
cords	2
turn	6
accustomed	2
did	31
beard	2
wrongs	1
melted	1
bred	1
girl	1
wrestling	1
followers	1
pes	2
refined	1
detračtors	1
repent	3
misapplied	1
entreaties	3
otherwise	3
emulation	1
wine	5
destroy	5
besought	2
perish	1
graceful	1
penny	1
ministers	1
sift	1
jest	3
groves	2
tormented	1
lusty	1
din	1
arrest	1
bishop	2
closet	4
great	65
shortly	1
jesus	2
treasures	2
trembled	1
transported	3
rested	1
purchases	1
betrothed	1
green	1
dancers	2
resolving	5
sworn	2
plunged	3
herself	23
me	192
traitor	1
inflexible	2
rigorous	1
annoyed	1
hesitation	1
acquired	3
conflićt	1
honey	2
stains	1
hat	1
zealous	2
ready	7
contemplative	1
sees	1
burped	1
besides	7
ficent	1
hate	2
complaisance	4
lived	3
knot	1
civil	2
sigh	1
difficult	3
romance	1
objects	1
eclipse	1
injure	1
taking	7
alguazils	1
backward	2
mall	2
ashamed	4
regale	1
ditches	2
properly	1
architecture	1
weltering	2
harraffing	1
cement	1
reciprocally	1
seizing	2
discovering	1
knocking	1
giorifications	1
astonishment	1
devoutly	1
caesar	1
baths	3
umbrella	1
diamonds	2
contains	1
gold	6
lighted	2
fellow	4
inventing	1
pardon	3
boy	2
iocco	1
falsity	1
angry	4
correspondence	1
liberties	1
situate	1
cabinet	1
watching	1
condućt	7
eating	1
yard	1
your’s	1
perhaps	13
bolted	1
accounts	1
intercessions	1
turtles	1
street	1
expensive	1
paid	4
satisfy	5
scalding	1
necessity	7
dominicans	2
tore	1
l’	1
basis	2
distraćtion	1
mahomet	69
brothers	1
voice	4
slip	1
bitter	2
appear	11
history	5
kissing	1
late	1
man’s	1
discourse	8
gaming	1
gentlemen	1
returned	17
april	1
dainty	2
preventing	1
weakness	9
irresolution	3
dismay	4
flame	1
raise	2
published	1
starve	1
unbelievers	1
spoke	6
hunt	1
outrageously	1
canopy	1
enjoys	1
pretence	2
galleons	1
convoys	1
execute	1
tell	17
deepest	2
begotten	1
pe	1
taylor	1
roses	1
supposing	1
kill	5
common	3
sacrifice	4
can	33
command	6
talents	3
eyewitnesses	1
next	20
terrestrial	1
would	87
profonde	1
fortify	1
event	1
royal	4
concealment	1
philosophy	1
matters	1
childbirth	1
detecting	1
purse	1
enterprizing	1
consent	2
impostor	2
expressed	2
sitting	3
keeps	1
labouring	1
threatened	2
her’s	1
mystery	1
proud	2
trust	2
hints	1
assurance	1
safety	1
objećtions	1
visit	7
incensed	1
free	8
&ame	1
bedside	1
opinions	4
board	1
tumultuous	1
attempt	3
afresh	1
vifier	4
pegu	3
fragrant	1
spicy	1
behold	6
matter	7
rose	2
boldness	2
catholics	2
minos	2
strength	6
metropolis	1
trade	1
play	2
strangers	1
word	17
drew	11
fasting	1
invention	1
meadows	13
borrow	2
amazed	2
illness	1
south	1
fruit	1
colle&ted	2
politeness	1
entirely	2
barbarous	3
using	1
hi	1
tremor	1
settled	1
senate	4
relative	1
fourth	3
embraced	3
malek	1
news	5
inculcate	1
accompany	2
ado	1
docible	1
distress	2
inveterately	1
dipped	2
felicity	1
duty	5
instigated	1
various	3
disgrace	3
forgive	5
guilty	7
much	46
utterly	1
enchantment	1
intimate	1
surname	2
sister	1
beddin	1
fact	2
villain!’	1
bold	1
desperation	1
senseless	1
means	13
solemnization	1
dependance	1
assertions	1
milliner	1
spilled	1
yesterday	3
opulent	1
propernoun	322
unequal	1
beautiful	9
unalterable	1
countrymen	1
chatting	1
may	39
importunate	2
rejoiced	1
behaved	4
speak	11
castle	5
twenty	4
delighted	1
humble	1
embarrassed	1
safe	9
anxiety	1
storm	2
beckoning	1
greatest	5
attributing	1
breakfasted	1
salute	3
sick	1
commend	1
clothes	6
baits	1
rolling	1
sufferings	1
despairing	1
inquired	2
natural	3
dominions	4
inquisitions	1
ecclesiastical	1
wanted	5
lying	6
recalled	1
society	2
malice	3
unveiled	1
follows	1
depths	1
mahömet	1
intolerable	1
fifty	1
lead	3
enaët	1
talked	5
doubting	3
stuff	1
acted	1
domestics	1
blows	2
flocked	1
q	11
doors	4
summoned	2
thunder	3
recovering	1
attendant	1
resplendent	1
flashed	1
coats	1
ay	1
initiating	1
idea	3
union	1
tion	3
followed	10
nor	21
remain	2
except	4
passionately	3
practises	1
vernor	1
low	1
gain	3
eternally	1
intention	1
held	2
telech	1
uneasiness	6
demand	4
frighten	1
indelicacy	1
overjoyed	3
intentions	1
corduba	6
entreating	1
accomplishments	1
englishmen	2
favour	7
serably	2
them	109
methodists	1
scarce	6
trusting	1
more	70
exquisite	2
such	49
buffalo	1
nº	1
object	1
wered	1
disengage	1
oile	1
instant	5
village	1
priest	2
addressed	2
predominant	1
lovers	3
express	3
procured	1
rewarded	2
tongue	2
vigilant	1
venture	3
‘ment	1
viewed	1
glory	5
murmuring	1
shaken	1
cºom	1
till	36
schirine	1
locks	1
appears	5
sky	1
prevail	3
match	3
showed	4
confusion	9
dismal	1
dun	1
without	58
answers	1
attempting	1
prone	1
stead	3
discharge	1
otliged	1
applied	3
nile	2
security	2
wavering	1
add	2
women	13
head	22
vexation	1
sacking	1
diverting	3
assembly	5
troth	1
labourer	1
beth	1
inquiry	2
ladyship	1
employment	1
inspired	2
oppose	3
utrecht	1
distinguished	2
admonish	2
frightened	4
particular	4
despair	5
miseries	1
government	1
recital	2
signior	1
sensation	1
portraying	1
active	1
ascribe	1
wherever	1
disposition	6
foregoing	1
letters	1
loth	1
dispels	1
unto	1
rendered	6
negative	1
fidelity	3
brought	22
hiding	1
lily	1
breast	3
solicitous	1
affirming	1
affected	5
staunch	1
darkness	1
goa	1
frolic	1
cavalry	2
languishing	1
cutting	2
favourably	1
ridiculousness	1
ox	1
too	19
priestcraft	1
rs	1
slippery	2
offenders	1
horse	39
considering	3
plot	2
praises	1
disappointment	2
poured	1
injustice	4
celebrate	2
eyebrows	1
gladly	1
shut	10
goes	2
impatience	4
concurred	1
invariably	1
glee	1
beset	1
propitious	1
manifestoes	1
establish	1
fancied	2
usually	1
halfway	1
skin	1
where	36
greek	2
fee	1
deceive	1
intimacy	1
obtained	1
orientals	1
sect	1
upon	64
consistency	1
epirus	1
opportunity	3
mortally	1
secrecy	4
favoured	1
mount	1
swing	1
pleasing	1
thought	26
signalise	1
embassy	1
giddiness	1
died	3
agreeing	1
unbelief	1
ago	2
evening	6
avoid	9
part	17
avail	1
immense	1
precaution	1
parted	1
ambiticn	1
indisposed	3
aches	1
worship	3
understanding	2
kept	6
pºsters	1
island	1
walk	5
amends	2
aunt	5
jealousies	1
stab	1
fit	4
communities	1
apartment	17
accosted	1
forcibly	2
decision	1
trick	3
minutes	1
egyptian	1
endeavoured	2
equipage	1
interrogating	1
assuredly	1
horsemen	1
peaceably	1
crowned	1
reception	1
opening	2
millstone	1
pass	4
admit	3
conspicuous	2
put	31
judge	1
chose	1
inexpressible	1
ačted	1
regard	1
neighbourhood	2
is	199
phet	2
entertain	1
invoke	1
lamp	2
deal	2
adams	1
io	4
moreover	1
prospect	2
piece	1
effectually	3
private	6
hinders	1
impropriety	1
hast	10
kissed	3
concourse	1
could	80
surat	6
consort	1
disclosing	1
station	5
girdle	1
reserved	1
espied	1
examine	2
substance	1
unbounded	1
disadvantage	1
entertainments	1
ks	1
diffeminating	1
cat	1
thanked	2
arabian	2
consequently	1
eram	1
undoubted	1
merit	2
accomplished	3
hyacinths	2
sung	1
afford	1
assembled	4
theresore	1
to	1270
particularly	2
jealousy	7
appearances	1
justice	6
lute	1
murdered	1
mutiny	1
knees	2
hatred	4
contemptible	3
purpose	6
complaining	1
agreeably	1
talisman	1
desires	1
bethink	1
office	2
decency	1
butcher	1
why	13
member	1
wicked	3
brimstone	1
gallican	1
were	147
recesses	1
solemnly	1
perfumes	1
diminished	1
milk	3
deserts	1
behave	1
gratitude	4
alcoran	8
declared	7
blind	3
proved	4
custom	4
pen	1
charaćter	2
sciences	1
waked	2
starved	1
subdue	1
standing	1
paradise	8
dread	3
extensive	1
towers	1
inquire	1
supper	1
intrepid	3
sure	6
firm	1
mean	11
sun	3
declare	1
turbulent	1
impelled	2
songs	2
dreading	1
damage	2
ceremonies	1
thoughts	10
felt	4
through	14
knives	1
gunpowder	1
predićtion	3
fast	5
space	2
daughter’s	1
scalade	1
ordinary	2
farrier	8
plighted	1
surprise	5
obviated	1
fečtionately	1
quit	1
boarding	1
yield	2
service	1
sofa	1
acquaint	3
design	13
hack	1
piquet	1
blood	12
miles	5
reach	1
shoes	3
fifai	1
whereon	1
reals	1
singularity	2
turban	1
marshal	1
confess	5
prodigy	6
frequent	3
proof	2
detraction	3
jesty	1
considerably	1
quits	1
alarmed	2
affirm	1
found	33
cautiously	2
entreat	1
yet	26
persecution	1
returning	3
muttering	1
working	1
curiosity	7
dazzling	1
lately	1
pangs	1
remarkably	1
ebn	1
soni	1
contradićtory	1
inundation	1
dethroned	1
existence	1
railed	1
awe	1
expectation	1
passions	4
behaving	1
waited	3
diligent	1
bagnio	2
dissembler	1
sadd	1
watchful	1
ardently	1
colonel	2
clashes	1
cowls	1
square	1
rushed	2
bucklers	1
incense	1
advice	8
obliged	8
debated	1
mental	2
fare	1
usual	4
employed	3
credited	1
supped	2
artfully	2
intensely	1
wholly	1
‘your	1
presence	9
wheelings	1
thanks	4
loyal	1
experienced	2
executed	2
cady	1
ram	1
astonishing	1
struggles	1
disposed	3
cubits	1
artful	1
mosateth	1
agreed	4
promises	3
sorrow	1
heard	13
scorn	1
cry	3
striking	2
proofs	1
sailing	1
deli	1
haman	1
likely	1
passion	8
insomuch	2
maintain	2
tormerits	1
narcissus’	1
naturally	6
holes	2
employ	1
echoed	1
thy	17
chest	21
no	110
discovered	7
hinder	2
posture	2
deviation	1
fatigued	1
strangled	2
guest	1
levies	2
intrude	1
geon	2
tomorrow	6
southern	1
broom	2
broils	1
restrained	1
implored	1
vant	1
here’s	1
carried	16
falsehoods	1
placename	67
extent	2
evidence	1
book	5
generally	1
incredulity	2
discontent	1
wit	2
baronet	1
plundered	1
domestick’s	1
aggerate	2
begun	1
precipices	1
designed	1
insisting	1
disunion	1
walked	5
lucky	1
closed	2
sickness	1
already	8
fatal	3
some	73
consented	3
cu	1
subječt	1
leisure	2
experience	1
reeling	1
hoped	3
steeped	1
beloved	2
acquiesced	1
affording	1
lips	2
bloody	2
cover	1
wrote	8
laborious	1
disturbed	1
commands	2
anat	1
scene!’	1
mat	1
replied	33
former	2
aćt	1
visitor	1
off	26
freedom	1
battle	5
strange	3
stripped	2
enchantments	1
extol	1
besieges	1
anxious	2
breeding	1
invented	2
everlasting	1
excused	2
ruined	2
persists	1
custody	1
totally	1
contračted	1
subscribe	1
basely	2
reconcile	4
threaten	1
exchanged	1
ignorant	2
throw	1
been	63
persisted	1
visier	8
science	1
knight	1
shows	2
dead	6
wherein	1
questioned	2
relate	3
undone	4
glad	3
methinks	1
atonement	1
repined	1
also	6
deceiving	1
solitude	2
impartially	1
cost	4
messengers	1
ele&tion	1
thing	4
money	8
build	1
deferred	1
seated	1
tended	1
running	4
pitiful	1
suspense	2
haughtily	2
earthquakes	1
serpent	3
dress	2
loins	1
public	16
knows	1
entrenched	1
implore	2
honourable	2
bareheaded	1
rečtly	1
kindness	1
thyself	1
assisted	1
friendship	4
