hisp	1
gafr	1
sixed	1
satisfaction	1
matchless	1
eal	1
came	3
profession	1
efforts	1
arabic1digit	42
female	1
compensation	1
shown	1
king	35
allotted	1
illegitimate	1
company	1
figures	3
genius	3
received	4
z	1
prophets	1
case	3
went	1
same	3
convents	1
pretensions	1
virgin	1
alcala	1
both	8
gtafoy	1
worked	3
romannumeral	15
amazement	1
room	1
proceeded	1
having	4
arm	1
concludes	1
divine	2
foreshortening	1
nation	2
should	3
disgrace	2
recommended	1
seized	2
form	3
j	9
s^ng	1
answered	3
fame	10
reply	1
impertinent	1
fingjers	1
complete	1
go	1
carved	1
now	3
preceptor	1
occasions	2
the	535
luable	2
extreme	2
remarking	1
encomiums	1
subjects	3
enough	4
impunity	1
belonging	1
hesperides	1
displayed	1
ing	3
son	1
uniform	1
represents	3
italian	1
force	2
remained	1
touches	1
confirm	1
harvest	1
own	7
doing	1
expressions	1
give	2
by	69
as	42
perfectly	1
fort	2
gaiety	1
breaches	1
home	1
than	11
accepted	2
courtiers	3
another	4
principal	7
hand	12
history	3
suit	1
from	22
only	6
thus	1
full	2
served	2
intercession	1
whoever	1
venus	3
names	1
apostles	1
stands	1
relative	1
entire	1
extremely	2
unfortunate	1
subject	4
prevent	1
albano	1
arabic5+digit	1
moro	9
established	1
galled	1
ideas	1
pursued	1
pres	1
little	1
aided	1
baptism	1
pt	1
savoy	1
light	1
men	3
her	3
venge	1
abovementioned	6
harsh	1
life	5
instance	3
profit	1
vina	1
wjiofta^	1
months	1
sapid	1
eminent	3
flush	1
candour	1
whether	2
displeased	1
keeping	1
carpo	1
insensibly	1
cumstances	1
size	3
fat	1
laboujv	1
concluded	1
rival	1
majesty	2
ni	2
crucisix	1
transmitted	1
at	55
manded	1
privately	1
admittuntur	1
heads	5
so	23
shades	2
for	43
decline	1
easily	1
attire	1
posterity	1
emissaries	1
report	1
agreeably	1
os	3
proceeding	1
instrumental	1
solicitations	1
spanish	1
beauty	3
when	10
lady	2
our	4
his	158
snatched	1
sigures	1
five	1
tone	1
flamenco	1
ed	3
called	4
lodged	1
rencounter	1
myself	1
after	11
representing	2
age	10
nature	9
put	1
grove	1
succeed	1
whole	6
undertaking	2
kneel	1
former	2
immediate	1
travelled	1
ever	2
ferjt	1
sowers	1
behalf	1
unless	1
anta	1
vv»	1
violence	1
degradation	2
samples	1
candidly	1
better	4
weaker	1
general	5
pieced	1
met	4
accompaniments	1
contempt	2
laying	1
introduction	1
due	2
bacchanals	2
there	11
devised	1
b^iiqsi	1
noncompliance	1
contrary	1
decay	1
picture	11
suitably	1
tumstances	1
dismissed	2
af	1
estremadura	1
mudo	10
filled	1
excess	1
furnishing	1
nude	1
patriarch	2
hone	1
instantly	1
convent	5
arrived	1
liberty	1
castro	1
influence	1
terrors	1
other	16
purpose	1
portion	1
qs.^eygjip	1
trace	1
rfiis	1
price	1
flames	3
delicacy	1
excellence	4
tragedy	1
reaped	1
contemplating	3
morales	11
infidelity	1
murh	1
saviour	3
f	5
grotindj	1
criminal	1
despair	1
warrant	1
xhith	1
ys	1
resource	2
extracted	2
wings	1
amiable	1
colours	2
tincture	1
raise	1
pa/mo	1
transcribed	1
tantalus	1
utmost	1
greater	1
compensated	2
masterly	2
present	5
letter	1
grande	1
cardinal	5
protection	2
haunted	1
sanctity	1
don	8
throne	3
against	2
die	1
la	1
removed	2
lost	1
private	5
royalty	1
information	1
heel	1
capable	1
collected	1
impious	1
discovering	1
departed	2
liberally	1
residing	1
regarding	1
grovujk	1
vargas	2
saya	1
telling	1
character	4
inquisition	1
messenger	1
francisco	1
illustrious	1
models	1
he	105
spell	1
up	3
soon	1
fiis	1
can	4
pieces	3
still	6
furnished	1
procure	1
ah'otim	1
right	1
corregio	1
recorded	2
dukes	1
histories	1
thwarted	1
repeated	1
disciple	3
preserved	3
whose	2
hard	1
cause	2
approbation	1
composed	1
pope	1
complacency	3
maintain	1
severity	1
teodo/io	1
jesuits	1
remorse	1
purchase	1
observe	1
known	5
andre	1
castille	1
dolorosa	1
oratory	2
proper	1
altars	1
expression	5
reign	3
seemed	1
manners	3
carmine	3
on	32
session	1
white	1
painting	11
aljs	1
earnest	1
vino	1
who	15
commonly	1
below	1
however	5
eggs	1
infinite	4
masters	4
offence	1
latitude	1
frequented	1
indifference	1
probably	2
pious	1
engaged	2
destined	1
sending	1
mateo	1
conception	1
local	1
historical	1
break	1
inclined	1
since	3
cathedral	1
caused	2
expressed	2
copies	3
solicitous	1
aggravated	1
e	3
purchased	1
degree	3
loss	3
dragons	1
sovereign	4
its	3
vf	1
augustan	1
description	3
jheesr	1
part	5
conscience	1
variegated	1
painters	7
sleep	1
ft]ut0most/o	1
round	1
relation	1
horseback	1
faces	1
gusto	1
eter	1
garden	1
highly	3
knew	2
accident	1
punishment	2
given	2
fell	2
encouragement	1
y	1
votarist	1
silence	1
raster	1
declarations	1
mater	1
benefits	1
fate	3
de	18
nativity	1
am	2
raised	1
foil	1
argument	1
asjthor	1
does	2
happy	1
chiefly	1
stations	1
justice	1
markable	1
sigure	1
shepherds	1
needed	1
ernaciated	1
cross	1
offered	1
finished	2
dutch	1
body	2
minds	1
limited	1
bewitching	1
way	2
carnations	1
deaf	1
honest	1
admirable	1
inevitable	1
larger	1
away	2
flourished	2
universally	1
reason	1
considered	3
board	1
rnuchr	1
my	3
exhausted	1
foreigners	3
susficient	1
fays	1
choir	2
bkst	1
great	24
year	4
or	24
fe\v	1
dence	1
recommending	1
fore	1
single	1
province	1
encouraged	1
smile	1
press	1
fortunes	1
is	47
failed	1
opinion	2
glitterings	1
occurred	1
golden	1
generally	3
enlightened	1
jesuit	1
ioi	1
occurring	1
do	5
jaw	1
complained	1
sicilia	1
proposed	1
transparent	1
enriched	1
formerly	1
felt	1
intermediate	1
senor	1
escaped	1
inquietude	1
him	35
their	7
invention	1
wew^^	1
preparing	1
ti	1
silly	1
fifth	1
fact	1
innocence	1
disciples	1
beautiful	3
flesh	1
easel	1
jiave	1
theologians	1
begone	1
aids	1
repose	1
condescending	1
osf	2
translated	1
disbelief	1
ap	1
performances	3
iky	1
sketches	1
titian	1
make	3
cir«	1
re	1
wotic	1
excellent	4
enrich	2
avere	1
has	13
chamber	1
credentials	1
duly	1
city	1
d	1
travellers	1
next	2
example	2
instructed	2
ingenious	3
wealth	1
oc	1
approaching	1
foreigner	1
arid	2
order	6
to	150
even	3
pile	1
have.seen	1
take	3
maturely	1
especially	1
shape	1
delivered	1
regretted	1
adorning	2
vente	1
predecessor	1
personalname	133
erudition	1
turned	2
gives	1
che	1
roof	1
youngest	1
displaying	1
fruit	1
js	1
lift	1
experienced	1
glowing	1
elegantly	1
era	2
future	1
communication	1
carried	2
believed	1
foundation	2
weighed	1
beloved	1
extract	1
latter	1
colouring	3
jal	1
magnisicently	1
superior	2
required	1
ease	1
understood	2
certainty	1
painter	9
wherewith	1
w	1
putting	1
looking	1
have	27
and	193
site	1
permanent	1
constant	1
seems	3
perished	2
claimed	1
scattered	1
eagerly	2
toyb	1
non	1
miracle	2
temper	1
princess	3
imitated	1
aerial	1
el	15
condemnable	1
a...dinner	1
proceed	1
moment	3
trees	2
ledo	1
cannot	3
jnmifo	1
affection	1
country	2
expect	1
lustre	1
rewards	1
defects	1
companions	1
much	5
died	5
unmoved	1
benches	1
down	3
bold	1
sports	1
statues	1
century	1
conflagration	1
turning	1
name	2
provinces	1
petticoat	1
bright	1
capital	2
evidently	1
leave	1
effect	2
less	5
vain	2
saying	1
critique	1
surveyed	1
regrino	1
model	1
defection	1
whilst	8
works	6
chastity	1
supper	2
devotion	1
palace	5
range	1
disgraceful	1
spirited	1
herespousals	1
person	4
characters	2
countryman	1
near	2
prince	3
nifi>*4*&	1
offer	1
injured	1
attendance	1
new	1
amongst	8
defaced	1
original	4
endowing	1
ple	1
objects	2
buried	1
done	5
believe	1
slaves	1
smeared	1
high	7
perez	2
contracted	1
discretion	2
secrets	1
look	1
each	1
true	1
rural	1
least	3
alluding	1
properly	1
quœ	1
attitudes	3
apartment	2
htm	1
everybody	1
wonderful	1
pretence	1
well	14
third	1
ihe	1
famous	5
decidedly	1
certain	2
saved	1
undoubtedly	1
principally	2
fiction	1
g	3
looked	1
occupied	1
eve	1
divino	2
arts	4
quick	1
sire	1
field	1
ac	1
widow	1
saints	1
medicis	1
ladder	1
roman	1
appellation	3
visits	1
sort	1
courtly	1
communicated	1
wonderfully	1
limbs	1
day	3
bewicht	1
fails	1
cares	1
later	1
are	28
produced	1
bearing	1
two	3
owned	1
ih	1
judgments	1
conversant	1
laboured	1
t	9
cloisters	1
wicked	1
minister	2
reported	1
critical	1
privilege	1
trait	1
corpus	1
san	8
styles	1
unexpected	1
several	5
conclude	1
esteem	2
complain	1
black	2
necessary	1
titius	1
it	50
fortunate	1
disgusted	1
gave	3
summons	1
sixty	1
early	2
energy	1
suffered	1
adventurers	1
lopez	1
<afcrli.ve.ry	1
all	25
sweetness	1
valuable	1
place	3
think	3
reasoned	1
game	1
but	15
painted	8
amassing	1
forming	2
declaring	1
possessed	1
once	1
period	1
success	1
learned	1
service	5
fernandez	1
rash	1
of	401
obscurity	1
facility	2
far	3
altar	5
bounty	1
pictures	7
condescension	1
geronimo	1
orphans	1
not	27
master	5
readily	2
fray	2
sense	1
prudence	1
in	189
residence	1
architects	1
school	3
considerable	1
hearts	1
faculties	1
reach	1
hangman	1
examples	2
spoken	1
seudi»	1
ground	1
attention	2
charms	2
lid	2
sex	1
chief	2
self	1
succeeded	1
times	3
account	2
commission	2
surely	1
reports	1
those	9
payments	1
respectable	2
persons	2
par	2
gloria	1
divinest	1
be	31
st	1
decent	1
grace	1
reduce	1
horatio	1
feet	1
arabic2digit	23
ofr	1
group	8
nuns	1
treated	4
hang	1
peace	1
dragon	2
if	12
fascination	1
material	1
prior	1
grandees	2
fra	2
leg	2
gradually	1
professors	1
though	4
preferred	1
drawn	1
lays	1
graqe	1
title	1
tucking	1
neither	2
foot	1
described	1
ats	1
magic	2
waa	1
dispersion	1
table	1
always	1
wo	1
parents	1
hundred	1
poor	4
expunged	1
magnificent	3
air	1
rapture	2
poverty	1
death	3
notice	1
kffes	1
intrusions	2
during	3
courtier	1
seven	1
rewarded	2
haughty	1
feme	1
extraordinary	3
vs	1
surprising	1
cordova	1
numerous	1
where	8
living	2
irt^	1
marks	1
honourr	1
demanded	2
uncommon	1
divinity	1
adds	2
adornments	1
equal	1
earlier	1
basket	1
tints	2
had	25
benares	1
defended	1
enchanting	1
emineat	1
court	4
elegant	1
front	1
pencil	4
affecting	1
crown	1
signs	1
ixion	1
faulty	1
employed	11
almost	1
monks	2
into	18
within	1
agony	1
carrying	1
expressing	1
rank	1
pavement	1
condemnation	1
reflect	1
did	3
excusing	1
kind	2
gentleman	1
strong	1
tendering	1
visited	1
rouse	1
academies	1
doei	1
time	14
born	4
dedicate	1
remaining	1
familiarity	3
charm	1
duque	1
arabic3digit	5
^cord^qg	1
desired	1
replaced	1
pride	2
first	4
feigned	1
ill	1
observed	2
othef	1
consequence	1
charitable	1
diminish	1
trinitarians	1
char	1
i.uqueto	1
accompanied	2
impression	1
mt	1
sanchez	1
the^ftijponj	1
deepest	1
stone	1
presented	4
segovia	1
resting	1
tiano	1
became	2
vast	2
u	1
personages	2
orthography	1
circle	1
glory	1
must	5
urbino	1
apprized	1
offices	1
others	1
short	5
vega	2
arrival	1
last	4
estimation	1
figure	5
sensations	1
quintus	1
very	14
queen	1
few	1
himself	14
everything	3
making	1
ift	1
ordered	1
monarchy	1
hair	2
touching	1
presents	2
twelve	1
appointed	1
say	2
visitation	1
conceived	1
discriminations	1
revenge	1
learnedly	1
completing	1
workmanship	1
survive	1
fam	1
rather	3
revoke	1
consisting	1
delight	1
cell	1
heaven	1
seriously	1
execution	3
neck	1
author	2
thought	1
superfluous	1
faith	1
arabic4digit	7
they	7
made	9
tortures	1
sacred	2
limb	1
gleanings	1
any	10
instruction	1
industrious	1
occupation	1
humble	1
devotee	1
second	2
copy	2
talavera	1
how	3
baron	1
uponfabulous	1
ia	1
assemblage	1
eloyster	1
dissatisfied	2
ef	1
fresco	3
emulation	3
speaks	1
inserted	1
tokens	1
c	1
curious	1
imagination	2
died.soon	1
fortune	1
returned	3
point	2
composition	6
worth	1
said	2
wax	1
memory	2
creation	1
completion	1
determine	1
modesty	1
rescued	1
allow	1
left	4
relaxed	1
robe	1
sign	1
selecting	1
afterwards	1
hire	1
counterpart	1
cabinets	1
r	5
vexations	1
tarquin	1
summoned	1
sentiments	1
fathers	3
lops	1
turn	1
elio	1
apartments	1
lamented	1
doubtedly	1
too	4
disappointment	1
premises	1
bringbacchant	1
these	14
refectory	2
homo	2
being	8
elder	3
young	1
fervency	1
assured	1
under	5
dismiss	1
sorrow	1
j&aad	1
piece	1
could	10
mj	1
valladolid	1
merit	4
balanced	1
nh	1
me	3
vol	3
mytes	1
work	11
hesitation	1
acquired	1
awhile	1
xjrandee	1
funeral	1
more	9
expected	1
assistance	2
a	104
addresses	1
unhappy	1
lived	1
abuse	1
escape	3
improve	1
ekce	1
mutilation	1
been	13
slowly	1
penetrated	1
insomuch	1
na	1
excused	2
surrounding	1
va	1
destruction	1
gallantry	1
ijxzde$o.zucaro	1
an	26
labour	2
lu	1
jvi	1
clearest	1
perilous	1
liberties	1
disficult	1
quitted	1
perhaps	3
compositions	3
product	1
disapprove	1
friends	3
collection	5
portrait	6
rendezvous	1
best	5
outline	1
request	1
verige	1
trinity	1
acknowledged	2
mechanical	1
exhibits	1
appear	2
striking	1
supported	1
performed	1
late	1
%itiano	1
according	2
brother	2
man	3
appointments	1
resembling	2
then	7
ei	1
tender	2
scholars	1
crucisied	1
picturesque	1
yisiting	1
acquaintance	1
distressful	1
retirement	1
dumb	2
execute	1
moments	2
us	1
nothing	1
pe	1
loaded	1
asleep	1
badajoz	3
species	1
obtains	1
command	1
talents	4
fcudi	1
m	3
permitted	1
tribunal	2
never	6
royal	9
taken	3
diabolic	1
mattering	1
constitutes	1
solicited	2
noble	3
cdmpany	1
spectacles	1
ref	1
decently	1
imperial	1
survived	1
ardour	1
might	3
different	1
distortions	1
proposing	1
visit	1
devil	3
jdi	1
regret	1
horror	1
unison	1
consideration	1
observing	3
behold	1
claim	1
farnese	1
ranked	1
corial	1
hues	2
trade	1
aad	1
sixtus	1
yq.l	1
fobjects	1
obscure	1
centre	1
universal	1
performance	1
sight	2
affliction	1
climbed	1
weighing	1
scents	1
canvas	2
settled	1
staid	1
sing	2
obedience	1
avocation	2
ultimately	1
impress	1
favourite	2
state	1
scrupulous	1
style	2
ministers	1
pressed	3
ample	2
portraits	5
sister	3
choice	2
seemly	1
placename	68
est	1
occasion	3
means	1
natives	2
national	1
judges	3
pannel	1
copper	1
church	5
propernoun	88
story	1
i	51
suppose	1
respect	2
may	6
ivth	1
undertakings	2
produce	2
modest	1
which	55
act	2
aadt	1
salute	1
historian	1
nunnery	1
repented	1
natural	4
artists	6
scholar	1
fairly	1
sacristy	2
recalled	2
honour	4
fair	1
pointing	1
abiding	1
exists	1
played	1
were	23
iyj	1
thor^ty	1
mengsy	1
splendour	1
deficients	1
deep	1
erected	1
notorious	2
paint	2
reader	3
holy	2
every	2
nor	5
refutation	1
head	1
plea	1
shoulder	1
was	74
imperceptible	1
held	2
testimony	2
armadas	1
wood	1
previous	1
appearance	1
kingdom	4
favour	5
hemt	1
them	5
thanks	1
scarce	2
reverend	1
labourers	2
exquisite	1
twice	1
such	15
abdication	1
object	4
beauties	1
visiting	1
shall	2
choose	1
angels	1
about	1
monk	1
what	2
cafe	2
either	3
merits	1
gi	1
litiono	1
appears	2
respective	1
accordingly	1
without	4
l&doiicl	1
lower	1
applied	1
void	2
vth	1
executioner	1
pids	1
walls	1
assembly	1
labourer	1
practised	1
chef-d'oeuvre	1
utrecht	1
distinguished	5
ambassador	2
action	2
attracted	1
ca	1
rivolt	1
industry	1
co	1
amidst	1
beheading	1
variety	2
ht	1
before	4
scale	1
particular	2
letters	3
undertake	1
dajhed	1
art	18
suffice	1
world	3
ta	2
family	4
amiss	1
one	19
breast	1
studies	1
fabric	1
congregation	1
sent	4
darkness	1
sometimes	2
contended	1
plead	1
dedication	1
dismission	1
r<?rf	1
therefore	2
frequently	1
will	2
nice	1
producing	1
wrote	1
thence	1
above	2
considering	1
draw	1
imp	1
plicable	1
reflects	1
silent	1
relief	2
fii	1
secure	1
extravagance	1
yields	1
between	3
treats	1
emigrants	1
obtained	1
over	1
csiliano	1
martyrdom	1
birth	1
upon	22
sum	1
favoured	1
preserving	1
shadows	1
fend	1
pleasing	1
let	1
embassy	1
disposition	1
steals	1
authors	1
thati	1
ecce	2
mora	1
dear	1
beginning	1
celebrated	6
discovered	1
deserved	1
brilliant	3
dis	1
friend	1
dispose	3
archbishop	2
luca	2
pu	1
resolution	1
pqfrtf&fiptwai	1
campana	1
reception	1
cloister	3
event	1
while	2
osfered	1
bena	1
itiano	1
juppertcof&i^	1
formed	3
perfect	3
quoted	2
excursion	1
conclusion	1
simple	1
io	2
reduced	1
grouping	1
firing	1
sixteenth	2
ambition	2
witchcraft	1
kissed	2
many	12
anxious	1
follow	1
closet	1
substance	1
erile	1
proportionable	2
pity	1
direct	1
rapid	1
playing	1
amaze	1
resolved	1
anything	1
consequently	1
introducing	1
six	1
house	3
host	2
resses	1
regularly	1
sought	1
chapel	2
knees	1
thfc	1
was.saved	1
specimens	3
fixed	3
masteri	1
able	1
ployed	1
luckily	1
saint	2
office	1
prattle	1
countenance	4
behind	1
that	95
thase*	1
supply	1
cut	1
rare	1
caprice	1
delivery	1
ducats	3
mind	1
interested	1
conspiracy	1
nors	1
whom	3
h^l^.i^	1
composes	1
notable	1
eye	2
find	2
determined	1
spectator	2
council	1
asked	1
adventure	1
affixed	1
christ	4
years	6
<tihano	1
lowerj	1
condition	3
dipped	1
with	61
through	3
emperor	2
space	1
entitled	1
call	1
fancy	1
epitaph	2
florence	2
good	4
regarded	1
placed	1
captivated	1
cupids	2
traveller	1
design	6
like	4
expectations	1
repeatedly	1
academy	3
good-humour	1
favourable	1
out	9
interest	1
sati	1
monarch	1
osfence	1
th	1
found	6
osfering	2
yet	2
thither	1
stung	1
daring	1
saw	2
array	1
treat	2
lately	1
awful	2
terms	1
perspective	1
mechanic	2
forgot	1
topics	2
advances	1
vxx	1
expiring	2
atonement	1
loser	1
spirit	2
square	1
parsed	1
college	2
rawd	1
would	15
migrated	1
seen	3
dissatisfaction	2
escorial	16
da	1
possession	3
conversation	1
diffusive	1
interval	1
irr	1
construct	1
informs	1
executed	6
speak	1
manner	5
accustomed	1
disposed	3
pillars	1
snatch	1
operations	1
princely	1
affectionate	1
munificence	4
artist	9
yard	1
condemn	1
axe	1
naturally	2
paying	1
employ	1
rubens	2
supplied	3
paintings	11
offended	1
no	11
butt	1
agents	1
worldly	1
disposing	1
guest	1
woe	1
task	2
padre	1
correspond	1
q	1
native	4
doubt	1
set	1
supplications	1
heretical	1
dropping	1
length	3
mimerous	1
h	6
human	2
evidence	1
book	1
s	5
dt	1
por	1
id	1
revived	1
we	3
old	4
observes	1
remarks	2
already	2
invitation	2
vigils	1
some	21
o	2
reward	2
most	14
suspicious	1
lights	1
contrived	1
moved	1
witches	1
admitted	1
parts	1
replied	4
fe	1
off	3
catalan	1
freedom	1
entertain	1
familiarly	1
gay	1
care	1
daub	1
reputation	1
face	2
withal	1
trea	1
multitude	1
dulgence	1
prattles	1
pretended	1
harmonious	1
vanity	1
this	30
novelty	1
contemporary	1
confining	1
patcht	1
sir	1
graceful	2
methinks	1
alone	1
also	7
operated	1
dovice	1
study	2
inventions	1
surer	1
proofs	1
upper	1
passed	6
thing	1
you	3
reasons	1
seated	1
yond	1
running	1
fatal	3
hoped	1
anecdotes	1
studied	3
public	1
benefited	1
jest	1
ctrait	1
directly	1
immeasurable	1
patron	1
completed	1
mount	1
