tend	1
defend	1
communion	1
praise	1
joy	3
uncertainty	2
came	4
ties	1
arabic1digit	14
equally	3
ought	1
defile	1
steps	5
mind	9
danger	3
route	3
wild	11
joys	1
bacchus	1
received	7
absence	2
satisfaction	1
urged	2
exultation	1
case	1
vengeful	1
learn	1
denying	1
went	1
same	3
suddenly	5
enforced	1
resisted	2
ob	1
virgin	1
op	1
parental	1
peasant	1
features	1
practice	2
romannumeral	9
embittered	1
amazement	1
suspicions	3
disturbing	2
having	13
arm	2
extricate	1
violently	1
expedition	1
should	11
murderer	2
supplicated	1
disgrace	1
seized	2
ruin	2
j	1
efforts	2
words	1
answered	4
fame	6
subsided	1
loud	6
spare	1
consciousness	1
go	4
encountering	1
now	29
borders	1
terrifying	1
the	865
morning	4
chioness	1
enemy	2
overwhelmed	1
remembered	3
desolated	1
essentially	2
vicinity	1
habit	4
ing	4
son	10
willingly	1
horseback	1
thick	5
endeavouring	2
force	1
arisen	1
murder	1
immediately	3
forbearance	1
goodness	1
habiliments	1
discovery	7
authority	3
passing	1
doing	1
vengeance	1
give	2
by	72
as	34
distin	1
dered	1
intoxication	1
endanger	1
family	1
laughter	3
gates	2
daughters	1
reproaching	1
than	11
empty	1
bounding	1
assembled	1
impulse	2
travellers	1
principal	1
hand	3
ludicrous	1
sound	5
limits	1
perveived	1
secreted	2
attributed	1
full	5
served	3
related	1
continued	3
valour	3
fruits	1
extremes	1
temerity	2
errand	1
cavalier	11
distinction	2
pursuit	6
speed	3
shame	1
subject	4
prevent	1
bade	3
belied	1
pursued	8
fully	1
little	1
hesitate	1
hut	1
vaulted	1
silent	10
light	12
men	5
up	6
life	7
remained	2
relinquish	1
ye	4
courage	4
merriment	3
attempted	1
confine	1
stroke	1
condescend	2
pleasure	1
whether	4
banished	1
recollected	3
lodging	1
doubts	2
cave	9
entreated	1
darkness	8
adventure	3
assuming	2
questions	1
concluded	3
desolation	2
mouth	3
fled	5
profusion	1
at	77
p	1
departure	1
passage	4
beside	1
heads	1
so	19
shades	4
accomplished	1
pleased	2
mutual	2
moans	2
emissaries	1
report	1
actuated	1
impending	1
poisoned	1
astonishinent	1
refresh	1
proceeding	1
rising	3
fugitives	8
summit	2
plunging	1
obstructed	1
evident	1
our	3
his	195
say	2
circumstances	6
tone	1
tower	4
answers	3
following	5
poor	1
luxurious	1
cloister	1
lucid	1
bound	1
schemes	1
memory	1
opposite	1
forget	1
myself	3
after	8
travelling	1
age	1
nature	7
search	5
seat	1
unfriended	1
whole	4
education	1
room	2
escape	9
former	2
chose	2
south	4
travelled	4
hurt	1
sought	3
circulating	1
acknowledged	1
violence	1
retreat	2
forbore	2
fruitless	2
affection	1
met	3
surest	1
wished	1
imagined	2
luxury	1
there	14
exist	1
emotions	2
forced	1
heavily	1
sighings	1
passages	1
suite	1
decay	2
floor	1
imagery	1
spread	5
assertion	3
mention	1
scanty	1
dispute	1
creaked	1
quitted	6
remains	2
cause	3
shade	3
io	1
melancholy	5
unquiet	2
something	4
considered	1
aspect	4
convent	4
arrived	2
liberty	1
influence	2
ended	1
persevere	1
terrors	2
convinced	4
confessed	2
other	7
covered	1
count	3
outrage	1
dear	2
dine	1
secret	4
indisposition	1
severity	4
delicacy	2
unclosed	2
disobedience	1
broke	2
incertitude	1
winding	2
court	2
started	4
chapel	1
devoted	1
nigh	1
cloud	1
down	4
finish	1
determined	7
desolate	1
fierce	1
dismounted	2
resentment	1
detained	1
interest	1
virtue	2
forward	5
nocturnal	1
closing	1
spirit	6
quantity	1
n	1
thin	1
surprised	2
utmost	1
involved	2
combat	1
beyond	3
earth	2
present	10
native	1
knowledge	1
accompanying	1
protection	1
result	1
obtain	3
driven	1
southeast	1
affrighted	1
scrupulously	1
resembling	1
attendants	8
die	1
approach	5
removed	2
lost	4
weary	1
behave	1
dreaded	1
number	3
capable	1
plains	7
materially	1
discovering	1
departed	3
ghost	1
liberally	1
calamity	1
cursing	1
traces	2
disappeared	2
principles	1
whom	14
transformed	1
messenger	1
bent	1
successful	1
thus	5
honourably	1
spurned	1
he	218
calls	1
joyfully	2
concealed	6
instance	1
effects	1
obstruction	1
notions	1
stones	4
many	12
still	8
fire	3
clear	3
accused	1
rubbish	2
right	4
beneath	3
question	1
repeated	8
lisping	1
horses	5
preserved	2
whose	15
allowed	1
brooded	1
background	1
follow	2
lofty	1
indignity	1
pile	1
seemed	15
posture	1
lightly	1
turrets	1
accumulated	1
around	5
counter	2
different	1
observe	1
known	4
presently	3
research	1
extreme	1
numbers	1
cardo	1
past	2
proper	1
event	1
expression	1
suffer	2
peal	1
foreseen	1
echoes	1
subdued	2
party	5
attack	1
on	46
louder	1
firmly	1
unjust	1
idleness	1
induced	1
receded	1
who	38
effect	2
lay	4
deliverance	1
cape	1
hinges	1
discoloured	1
comfortable	1
dungeon	15
might	15
stern	3
oath	1
repetition	1
lover	1
finest	1
sort	1
enterprise	1
gone	3
deplorable	1
bring	1
animated	1
fortunately	1
afforded	2
break	2
nay	3
desertion	1
permitting	1
since	4
powerful	3
caused	3
punished	1
marks	1
undisciplined	1
along	4
condescended	1
integrity	1
hereafter	1
sitting	1
acts	1
streamed	1
trees	5
apartments	3
surveyed	1
extended	1
vineyards	1
swept	2
hopes	5
sleep	1
round	8
awed	1
relation	1
sole	1
abandon	1
least	2
meanwhile	1
evil	1
windings	2
speedy	1
embellished	3
campo	1
quitting	1
highly	3
exert	1
knew	9
homely	1
punishment	1
given	4
impenetrable	1
winds	2
wallet	1
fell	2
italian	1
stood	3
below	2
rank	3
cried	5
returned	11
regaling	1
however	10
behaviour	2
silence	4
attitude	1
bribe	1
aloud	2
house	2
chanced	1
heights	1
dexterous	1
fate	3
de	7
seldom	2
am	5
apprehensive	1
raised	1
reigned	1
does	1
involuntarily	1
fastened	1
des	1
servant	2
terrified	2
profusely	1
reprimanded	2
ridiculous	1
sheathed	1
palpitating	1
signals	1
told	2
thrilled	2
resolved	5
infest	1
mountains	6
pavement	4
kind	3
applause	1
margin	1
fury	2
way	8
resume	1
strange	3
ceremony	1
rushing	3
remaining	2
keys	2
away	5
treading	1
incapable	1
beloved	1
disgraceful	1
saddle	1
inflamed	2
betray	2
crossed	1
road	4
probably	2
fasten	2
appeared	21
milk	1
sparkling	1
dared	3
seats	1
debating	1
company	2
recommending	1
hunger	2
single	1
wide	2
smile	1
strengthened	1
is	9
failed	1
opinion	1
inadvertently	1
class	1
madame	13
descended	3
quiet	2
vol	2
inflicted	1
warm	1
do	4
contiguous	1
perfectly	2
fellow	3
heard	12
kindling	1
unlocked	2
formerly	3
reflected	2
censure	1
song	3
adversary	2
ach	1
ran	1
coming	1
escaped	1
rose	1
woman	3
intolerably	1
examination	1
feature	1
mouldering	1
began	2
guide	1
fact	1
innocence	1
passionate	1
beautiful	1
manly	1
friar	2
anxiety	5
dispositions	1
repose	2
cold	1
impassable	1
tears	1
large	9
low	2
requested	1
idle	2
remounted	1
village	2
luxuriance	1
conviviality	1
cup	1
furious	1
places	1
declined	1
considerations	1
re	3
overtaken	1
undertake	1
quietly	1
weapons	1
unprotected	1
has	2
chamber	4
sister	3
knowing	1
pronounce	1
unlock	3
stopped	5
consequence	1
raptures	1
spiritual	1
joyous	1
attached	1
prompted	1
forests	1
order	2
to	320
tumult	1
even	9
useless	1
awaited	2
take	6
unable	1
diately	1
gratitude	1
shape	1
delivered	2
among	6
quality	1
turned	4
corn	1
vociferation	1
frequent	1
foretold	1
accorded	1
attend	1
lift	1
experienced	1
broken	3
precept	1
path	1
expose	1
future	4
mortals	1
set	9
indignation	2
inanimate	1
dead	2
believed	4
suspicious	2
acquire	1
fondest	1
enjoyment	1
latter	2
decayed	2
sides	2
inquiries	2
scene	8
superior	7
rains	1
understood	3
scenes	1
soften	1
facts	1
lamentation	1
sober	1
belongs	1
seize	1
austerity	1
door	30
nobility	1
w	2
looking	3
forest	7
have	21
and	363
black	1
contented	1
hereditary	1
grew	2
vestige	1
unimportant	1
fears	4
accept	1
miracle	1
lest	1
breaking	1
elevated	1
hard	1
monastery	7
sufficiently	1
heavens	1
proceed	6
darting	2
moment	7
distance	7
its	4
parlour	1
earnestly	1
cannot	1
meet	2
overtook	2
partially	1
scrutinise	1
ceased	3
country	7
expect	2
interesting	2
rewards	1
burst	3
moved	1
companions	1
committed	1
p’’	1
much	17
servants	14
died	1
listen	4
exceedingly	1
armed	1
band	1
bold	1
regard	1
bounded	1
fortitude	1
conquered	1
rest	5
turning	5
stillness	3
sociality	1
faint	1
wonder	4
scrupled	1
precede	1
bright	3
reign	1
pined	1
absurd	2
leave	1
robbers	3
rashness	2
less	2
vain	4
enveloped	2
whenever	1
powerfully	2
bosom	2
probability	1
insensible	2
interrogated	1
deceit	1
mo	1
clusters	1
silently	1
obeyed	4
hope	3
groves	1
vexation	2
apprehension	4
arriving	1
generosity	2
sure	1
undutifulness	1
hitherto	2
move	1
near	6
became	5
affections	3
skirts	1
grass	3
struck	3
attachment	1
new	2
amongst	1
rusted	1
night	25
building	2
objects	4
buried	2
believe	1
father	8
indulgence	1
stairs	1
dismounting	1
formal	1
laid	1
look	6
income	1
chance	1
marked	1
desert	1
long	11
birth	1
smiles	2
marvellous	1
forth	1
menaces	1
apartment	4
turns	1
window	2
injured	1
whatever	1
assumed	3
exposed	3
trapdoor	2
gate	5
wounded	1
well	6
listened	5
solemn	1
tino	1
course	5
exasperated	2
abandoned	1
certain	2
justified	1
stop	1
threw	2
pursuer	1
vices	1
g	1
moan	1
looked	3
occupied	2
afar	1
mountainous	1
misconduct	1
live	1
prepare	1
quick	2
error	3
thousand	1
bread	1
strain	1
evils	1
overhung	1
olives	1
most	6
person	14
mode	1
indiscretion	1
cottages	1
gloom	1
correlative	1
ineffectual	2
adorned	1
heavy	3
inferiority	1
wind	2
chase	1
sentiment	2
liberal	1
henceforth	1
gallery	3
day	9
advantage	2
arms	1
carelessness	1
are	8
that	84
business	1
strong	3
substituted	1
eagerness	1
untried	1
arrested	2
inan	1
fancy	3
oppressive	2
foliage	1
fugitive	1
arguments	1
propernoun	13
must	1
encouraged	3
lifting	1
steal	1
reason	1
unexpected	1
several	11
shadowy	2
ble	1
happiness	1
sacred	1
supernatural	3
vere	1
anxious	2
restrain	1
necessary	4
fault	1
sealed	1
nance	1
suggestion	2
mixture	1
inquired	5
gave	3
irregular	1
suppose	1
float	1
beheld	4
ranges	1
restless	1
energy	1
suffered	1
few	5
dissuade	1
all	19
refreshing	1
vast	2
place	14
think	3
judged	1
high	7
prospects	1
but	56
yielded	4
dressed	1
stepped	2
unsheathed	1
dissolve	1
ordered	9
period	1
success	1
learned	3
back	9
resulting	1
suspected	1
serious	1
of	410
obscurity	2
far	2
wildness	1
urge	1
exploits	1
protected	1
fear	8
not	42
countenances	1
lengthened	2
powers	1
hold	1
approached	3
dark	2
sense	2
claims	1
in	153
scrutinising	1
footsteps	1
imperious	1
recess	1
considerable	1
hearts	4
difficulty	4
dare	1
nearly	1
unsuitable	1
spoken	1
ground	1
attention	3
descend	2
credit	2
review	1
comfort	1
assume	1
retire	2
overhanging	2
pushed	1
daily	2
succeeded	1
times	2
account	1
hurried	1
longer	1
air	7
resumed	1
those	6
come	4
persons	17
leagues	3
shivering	1
k	6
arches	1
be	36
occasioned	6
triumph	1
flight	3
chain	1
reechoed	1
dreary	1
terror	7
things	1
noon	2
situation	4
removing	1
feet	2
resigned	1
persisted	1
tortured	1
abrupt	1
espied	2
treated	1
halted	2
peace	4
if	11
food	1
her	58
sufferings	2
spirits	4
fragrance	1
narrow	3
crevices	1
prospect	2
though	3
romans	1
tenor	1
horrors	1
swords	1
folly	2
uncertain	4
again	8
refreshment	2
adversaries	1
we	4
foot	1
younger	1
show	1
justly	1
herbage	1
magic	1
care	2
falling	2
table	5
always	1
desperate	2
remote	1
journey	4
unhouse	1
hands	3
aud	1
hearing	2
scenery	1
surmises	1
hesitated	4
steadfastly	1
shail	1
found	8
uation	1
often	2
confusion	2
reclaiming	1
describing	1
reflection	2
death	4
incur	1
stand	1
pair	1
ask	1
strict	1
yourself	1
vigilant	1
shelter	4
spoke	2
uproar	3
oppressed	1
peasants	2
themselves	6
wound	1
customed	2
join	1
prove	1
discord	1
numerous	1
where	14
bell	3
daughter	2
for	57
dissipate	1
cavern	1
irony	1
fresh	1
disdaining	1
earnestness	1
destroyed	1
strength	1
end	2
gloss	1
had	107
conflict	1
defended	1
vigour	1
effort	1
dejectedly	1
perceiving	1
undisturbed	2
stir	1
information	6
habitation	3
real	2
busy	1
conviction	3
almost	5
cottage	13
into	12
within	11
resided	1
retired	3
expressing	2
confused	1
proclaiming	1
did	8
damps	1
heightened	5
sympathy	2
two	14
tried	1
degree	3
irresolute	1
none	2
iron	2
time	17
attacks	1
impart	1
loudly	2
escaping	1
prison	1
agonising	1
offered	2
mansion	5
half	2
intricacies	1
nerves	1
awe	1
arabic3digit	64
moon	5
glimmered	1
your	7
suspended	1
see	4
desired	2
pride	2
first	8
wildly	1
lady	13
ill	4
bush	1
engaging	1
observed	4
god	2
counte	1
answer	2
nion	1
retrospect	1
cultivation	1
rend	1
verse	1
promised	1
consternation	2
disturbance	1
coinc	1
side	2
hazards	1
concerning	7
dangerous	1
equalled	1
mounting	1
endeavour	2
hung	1
innumerable	1
presented	5
admission	1
stranger	3
beauty	2
express	1
nating	2
betrayed	1
perseverance	1
menon	4
because	1
proclaimed	1
hour	4
º	6
step	2
agitated	1
ac	1
short	1
deep	7
flow	2
arrival	2
when	30
stayed	1
regaled	1
figure	4
wafted	1
sensations	2
embark	1
very	11
distinctly	1
himself	22
heath	2
conscious	1
once	4
carry	1
own	4
deserted	1
prevail	2
intervals	3
gloomy	5
exclaimed	1
folks	1
conjectures	1
apprehend	1
unlocking	1
resolute	1
issued	2
made	13
awakened	1
unbarred	1
denied	1
my	14
obliged	3
forsaken	2
gallop	1
herself	3
rejoicing	1
fearless	1
motive	2
rather	4
forlorn	1
stormy	2
airy	1
spectre	1
delight	1
increase	1
excuse	1
minds	2
fare	1
painful	1
fellows	1
although	2
permission	1
groan	1
horizon	1
duke	57
great	8
they	100
medical	1
perplexed	2
human	4
any	9
truth	3
fading	1
called	4
formed	5
beat	1
fierceness	1
spy	1
banditti	12
detain	1
open	7
mortal	2
disclosed	2
invigorated	1
loose	1
professing	1
fill	1
difficult	1
starting	3
circulation	1
morn	1
attentively	1
imagination	3
mark	1
how	5
one	19
view	5
point	2
snatching	1
said	14
marble	3
informed	2
dreadful	6
tumultuous	1
it	66
left	11
relaxed	1
satisfied	5
lord	10
sign	1
rolled	3
conducted	1
from	71
overcome	1
enter	1
dell	1
receiving	1
misery	1
intention	2
reminded	1
turn	2
fallen	6
commands	2
humour	1
imprudence	1
volume	1
examined	1
fallacy	1
welcomed	1
conquer	1
determination	2
entreaties	2
sufficient	2
lamented	1
dropped	1
roaring	2
wine	1
entrusted	2
too	8
disappointment	5
these	17
monastic	1
diversified	1
stream	3
being	9
instant	2
young	3
recounted	2
assured	2
under	3
torch	2
ignorant	1
travel	1
could	21
allusions	1
languish	1
forsaking	1
infested	2
me	6
noise	7
early	1
work	1
luxuriant	1
awhile	1
superstition	1
sinking	2
them	41
more	11
surprise	4
expected	3
note	1
assistance	2
a	212
lake	2
cliffs	4
sounding	1
swiftly	1
advice	2
been	21
slowly	1
taking	1
ere	1
pain	3
excused	1
surrounding	3
dance	1
book	1
marquis	50
shattered	1
inspire	2
clue	1
recurred	1
pressure	1
astonishment	5
linger	1
an	14
sea	1
key	4
lighted	2
partake	1
social	2
gratify	1
meditation	2
elapsed	1
unabated	1
watching	1
both	1
lightnings	1
perhaps	2
gale	3
perceive	1
friends	3
dexterity	1
paid	1
late	5
l’	1
power	8
retaliation	1
unknown	1
voice	9
blade	1
similar	2
appear	2
prisoner	4
surveying	2
discourse	1
reaching	1
atmosphere	1
towards	11
blessed	1
repressed	1
roused	3
tempest	1
man	9
dignity	1
sword	5
robber	2
rock	2
then	11
paused	2
know	3
softened	2
images	1
elopement	1
pay	1
picturesque	2
excess	1
trifled	1
meal	1
general	4
proceeded	6
moments	1
us	2
civilised	2
tell	1
strongly	2
lock	3
loaded	1
nothing	2
repast	2
bottom	2
pass	4
service	2
declaring	1
caution	2
encourage	1
command	1
next	1
behind	2
permitted	1
floated	1
apprehensions	4
never	6
hill	4
value	1
taken	4
confide	1
hopeless	1
occupations	1
ric	1
solicited	2
save	1
intoxicated	1
noble	2
comprehended	1
loss	2
interjections	1
threatened	5
spacious	2
steeps	1
backs	1
direction	1
safety	1
resounded	1
shrubs	1
increased	7
nostic	1
alarm	4
constitution	1
indulged	1
horror	4
kindness	2
attempt	2
yonder	1
reached	8
cleared	1
him	62
together	4
rejoined	1
robbed	1
actions	1
swearing	1
confirm	3
chambers	1
distinguish	1
persuaded	1
render	1
~.4.~~~~	1
stronger	1
word	1
drew	8
till	7
repress	1
personalname	82
shake	1
transferred	1
accompanied	2
apprehended	1
entirely	1
staircase	5
en	1
only	19
relative	1
quickly	7
groans	1
here	9
chiming	1
accompany	2
rooms	1
picion	1
rich	1
distress	5
lowered	1
subordination	1
felicity	1
fever	1
vaults	1
quit	4
enchantment	1
agitation	2
their	54
hasty	1
please	2
body	1
reanimated	1
amid	1
occasion	1
reproof	2
small	1
rigour	1
originated	1
brightened	1
zeal	1
address	1
spent	1
craggy	1
church	1
goblet	2
signal	1
receive	1
i	22
mounted	2
praising	2
hiccup	1
respect	1
may	4
rejoiced	1
windows	1
communicated	1
castle	13
savage	5
rosy	1
cloak	1
views	2
advanced	1
wandered	2
storm	3
oak	1
bursts	1
which	104
encounter	2
withdrew	1
jollity	1
each	1
master	1
refrain	1
fatigue	1
natural	1
dominions	1
engaged	5
precluded	1
fall	1
edifice	2
honour	2
belonged	1
cowardice	1
comrades	2
cautious	1
lead	2
talked	1
invective	1
or	11
were	66
sight	2
doors	2
feelings	2
thunder	3
recovering	1
lawless	1
flashed	1
unobserved	1
idea	2
fair	1
intrigue	1
faithful	1
followed	7
every	7
nor	4
get	1
meeting	3
except	2
head	3
refreshed	1
passionately	1
reprehended	1
continue	1
was	139
gain	2
held	3
chapter	2
she	31
description	1
intended	1
residence	1
sudden	2
affright	1
valleys	1
appearance	5
impetuous	3
omit	1
mentioned	2
voices	3
bleak	1
tasted	1
sequestered	1
dismal	1
inform	2
such	9
reprimand	1
uncommonly	1
object	4
severely	2
beauties	1
shall	8
choose	2
senses	1
about	5
predominant	1
what	17
bow	1
lingering	1
cafe	1
either	1
whence	6
existed	1
ascended	1
terminated	3
galling	1
confute	1
attended	1
obedience	1
descendants	1
chap	2
accordingly	1
total	3
without	15
locked	1
rage	2
applied	2
exertion	1
opened	6
make	3
renewed	1
arose	8
walls	5
itself	1
romantic	1
cast	1
some	30
inquiry	1
deeper	1
abstinence	1
saying	2
practised	1
distinguished	3
concave	1
particular	1
despair	2
heated	1
waste	1
plundered	1
sensation	1
entering	1
dissuaded	1
partaking	1
remain	1
stupendous	1
directed	2
attracted	1
foregoing	1
accord	1
pour	1
deepened	2
world	1
fidelity	1
astonished	1
shocked	2
breast	1
totally	1
fabric	3
bestowed	1
anger	1
sent	1
condescension	1
dispatched	3
frolic	1
narrative	1
brought	3
frequently	3
will	11
thence	2
disdained	1
disappearance	1
above	2
clouds	4
interrupted	2
consequences	1
entered	7
headlong	1
haunt	3
shut	1
impatience	1
ghosts	3
outside	1
asked	1
purpose	2
orders	1
endeavours	1
between	1
dissension	1
fee	1
entrance	2
soon	4
della	1
glittering	1
degrees	1
lis	1
variety	2
upon	30
preceding	5
provisions	4
try	1
shadows	1
knocked	1
before	13
thought	2
procedure	1
possible	5
leaving	3
judgement	1
usurped	1
tempt	1
evening	2
avoid	1
part	10
recollecting	1
instructress	1
sounds	8
trace	2
converse	1
instantly	11
sus	2
island	1
refused	4
undeceive	1
departing	1
discovered	13
situated	1
fit	1
guilt	1
sicilian	2
minutes	2
friend	3
endeavoured	6
blew	1
believing	1
people	33
resolution	1
easily	2
ruinous	1
opening	1
welcome	1
beautifully	1
put	1
while	5
means	1
union	1
explore	2
abatement	1
alarming	1
habitable	1
brain	1
aggravations	1
smiled	1
heighten	1
lamp	1
haunts	1
caught	1
recognise	1
involve	1
shrunk	2
shore	1
carousal	1
trembled	2
perceived	4
mistaken	1
succeed	1
rude	3
fly	2
week	1
cheer	1
vice	1
gay	1
terrific	3
piled	1
unattended	1
cooperated	1
phantasms	1
groped	1
operate	1
direct	1
rapid	1
endure	2
watch	1
trouble	1
affirming	1
remember	1
lenity	1
affected	2
sung	1
steadily	1
afford	2
magnificence	2
inspection	1
defeat	1
discover	3
plan	1
appearances	1
unsettled	1
murdered	3
feat	2
rested	1
resounding	1
firmness	1
with	98
occurred	3
doubted	1
lustre	1
conjecture	1
feared	1
rocks	6
countenance	1
anguish	3
heart	12
wrapped	1
recesses	1
solemnly	1
testified	1
saw	4
during	2
necessities	1
happen	1
declared	1
proved	1
out	4
buildings	7
conversing	1
implicit	1
companion	2
weariness	1
feeling	3
recall	1
hardihood	1
mother	1
therefore	14
hospitality	1
riding	1
hoping	2
anothor	1
inquire	1
sunk	1
supper	1
seen	7
firm	1
years	7
pointed	2
reality	1
boldly	1
condition	2
bonds	1
severe	1
thoughts	2
separated	1
through	17
hills	1
find	4
call	2
provident	1
expecting	1
arch	1
wife	1
good	3
artless	1
seated	5
horse	3
compelled	4
placed	4
yield	3
venture	2
tormenting	1
acquaint	1
design	3
like	2
scarcely	5
reach	1
intelligence	6
favourable	1
intrusion	2
darker	1
owner	1
roof	2
gained	1
si	1
coast	3
off	3
proof	1
rumi	1
last	5
alarmed	1
calling	1
rigorously	1
permit	1
yet	6
thither	2
transport	1
revisit	1
libation	1
curiosity	2
treatment	1
blue	1
murmurs	3
awful	2
terms	1
disembodied	1
perspective	1
possessed	1
innocent	2
sustained	1
expectation	6
passions	4
forgot	1
cº	1
nobleman	1
associates	1
wretchedly	1
distant	2
lonely	1
cheerfulness	1
farther	6
justify	1
surrounded	2
rushed	3
spot	4
locking	1
tis	1
consequent	1
chorus	1
declining	1
would	21
heaven	2
wines	2
employed	1
fine	1
experience	1
possession	1
conversation	1
disturb	2
interval	2
midnight	2
prayer	3
notwithstanding	1
grazing	3
speak	1
north	2
circumstance	8
accustomed	2
menace	1
hardly	1
wilds	3
ability	1
sorrow	3
eyes	3
hall	10
weapon	1
deli	1
passion	3
wandering	1
plunder	2
suprized	1
naturally	1
relief	2
imperfect	1
history	1
suspect	1
no	30
disguise	2
humanity	2
conduct	5
overgrown	1
let	1
secure	2
guest	1
accommodating	1
strongest	1
doubt	4
incessant	1
restrained	1
return	4
dropping	1
length	16
persuasions	1
placename	4
visions	2
evidence	1
incredulity	1
miles	2
s	5
depart	4
eye	7
artfully	1
mirthful	1
revived	1
pleasing	1
neither	5
designed	2
unrestrained	1
pursue	3
fake	1
closed	2
relieved	3
seeming	2
shrinking	1
already	2
legion	1
acquitted	1
o	2
reward	1
bewildered	4
exhibited	4
obtained	2
sulphureous	1
described	7
grated	1
over	12
excited	3
marchioness	3
lips	2
disturbed	2
destruction	1
waved	1
led	6
tened	2
admitted	2
haste	2
replied	6
dress	1
laughed	2
gallantry	1
deepest	2
freedom	1
contrast	1
obvious	1
exclamation	1
avarice	1
ancient	1
dejection	1
unattainable	1
assault	1
manner	1
face	1
accents	1
against	3
reconcile	1
perpetuated	1
consolation	2
shook	3
unclouded	1
summoning	1
friars	1
withdraw	1
this	39
hollow	6
ear	1
mazzini	3
apart	1
liberated	1
visitor	1
victims	1
issue	3
alone	5
also	4
operated	2
solitude	1
mulberry	1
forms	1
allotted	1
passed	11
thing	1
you	19
southern	2
rode	1
imaginations	1
fail	2
softer	1
recollections	1
cribing	1
strictness	1
hours	5
religion	1
character	2
dislodge	1
honourable	2
probium	1
liberation	1
pointing	3
assisted	1
remove	1
friendship	1
