bulk	1
satisfaction	1
joy	3
packs	1
buff^do	1
^fn	1
efforts	2
arabic1digit	10
equally	3
ought	1
muzzle	3
steps	2
mind	2
king	1
feast	1
wild	12
score	4
received	1
absence	1
praise	1
don't	1
frontlet	1
vengeful	1
burden	1
vec	4
went	9
same	9
suddenly	3
alike	1
rise	1
grand	2
fraiilein	1
thorns	2
squads	1
silenced	1
appetising	1
opposite	1
romannumeral	7
selvedge	1
amazement	1
having	12
deadly	1
better	7
comprehend	1
gladness	1
should	4
zig	1
aspect	1
barrel	2
form	1
district	1
fierce	1
words	2
answered	1
pict	3
loud	6
decided	1
thorny	1
tied	1
spare	1
himmel	1
consciousness	1
dangerously	1
go	6
anthills	7
belief	1
now	30
climes	1
become	2
the	638
planned	1
recked	1
avail	1
enemy	1
pictd	1
ireking	1
remembered	2
spared	1
guidance	1
enough	8
bushes	3
impunity	1
inclined	2
african	3
ascertained	1
habit	3
provisioning	1
jerked	2
son	1
quadrupeds	1
thick	3
hungry	2
encamped	1
cars	2
unreflectingly	1
passing	3
doing	2
give	3
fibre	1
wash	1
by	73
figures	1
as	134
luit	1
laughter	3
best	7
perplexities	1
home	2
than	30
empty	4
bounding	1
impulse	4
another	19
hand	5
scratches	2
sound	3
only	15
savage	1
tall	2
full	6
misfortune	1
scanning	2
tropical	1
continued	5
lion	7
here	2
thousand	1
terrible	1
galloping	4
laughed	1
catching	3
level	5
hostile	1
becomes	2
croup	1
speed	3
find	2
sooner	2
intervening	1
uneasy	1
established	1
astride	1
pursued	4
scrambling	1
little	9
scampering	1
volleys	1
light	7
control	1
strings	1
calm	1
flooded	1
crippled	1
life	5
remained	4
courage	2
newly	1
dazzled	1
midst	1
often	2
safer	2
threatened	1
hunting	3
whether	1
mocked	1
anticipation	1
miss	1
troubled	1
bullets	1
maniac	1
size	2
hot	2
questions	1
pulled	2
mechanically	1
requisition	1
itself	9
at	60
departure	1
south	7
beside	1
flexible	1
heads	1
so	50
twin	2
giving	4
obtainable	1
trro	1
groping	1
born	1
report	2
just	6
across	2
glimpse	1
scream	1
coming	5
know	3
proceeding	1
rising	1
grasping	1
summit	1
sacrificed	1
strips	1
last	8
evident	1
his	158
jager	1
shots	1
circumstances	1
sprang	1
sighting	1
tone	1
canis	1
following	1
poor	2
h)'potlicsis	1
blom	4
rang	1
sparing	1
practice	1
after	14
nature	2
search	2
questioning	1
change	1
succeed	1
swarming	2
foremost	2
escape	4
former	4
dismayed	1
ever	10
affinities	1
wearied	2
snapping	1
impale	1
towards	8
sharper	1
butchered	1
snuffbox	1
general	2
species	2
wished	1
three	6
due	1
there	52
bleeding	2
alternatives	1
sheep	2
guided	1
prolonged	2
forced	2
fro	5
receive	3
veldt	23
close	6
hottest	1
teeth	1
out	24
i'm	1
smaller	1
coat	1
curls	1
wounds	3
kill	1
filled	2
puddle	1
ah	1
crack	1
league	1
smoking	2
bottom	1
something	6
timber	4
absolute	1
nmii^	1
africans	2
arrived	1
causing	2
arm	1
other	14
shorter	1
frame	1
bethought	5
ss	1
aggressor	1
trace	1
irksome	1
leopards	1
took	7
ugly	2
bear	2
gather	1
shout	1
hyenas	2
came	17
broke	1
fires	1
makes	1
contemplating	1
crush	2
tit	1
nigh	2
straggled	1
trampling	2
interfere	1
trunk	2
determined	4
unhappy	1
deterred	1
extracted	1
ascending	1
slangs^	1
track	3
galloped	1
wings	1
shot	6
guns	1
permit	1
forward	1
shock	3
nothing	6
surrounded	1
morning	3
slow	1
n	1
caps	1
surprised	2
trudge	1
affectionate	2
greater	4
earth	2
present	1
bare	2
dropping	1
unacquainted	1
skeletons	1
generous	1
likelihood	2
fired	3
supposed	3
against	3
die	1
approach	1
trough	1
recognition	1
lost	8
signs	1
dreaded	1
turning	3
hindering	1
reckless	1
attempt	4
resisted	1
crouched	1
hit	1
proceeded	1
number	2
days	1
disappeared	1
adding	1
telling	2
lover	1
fly	2
concealment	1
kick	1
bent	1
target	1
results	1
thus	7
aurora	1
he	220
unpalatable	1
promise	1
spell	1
up	30
clasp	1
trained	1
obstruction	5
hunters	3
can	4
pieces	1
within	6
fire	7
proper	1
dipev	1
damper	1
agony	2
right	3
question	3
getting	4
terrain	1
repeated	1
horses	9
earned	1
whose	4
allowed	1
cause	2
avoided	2
thirst	1
terrific	1
blotches	1
lightly	1
quadruped	1
echoes	1
soliloquized	1
around	15
breadth	2
thin	1
different	7
known	7
peal	2
party	2
throughout	1
hailed	1
keen	2
ant	2
boer	2
seemed	7
banded	1
lightning	4
attack	2
on	67
lions	1
staying	1
white	2
wink	1
overcast	1
quivering	1
piggledy	1
along	8
meat	3
pestilent	1
hopes	2
commonly	1
everywhere	1
create	1
below	3
however	9
comfortable	1
masters	1
nearing	1
tufts	1
repetition	1
cachinnations	2
ensconced	1
sort	1
engaged	1
gone	6
falter	1
humiliating	1
reclosing	1
bring	3
ran	2
tlicm	1
break	1
recognised	1
routing	1
confident	2
recalling	3
spoil	1
biting	1
since	4
insignificant	1
shouted	1
marks	2
yellow	1
ways	1
major	1
sisters	2
ablaze	1
anything	1
tsetse	14
delving	1
trice	1
disappearance	1
every	5
reflecting	1
staghounds	1
skull	1
trees	4
catapult	1
who	8
diagonal	1
mockingly	1
stinging	1
sleep	3
round	7
spot	5
sole	2
apprehensively	1
meanwhile	1
difference	2
kennel	1
bearer	1
highly	1
leaving	3
given	4
shared	1
fell	2
be	55
shadowed	1
shaking	1
blazing	1
behaviour	1
misleading	1
silence	1
laughing	2
stripping	1
timbered	1
stole	1
s	2
fate	2
screeching	1
east	1
am	2
needing	1
appealing	1
changing	2
does	1
deliberation	2
spotted	2
mule	1
hondcn	1
called	7
readers	1
rough	1
stiff	1
needed	3
hither	1
used	1
simmering	1
climbing	2
hear	2
bunch	1
enigma	1
body	6
mercy	1
kind	4
elbow	1
matabele	1
fury	2
way	13
moon	3
smooth	2
dorn	23
rushing	3
central	1
away	9
reason	4
saddle	5
own	10
haj'like	1
horror	1
hurriedly	1
crossed	1
my	2
exhausted	1
kitchen	1
instead	6
rarely	2
milk	1
shouts	2
averted	1
or	33
cruelty	1
clear	3
trophy	2
wide	1
smile	2
determine	1
guide	3
is	18
failed	2
incomprehensible	2
sending	1
finale	1
contra	1
owed	1
occurred	1
bocrs	4
warm	1
pocket	1
do	5
pitched	1
happened	1
z'j	1
heard	2
kindling	1
feared	3
else	3
situation	3
vcc	4
reverberating	1
freely	1
ramming	1
cloven	1
felt	3
never	5
help	2
escaped	1
doubtless	1
asa	1
rose	1
him	72
their	35
examination	1
furthermore	1
morpheus	1
miraculously	1
quickly	2
state	2
cries	1
thorn	1
fact	4
blamed	1
flesh	3
anxiety	2
sis	1
survey	1
holding	1
lying	4
rcamcd	1
grass	12
yellowish	1
large	6
faster	1
intended	1
oscillating	2
monkey	1
finally	1
sinister	1
furious	1
possessors	1
prairie	1
rush	3
play	1
venomous	2
luckily	3
insect	5
has	1
steam	1
sister	1
knowing	2
ridden	2
glances	1
opportunity	1
jackals	2
bestriding	1
coverlet	1
drew	2
concealed	1
why	6
attached	2
caused	5
to	235
even	15
deigning	1
cartridge	4
unable	1
concentrated	1
well-known	1
among	5
animals	9
personalname	25
turned	4
solicitous	1
precautions	1
top	2
pitch	2
like	9
flinging	1
perspiration	1
torn	1
youths	1
comprehension	1
listening	2
broken	2
knife	2
scampered	1
humanity	1
flashes	1
rag	1
set	5
carried	2
believed	1
girl	1
luck	2
aimed	1
knee	1
latter	3
serious	2
manner	3
sides	2
piet	26
scene	2
mowana	5
un	2
needs	1
sausages	1
tardy	1
torturing	2
appeasing	1
fearfully	1
bridled	1
tempting	1
seize	2
look	3
scourge	1
sink	2
looking	3
line	4
have	45
and	255
black	5
riems	1
cheerful	1
trapped	5
flecked	2
erect	3
bultong	1
scattered	2
blindly	1
unearthly	3
accompaniment	3
crook	1
water	7
hands	1
sufficiently	1
may	4
persecutors	1
proceed	2
darting	1
moment	4
distance	4
its	54
bullet	5
affrightedly	1
hyena	10
sable	1
eyes	7
refilled	1
discredit	1
dangerous	4
tran	1
rid	1
xt	1
whimpering	1
companions	1
aggravating	1
much	19
sweat	1
sighted	1
down	17
jiondcn	1
talc	1
pursuit	1
forks	1
belt	4
rubbed	2
conflagration	1
hhn	1
consequence	1
unsolved	2
lowered	2
wonder	3
boers	22
snugly	1
shelter	1
evidently	2
leave	2
effect	4
less	12
fork	1
sneers	1
ahead	1
saying	1
staggered	1
thinking	4
spoiling	1
interrogated	1
meant	1
wondered	1
monotonous	1
hope	4
tvvo	1
indebted	1
apprehension	1
cattle	1
range	2
impossible	1
safest	1
sure	3
chill	1
hitherto	3
aim	3
near	11
despairing	1
slumbered	1
trunks	3
regaining	1
hunter	14
energies	1
touws	1
infuriated	1
struck	2
new	2
agitation	1
night	14
original	1
title	1
objects	1
buried	1
done	3
believe	1
lent	1
high	2
master	8
dismounting	3
projected	1
bound	1
adjacent	1
true	4
long	20
shunning	1
quite	2
least	1
forth	2
gathered	1
doej^s	1
wisps	1
careful	2
bowl	1
injured	2
tips	1
wounded	3
grasp	1
well	11
listened	1
third	3
burnt	1
pxplanations	1
course	6
abandoned	3
this	36
minute	1
horsemen	2
familiar	1
certain	1
saved	1
themselves	4
habits	1
lunatic	1
hini	1
pursuer	2
whirring	1
crossing	1
spark	1
small	1
looked	3
occupied	1
further	5
excitement	2
fastest	1
cowed	1
step	1
deductions	1
knew	13
mm	1
run	6
field	1
air	4
largest	3
red	3
rescue	1
legs	3
jack	1
replete	1
men	4
retreating	3
armfuls	1
stop	2
heavy	2
sagacious	1
tore	1
spread	1
draw	1
arrival	2
hunger	1
providential	1
day	4
bearding	1
arms	1
rivulets	1
real	1
produced	4
appalling	1
butting	1
two	12
excitedly	1
fortunately	2
mangled	1
t	4
foliage	3
jaws	1
recognisable	3
seemingly	3
triumphed	1
must	3
failing	1
sometimes	2
drift	1
shutting	1
compost	1
several	6
trigger	1
flint	1
puzzle	1
seeming	2
supernatural	1
wooded	1
attempts	1
mad	1
burrows	1
restrain	1
panting	1
necessary	2
pack	2
it	184
wilderness	1
rendering	1
very	5
kisses	1
gave	1
bull	10
coal	1
uninjured	1
tiger	1
river	2
sheets	1
himself	25
all	46
trot	1
strangely	1
place	10
brightness	1
similar	3
daylight	1
rabbit	1
but	88
frizzling	1
stepped	1
unsheathed	1
closed	1
blurted	1
killed	4
hissing	1
back	26
resulting	1
hayrick	1
chanced	2
of	307
afoot	1
tearing	1
chilliness	1
pursuing	2
contemplate	1
drank	1
flash	1
shrill	1
drove	2
reaper	1
fear	6
descending	1
not	67
determination	1
skirting	1
hold	4
approached	1
literally	1
constrained	1
dark	1
sense	2
chased	7
karoo	1
she	2
softly	1
changed	1
solitary	2
hearts	1
dropped	4
ten	1
illumined	1
ass	1
ground	13
attention	1
clap	1
fashion	3
sluggishly	1
lid	1
likely	3
pushed	1
daily	1
succeeded	4
times	1
boinbylius	1
onset	1
loudest	1
longer	9
customary	1
surely	3
horseman	1
those	8
come	6
tenable	1
leagues	1
boom	10
dreamed	1
tallest	1
throwing	1
quick	7
thinly	1
whistle	1
flight	3
crow	1
feat	1
rounding	1
things	1
colonists	2
feet	5
arabic2digit	39
alertness	1
group	1
final	1
hang	1
yj	1
dragon	1
courageous	1
food	1
her	2
sorts	1
weird	3
low	2
fairly	1
base	1
awake	3
though	13
preferred	2
bit	1
outspanned	1
soporific	1
blew	1
obscured	1
again	12
neither	7
captured	1
described	1
reloading	1
bizz	1
laclye	1
care	1
buffaloes	8
always	2
angrily	1
hundred	3
hearing	1
sun	8
fish	1
bruised	1
ha	1
wolves	1
branches	2
death	3
pool	1
pair	2
during	1
vengeance	1
helping	1
seven	1
showered	1
resultant	1
cowardly	1
skinned	1
wound	1
crisis	2
flag	1
breathing	1
keep	4
where	7
mouth	1
living	1
prudent	1
for	78
demanded	1
incident	1
fresh	2
wandering	1
half	8
told	4
defined	1
hours	3
creatures	2
end	7
had	127
northern	1
lately	2
beef	2
puffing	1
instantly	5
uttered	2
slept	2
perceiving	2
harmless	1
bultong.^	1
affecting	1
tree	18
steaks	1
capable	1
are	6
almost	12
into	18
still	26
weight	1
beneath	1
tossed	1
proclaiming	1
reverberation	1
did	16
snort	1
sympathy	1
ashes	1
despairingly	2
scamper	1
revenge	1
maned	1
none	3
undismayed	1
time	20
hiin	1
escaping	1
hastily	2
couch	1
seconds	3
stated	1
unexpectedly	1
appeared	1
howl	1
arabic3digit	3
despite	4
exchanged	1
shield	1
carcases	2
flouted	1
see	5
pleasant	2
replaced	1
first	10
juices	1
tail	6
observed	2
bellow	1
warned	1
collect	1
answer	3
filtered	1
consternation	1
shouting	1
bigger	1
noise	2
side	2
recognising	1
replacing	1
halt	3
stopped	2
lasted	1
hung	1
invisible	1
horned	2
joyous	1
progress	1
ride	1
became	2
yes	2
downpour	1
feelings	1
disagreeable	1
obliterated	1
sting	2
mantle	1
puzzled	2
hour	3
afar	1
cutting	2
quarry	1
others	2
short	4
deep	1
vee	18
worthless	1
weed	1
stayed	3
wrong	2
strokes	1
fearing	1
shakings	1
waking	2
sore	1
probable	1
few	4
narcotic	1
tropics	1
making	5
conscious	3
once	7
dry	3
carry	2
satisfactory	1
riveted	1
barely	2
difficulty	1
intervals	1
rushed	1
they	44
thundering	1
twelve	1
continuance	2
say	1
zo'^.ct	1
np^he	1
made	16
awakened	1
meerschaum	1
camp	27
treeless	1
sweetheart	4
lagged	1
gallop	4
mockery	1
fiercer	2
killing	2
improbable	1
inch	1
unexpected	2
rather	3
steed	6
forlorn	1
halting	1
suffering	1
founder	1
events	1
certainly	1
mental	1
roers	1
worthy	1
beyond	4
morgen	1
although	2
neck	4
belated	4
great	8
quilted	1
delay	3
thought	8
explanation	2
saving	3
sweeter	1
any	15
reddish	1
soliloquised	1
resemblance	1
buftalo	1
second	2
quest	1
herd	1
cover	1
roll	1
how	13
doers	1
open	1
appropriate	1
stampede	1
enjoying	1
depend	1
hoofs	1
trust	1
loose	1
bridle	1
straggling	1
larder	1
indeed	6
fill	2
thousands	1
dismay	1
livingstone	1
mishap	1
intermittent	1
eager	1
trail	5
shooter	1
one	26
fodder	1
view	4
point	9
imperceptible	1
clad	1
anthill	6
temporary	1
held	2
bed	1
ascend	1
mystification	2
tawny	1
left	4
mahogany	1
uneasiness	1
satisfied	1
news	1
leaves	1
afterwards	1
anxieties	1
scrub	1
mischances	1
leading	1
guiding	1
from	58
acted	1
makinsf	1
visionary	1
cumulous	1
kept	4
intention	2
fallen	2
struggles	1
wood	1
searcher	1
sly	1
danced	1
racket	1
huge	1
sufficient	1
wolf	1
otherwise	1
spleen	1
roaring	1
ip	1
too	13
disappointment	1
vce	3
shy	1
doom	3
aught	5
these	7
stepping	1
wheeled	2
being	23
instant	6
young	17
tight	1
under	14
ide	1
youth	2
partly	1
could	40
simultaneously	1
whole	1
situa	1
resolving	1
infested	3
seem	2
me	3
indicative	1
so-called	1
supply	1
hesitation	1
striking	2
rent	1
hat	1
more	30
ready	2
surprise	2
affair	1
assistance	1
a	224
hotly	1
missing	1
toward	3
screams	1
beacon	1
difficult	1
routs	1
undistinguishable	1
been	38
inhabit	1
suffered	1
taking	4
ere	1
pain	2
holes	1
bellowing	2
prowess	1
breathed	1
hollowed	1
leeuw	3
delighted	1
congratulations	1
merciful	1
facing	2
cost	1
reasons	1
containing	1
angry	1
both	5
spoils	1
conclusions	1
perhaps	6
refreshing	1
oxen	5
friends	2
worse	1
asylum	1
mii	1
necessity	1
late	6
effective	1
resolve	1
goodly	1
think	1
pots	1
voice	3
happy	1
pi	1
heap	2
drawing	4
dew	1
thrust	1
stride	1
performed	1
instinct	2
violent	1
fancy	1
power	1
returned	1
uncertainty	1
already	4
roused	1
solicitude	1
get	6
stems	1
free	1
flame	2
then	20
reining	1
eastward	3
imagined	1
dog	1
successive	1
vv	1
note	3
precursor	1
parting	1
moonlight	1
hoof	4
brute	8
hayricks	1
started	1
tell	2
bits	1
waistcoat	1
closing	1
noble	1
double	1
repast	1
hysterical	1
acutely	1
striped	1
met	1
commotion	1
they're	1
builders	1
partridge	1
next	2
behind	3
animal	22
threatening	2
event	1
districts	1
taken	3
confidently	2
qiiadrtiviana	1
dyed	1
save	1
bovine	2
stock	2
indicating	1
nearer	2
loss	1
steel	1
maze	1
mystery	4
cured	1
might	20
direction	10
safety	1
leaps	1
insects	1
licaring	1
scare	2
alarm	5
puzzling	1
hatchet	1
prowling	1
growing	1
eater	1
reached	1
goodbye	1
rider	2
together	3
matter	2
smoke	2
commodity	1
thenceforth	1
inorstians	1
bones	1
doubt	6
exist	1
far	15
blood	4
exceeding	1
swish	1
till	8
distinguishable	2
yoke	1
sight	14
groundless	1
spurring	1
vessel	1
caring	1
en	1
convenient	1
guileless	1
plough	1
fourth	1
triumphantly	1
oncoming	2
favourite	1
roer	5
utilised	1
rich	1
american	1
rain	7
venaticd	1
stay	2
seeing	5
cat	2
misfht	1
won't	2
sign	1
conversion	1
circumstanced	1
domesticated	1
choice	2
snake	1
tobacco	1
experienced	2
zagged	1
throat	1
bluebottle	1
clay	1
paces	1
yet	11
natives	1
wagons	3
exceedingly	1
overtake	1
chagrin	1
yesterday	1
going	4
propernoun	24
signal	1
height	1
i	9
mounted	1
flitting	2
respect	1
alas	1
rejoiced	1
wilde	5
entangled	1
duration	1
slight	2
said	1
safe	3
storm	1
noon	1
greatest	1
which	50
act	1
tender	1
skill	2
bursts	1
encounter	2
process	1
chance	4
rolling	1
keenest	2
stood	8
need	6
natural	1
thud	1
fiercest	1
fall	1
succession	1
lifeless	1
interval	1
reload	1
send	1
cold	2
tongues	1
rest	4
blaze	2
were	47
shone	1
^i^rv	1
tumbled	1
mile	2
thunder	3
doorn	5
dishes	1
fancying	2
encountered	1
flashed	2
ay	1
idea	1
fair	4
il	1
trooping	1
tion	1
followed	4
leapt	1
nor	17
disc	1
remain	1
arose	1
refreshed	1
shoulder	1
rat	2
continue	1
was	167
hycenas	1
clearly	1
tracking	5
mexicans	1
chapter	7
delayed	1
idle	1
overjoyed	1
tough	1
sudden	2
affright	1
patent	1
appearance	2
announcement	1
perplexity	1
them	37
scarce	7
recovering	1
trusting	1
got	7
twice	2
such	14
buffalo	26
object	1
grief	1
commenced	4
remembering	1
wi	1
catch	3
senses	2
about	23
man	6
what	21
dozen	2
anticipating	1
profit	1
either	2
ticklish	1
equestrian	1
ascended	1
objected	1
glance	3
shaken	1
route	1
sky	2
pelt	1
creature	5
showed	1
h	1
without	12
nearly	1
lo	1
rage	1
deprive	2
banks	1
prey	2
carefully	1
finding	1
make	12
twigs	1
saluted	3
voices	2
lie	2
some	17
readiness	1
raw	1
sank	1
compass	1
nakedness	1
mane	1
frightened	2
action	2
response	1
lay	10
formidable	7
hendrik	5
craned	1
active	1
ht	1
before	22
vultures	2
cheeks	1
detach	1
pet	1
rendered	1
ears	5
civet	1
violence	1
fry	1
slant	1
naacht	1
anger	1
sent	7
darkness	1
onward	1
rare	1
hastened	1
brought	2
will	1
shortest	1
above	5
entailed	1
source	1
consequences	1
entered	1
off	18
beating	1
poured	1
love	1
faith	1
throes	1
reverse	1
jungle	1
beset	1
relief	2
tottering	1
account	8
skin	3
sec	3
nearest	3
hurried	2
buttressed	1
soon	12
over	26
budged	1
colour	4
occasion	1
weakened	1
upon	22
pause	1
coolest	1
hundreds	2
incentives	1
try	3
thicket	1
mount	1
salt	1
sprawling	1
inexplicable	2
tlic	1
possible	1
scale	1
headed	1
rammed	2
evening	1
neigh	3
stretched	2
part	4
tornado	1
precaution	1
parted	2
stream	2
added	3
descry	2
branched	1
compared	1
property	1
start	4
discovered	1
gun	14
trophyless	1
named	1
packed	1
minutes	1
desparingly	1
di	1
head	5
higgledy	1
believing	1
people	2
characteristic	1
easily	5
slang	1
mystified	3
resistance	1
twilight	1
pass	3
trek	4
marksmen	1
put	6
assured	1
hanging	1
branch	1
strain	1
tidings	1
hoarse	1
perfect	1
brain	1
waked	2
rcsokitlon	1
sandy	1
world	1
deal	1
hook	1
io	1
loving	1
moreover	1
continuing	1
withal	3
fright	1
movement	1
perceived	1
mistaken	1
restored	2
charqui	1
revealed	1
many	5
boei	1
vice	1
flaring	1
bodies	1
follow	2
gratification	1
rattlesnake	1
shook	1
cry	2
becoming	4
chase	7
trouble	3
settle	1
dull	1
solved	1
serve	1
six	1
operation	1
afford	2
acacias	1
inspection	2
embraced	1
withered	3
brother	5
clawed	1
attacked	4
girth	1
fixed	2
concussion	1
able	2
combat	1
danger	7
proposed	1
recovered	2
anywhere	1
hole	1
minutely	1
heart	1
cast	1
that	77
mouthful	1
take	9
relentless	1
intonation	1
riderless	1
testified	1
work	1
cut	3
raising	2
affrlghtcdly	1
clusteringly	1
declared	1
blind	2
regardless	1
proved	3
minor	1
venting	1
joyful	1
ringing	2
bounds	1
essayed	1
feeling	4
mother	2
brothers	3
standing	3
abrupt	1
riding	3
name	1
eluded	1
chronicled	1
caught	10
bad	2
seen	9
firm	3
flew	1
bite	1
no	36
promising	1
reality	1
boldly	1
condition	2
finishing	1
damage	1
thoughts	2
separated	1
through	5
bcers	1
strode	1
deemed	1
fast	4
space	1
if	21
troubles	2
good	2
shod	1
honden	6
stuck	1
pipe	4
horse	47
appealed	1
service	2
travellers	2
clouds	2
traveller	1
while	13
dwell	1
ones	1
abdomen	1
in	157
tinder	1
dawned	1
reach	1
abruptly	2
bush	1
darker	1
exclaimed	1
completely	1
si	1
stick	1
percussion	1
proof	1
wind	1
alarmed	1
scenery	1
found	3
plain	6
soil	2
thither	1
returning	3
saw	17
thrown	1
odour	1
snap	1
relatives	1
confidence	2
country	1
discharged	2
disabled	2
awe	1
countries	1
capello	1
wildc	1
common	1
wildest	1
heat	1
emitting	1
cobra	1
shouldering	1
wait	1
alongside	1
would	53
horizon	3
employed	1
fine	1
quantity	1
possession	1
tossing	1
joyfully	1
led	4
dream	3
dr	1
gaze	1
notwithstanding	3
fingers	1
circumstance	1
interrupted	2
glowing	1
menace	1
places	1
choicest	1
blanket	1
tasaio	1
crash	1
reined	2
retreat	3
sores	1
backward	2
drawn	3
buzz	1
learning	1
naturally	1
gallon	1
region	1
greatly	1
triple	1
brown	3
eye	2
kills	1
tread	1
repeating	1
relieving	1
staggering	1
overgrown	1
let	1
deliberately	1
renders	1
tracks	7
task	1
cropper	1
climb	2
vaulting	1
reaching	2
renew	1
return	2
attitude	2
length	5
charged	4
placename	7
unconsciousness	1
evidence	1
risen	2
miles	3
tumble	2
burning	3
between	8
begun	1
prints	1
result	3
gain	1
careering	1
grown	1
loi	1
relieved	2
farther	1
chorus	1
crashing	1
moving	2
o	1
younger	1
unthought	1
caution	1
heels	2
experience	1
pans	1
most	3
maal	2
besides	5
encampment	1
lights	1
lips	1
spines	1
emigrants	1
recurred	1
comprehending	1
serpent	1
haste	4
roar	2
sloped	1
interrogating	1
strange	2
assailed	1
spring	1
trembled	1
anxious	4
when	28
sharp	1
emptied	1
face	4
horns	7
an	26
tzip	1
hoping	1
mash	1
highest	1
with	85
hounds	8
points	1
lading	1
preceding	1
sailing	1
dead	3
buckled	1
dogs	3
victims	1
glad	1
possibly	1
alone	3
also	10
infliction	1
presence	3
belched	1
box	1
laager	5
passed	3
thing	5
you	2
dense	1
southern	1
rode	3
fail	1
toll	1
cows	1
running	4
fatal	3
hoped	1
excited	1
launch	1
laceration	1
ttor	1
want	1
understood	1
turf	2
