dimly	2
joy	13
former	2
came	12
ties	1
arabic1digit	6
equally	1
steps	5
mind	1
delicious	1
repentance	1
wild	1
company	2
read	2
studies	2
playful	1
urged	1
genially	1
case	3
studded	1
learn	1
courage	1
went	4
same	12
suddenly	1
spoiled	1
speechless	1
veranda	8
worked	1
opposite	2
romannumeral	6
seat	1
amazement	1
room	33
arm	8
mignonette	1
comprehend	1
divine	8
saki	1
should	9
authors	1
form	6
peacefully	1
reverently	1
words	5
answered	15
reply	1
furniture	1
noticing	1
complete	1
consciousness	1
horatius	1
go	8
now	18
become	1
the	450
child	11
nourishment	1
adjoining	1
earl	1
and	344
swiftly	2
subjects	1
enough	2
thoughtfully	1
bore	1
mourning	1
somehow	1
mars	1
unworthiness	1
nobler	1
added	3
detail	1
permanently	1
dearest	4
precious	6
groups	2
goodness	1
joys	3
passing	1
reunion	2
vases	1
by	26
as	87
doubtless	1
fight	1
home	26
than	8
calif	1
bless	1
flowery	2
flitted	1
hand	10
capacity	1
bowed	5
books	7
glancing	1
shuddered	1
full	2
covering	1
suitable	1
continued	1
disengaging	1
willing	1
fruits	2
doorways	1
stands	1
impurity	1
trinity	1
entire	6
pursuit	1
advancing	1
polished	3
links	1
find	5
arabic5+digit	1
condensed	1
intervening	1
bade	1
ideas	1
fully	1
little	24
wishes	1
marys	1
forever	1
desert	1
light	5
men	1
towels	1
calm	1
life	29
clasp	2
blessedness	1
happiness	3
sobs	1
elevated	1
midst	2
view	2
reckoned	1
sang	1
weak	1
pleasure	1
lawn	1
flower	6
merry	1
old-fashioned	1
size	1
revelation	1
where	8
questions	1
rivers	1
prayed	1
nations	1
at	51
living	6
departure	1
beside	7
copyright	1
convulsive	1
winning	1
so	30
upward	2
shades	1
pleasant	1
pleased	1
shrubs	1
easy	2
just	10
across	2
thee	1
gladden	1
moment	10
promised	1
rising	1
ayd	1
alma	2
beauty	7
wondered	1
last	13
ago	2
his	59
religious	1
chairs	1
say	3
slipped	1
rippled	1
tone	2
right	3
tangle	1
poor	4
working	1
festoons	1
rev	2
unlike	4
rang	1
eager	2
memory	4
bookshelves	1
forget	4
myself	5
secluded	1
doorway	3
nature	1
garments	1
use	2
change	2
whole	2
texture	2
slowly	4
duties	7
absurdity	1
husband	4
sheltered	1
ever	6
gently	8
surpassed	1
pax	1
scarcely	1
better	4
changing	1
met	2
special	1
three	3
laying	3
marvellous	1
fix	1
idly	1
oh	7
stairway	2
least	1
decay	1
floor	14
thou	1
picture	1
blending	1
legitimate	2
birds	1
smaller	1
1ntra	6
illumine	1
filled	6
shade	2
taint	1
opened	5
something	5
embedded	1
pen	1
cordially	2
influence	1
tired	1
other	10
covered	3
we're	1
woods	2
pretty	1
stretched	1
dreams	1
quoted	1
took	3
bear	1
gather	1
hanging	1
overpowering	1
excellence	1
started	1
saviour	2
think	6
portrayed	1
twining	1
temperature	1
wither	1
imperishably	1
veil	1
ascending	1
shrug	1
interest	1
sadly	1
forward	2
sports	1
flowers	16
lonely	2
spirit	2
n	1
prayer	1
story	1
shore	2
earth	13
present	2
door	7
irreverent	1
result	1
ranks	1
laden	2
probation	1
married	1
allows	1
inside	2
polish	1
removed	2
writes	1
unutterable	1
assure	1
departed	1
days	7
pleaded	1
messenger	1
bent	1
thus	7
sakes	1
he	82
fitted	3
up	7
instance	1
kneeling	2
into	27
stones	2
finest	4
flavour	1
scenes	3
giving	1
bordered	1
ofttimes	1
question	2
rear	1
twinkle	1
timidly	1
guided	1
preserved	1
whose	10
cause	1
lightly	1
towel	1
around	2
different	3
semicircular	1
known	1
columns	6
past	1
keen	1
sad	1
seemed	11
inhabitants	1
on	40
taken	1
white	6
cousin	1
aside	3
gasp	1
whom	7
heavenly	4
remembered	2
who	16
lay	11
somewhat	1
everywhere	3
below	2
lives	6
fifteen	1
expressive	1
crystal	1
humility	1
distinctive	1
sparkling	1
wide	1
gone	3
bring	3
ran	3
conception	1
taught	2
realised	2
enfolding	2
massive	2
since	1
seven	1
especially	2
yellow	2
ways	2
speedily	1
sisters	1
earnest	1
yore	2
ajar	1
unfamiliar	1
souls	1
ing	1
its	10
frozen	1
united	2
extended	2
whispered	8
strove	1
perceptible	1
swept	1
sleep	1
stained	3
round	2
spot	1
feel	4
each	11
ripples	1
deed	1
eagerly	1
garden	1
highly	2
thick	1
knew	6
given	1
shared	1
fell	2
stood	8
rank	1
several	4
pear	2
preparation	1
admiring	1
silence	1
laughing	2
instead	4
lingered	1
indoors	1
our	29
varied	1
am	15
evaporates	1
does	6
embrace	4
narrow	1
immediately	2
called	6
servant	1
profusely	1
length	1
hither	1
patient	2
used	1
breath	2
told	2
coloured	2
intercept	1
finished	3
body	2
kind	5
elbow	1
winding	1
way	9
carnations	1
strange	4
admirable	1
larger	1
blossoms	1
away	10
built	4
reason	1
own	9
tastes	3
crossed	2
my	171
spotless	3
binding	1
rarely	1
great	13
domes	1
or	13
give	3
broadcast	1
single	1
blooming	1
comfortably	1
smile	7
salvation	1
dearly	1
is	56
failed	1
glass	3
headlong	1
artist	1
descended	1
truthfully	1
runs	1
quiet	1
benediction	1
photographed	1
warm	2
adieu	1
do	27
lowry	1
angelic	1
spicy	1
grave	1
sat	4
behold	1
tune	1
houses	2
near	6
wickham	1
violets	1
pink	2
desired	2
waiting	2
help	3
clung	2
charming	3
hue	1
him	23
their	17
terrace	3
quickly	4
began	1
guide	1
fact	1
going	3
beautiful	18
flesh	2
sis	1
follows	1
cold	2
limit	2
tears	1
large	9
low	3
idle	2
imagine	1
elgin	2
ministering	2
seed	1
make	4
apart	2
intra	24
has	9
cook	2
pure	3
waters	1
usually	1
touch	5
city	1
sleeves	1
performing	1
washed	3
another	4
drew	7
why	3
attached	1
pinions	1
answer	3
order	1
to	206
even	13
building	2
thickly	1
shape	2
among	6
there	18
turned	8
childhood	1
ou	1
youngest	1
like	11
artistically	1
falls	1
listening	1
path	1
mortals	2
carried	1
believed	1
girl	3
beloved	5
knee	2
unchanged	1
enjoyment	2
manner	1
scene	2
needs	1
phillips	1
fronting	1
delicate	8
sprays	1
dust	1
w	1
happy	16
land	2
line	3
have	34
reminding	1
girls	4
directly	3
eternity	6
grew	5
seems	2
examine	1
scattered	2
inconsiderate	1
lowest	1
chatted	1
warmly	1
water	15
strengthen	1
aspirations	1
hands	15
ambitions	1
sufficiently	1
proceed	1
comforteth	1
upholstering	1
distance	1
trees	7
darling	5
thousand	1
earnestly	2
here	28
cannot	4
sweet	4
end	4
lustre	2
burst	1
tried	1
sunset	1
much	10
third	1
bates	1
stopped	4
band	1
odour	1
standing	5
mrs	2
wholly	4
dwellers	1
resembled	1
rubbed	1
turning	6
satiny	1
sleeping	1
faint	1
name	3
angeles	1
supposed	1
softest	1
bright	3
garment	1
ashland	1
leave	5
less	2
saying	6
whenever	1
bosom	1
emerged	1
wisdom	1
clusters	2
silver	6
cried	12
hope	1
longing	2
pallas	1
selfish	1
marbles	2
sure	5
chill	1
lilies	1
towards	1
sketch	2
mean	3
stranger	1
thorn	1
grass	4
isle	1
struck	2
still	11
new	7
night	1
provided	1
henceforward	1
buried	1
done	4
believe	1
father	19
dear	39
high	1
stairs	1
relish	1
laid	1
look	8
upturned	1
true	3
long	14
estate	1
quite	2
faces	5
household	1
forth	1
gathered	5
apartment	3
lovely	15
mine	1
walking	1
whatever	1
homes	2
col	3
sight	3
wonderful	10
significantly	1
well	10
juice	2
heven	1
course	1
hear	2
decidedly	1
familiar	2
certain	1
stop	1
lengthwise	1
undoubtedly	2
threw	3
precisely	1
pearl	2
valley	1
small	1
looked	13
bringing	1
sections	2
higher	4
arts	1
quick	1
leaving	1
linking	1
sympathetic	3
decays	1
air	10
gentle	3
lined	3
struggle	1
ixtra	1
uplifted	1
separations	1
stirred	1
heavy	1
mankind	1
flood	1
whisper	1
withhold	1
finish	4
coarse	1
cares	1
spent	1
are	28
produced	1
strong	4
substituted	1
brink	1
purer	1
genuine	1
minister	2
reproach	1
remained	2
rarest	1
must	9
failing	1
astir	1
smiling	1
sometimes	4
lifting	2
steal	1
patmos	1
be	41
rousing	1
hosts	1
cling	1
comes	1
laugh	4
black	1
it	97
purity	3
fagged	1
awaiting	1
gave	2
soberly	1
inviting	2
float	1
chary	1
river	6
flowering	1
leaf	1
few	8
request	1
all	35
strangely	1
everything	4
similar	5
thrust	1
mor	1
construction	1
yielded	2
stepped	2
suffocate	1
eternal	1
once	16
success	1
learned	1
back	10
wishing	1
dropping	1
yards	1
live	1
far	6
pursuing	1
utilise	1
delight	5
satin	1
joined	1
varieties	2
not	67
hold	2
approached	4
dark	3
sense	1
vines	2
in	137
cheery	1
softly	5
inlaid	4
changed	1
hearts	2
nearly	1
illumined	1
recently	2
attention	1
entering	3
smiled	3
comfort	6
assume	1
overhanging	1
expostulated	1
amused	1
times	4
entrance	4
spenser	1
militant	1
stems	1
surely	4
those	17
come	28
skyes	1
persons	1
greatest	1
coming	4
busy	1
material	2
sprague	6
identical	2
widening	1
mvros	1
concave	1
christianity	1
ceiling	1
st	1
things	1
acknowledgment	1
feet	7
arabic2digit	32
invigorating	1
resigned	1
cushion	1
group	1
afterward	2
being	3
saints	1
if	15
food	1
admiration	1
gulf	1
her	29
healing	1
fastened	2
wrought	1
spirits	3
fragrance	1
ward	1
brave	1
de&eth	1
gradually	1
instructors	1
pillars	2
drawn	2
shelves	2
show	5
forgotten	2
again	18
bid	1
we	101
foot	1
dividing	1
pillows	1
grateful	2
care	3
intense	1
brokenly	1
table	2
always	11
training	1
parents	1
hundred	3
strewn	1
contain	1
queried	1
lifted	4
bunches	1
often	5
preface	1
palaces	1
guardian	1
wondering	2
rough	1
branches	3
death	5
during	5
painfully	1
spoke	2
closely	2
invalid	1
joyously	3
themselves	1
wound	1
older	2
join	2
taste	4
details	2
breathing	1
keep	1
balance	1
daughter	2
mr	1
for	66
mostly	1
fresh	5
haven	1
summer	1
had	33
squadrons	1
day	6
talk	3
pebbles	2
truly	1
slept	1
arms	15
knowledge	6
dress	2
elegant	2
front	5
depths	1
tree	2
breadfruit	1
injunction	1
trying	3
scales	1
almost	8
roofs	1
within	6
weight	1
beneath	4
beautify	1
confused	1
drinking	1
glossy	2
solid	1
did	11
mutual	1
minds	1
two	8
stormy	1
description	1
streams	1
none	2
shaking	1
time	18
begin	1
hastily	1
columned	3
couch	3
remaining	4
half	2
appeared	4
immortal	1
your	20
see	22
felt	11
pride	1
first	10
flying	1
smooth	2
ill	1
observed	1
plant	3
god	3
strength	4
tear	1
tools	1
returns	1
agonised	1
trial	1
shone	2
noth	1
ourselves	1
instructor	2
side	8
flowed	1
meet	8
halt	1
deepest	1
rest	8
hung	4
portrait	1
mlros	1
presented	1
resting	4
became	3
yes	15
ready	3
row	1
circle	1
threshold	1
mantle	1
hour	3
fondly	2
step	5
others	3
short	4
clasped	2
when	28
bearing	1
shining	2
encouraged	1
very	11
wise	4
sorrowfully	1
distinctly	1
himself	1
gifted	2
arrangement	1
conscious	1
sustained	1
dry	1
carry	2
really	4
dropped	2
hair	4
chaste	1
they	49
sees	1
twelve	1
drift	1
associations	1
benefit	2
denied	1
fair	2
angels	1
happily	1
friend	2
inch	1
rather	1
bay	1
suffering	3
touched	3
events	1
certainly	1
sward	4
any	8
beyond	4
heaven	6
wipe	1
fellows	1
although	1
neck	4
celestial	2
author	1
rugs	1
reminder	1
arabic4digit	1
ivory	2
exclaimed	1
made	3
helped	1
errs	1
worthy	1
truth	1
thought	10
weeping	1
humble	1
second	4
lif	1
draperies	1
how	17
open	2
illness	1
mortal	1
wrestling	1
tranquilly	1
trust	1
loose	2
luxuriant	1
indeed	8
midsummer	1
until	2
morn	1
one	38
returned	2
said	67
marble	12
unfolded	1
completion	1
submit	1
unpardonable	1
unselfish	1
bed	5
muros	28
allow	1
left	9
satisfied	2
robe	3
leaves	2
anxieties	1
after	8
showers	1
midway	1
gauzy	1
from	24
r	3
ineffable	1
enter	7
uplift	1
welcomes	1
kept	1
library	4
turn	1
fallen	1
glance	2
volume	1
children	2
hm	1
reassuring	3
throbbing	1
too	7
disappointment	1
these	14
stepping	2
stream	1
walk	1
instant	2
young	2
under	3
ask	2
deathbed	1
partly	1
could	25
simultaneously	1
green	5
clean	1
plunged	1
folding	1
me	99
adoration	2
early	1
breathe	2
hesitation	1
acquired	1
awhile	3
density	1
them	33
more	10
glorious	3
surprise	4
expected	2
written	1
a	150
toward	5
blissful	1
conned	1
been	8
fashioned	1
attractive	1
taking	4
peeped	1
safely	1
pleasantly	1
afterglow	1
architecture	3
sometime	1
greet	2
unaccountable	1
luxuriantly	1
an	19
labour	3
simply	2
sins	1
boy	4
ought	1
rooms	2
heard	5
watching	2
both	10
window	18
friends	9
later	3
leafed	1
tries	1
desk	4
place	6
best	3
intermingled	1
laughed	3
earthly	3
voice	5
blade	1
thy	1
teachers	2
crucified	1
history	1
insist	1
sympathise	1
blessed	11
hidden	2
dainty	3
get	1
else	2
appointments	1
no	21
what	18
position	2
then	30
paused	5
know	19
peacefulness	1
lamb	1
but	50
love	12
close	7
fashion	1
shores	1
parting	2
worn	4
transplanted	1
crush	1
us	20
tell	4
nothing	9
framework	1
repast	1
roses	7
oblong	2
can	19
clear	3
desire	3
edge	1
drooping	1
next	2
behind	1
permitted	1
street	3
never	11
lifelong	1
shaped	1
save	1
surprises	1
sitting	1
aware	1
tenement	1
reunions	1
spacious	2
mystery	1
cream	1
wondrously	1
might	4
pulsing	1
emotion	1
los	1
ottomans	1
visit	1
chair	1
grey	12
sharing	1
faltered	1
lustrous	1
unloving	1
reached	1
goodbye	1
woman	3
together	7
bubbled	1
banana	1
rose	2
wistfully	2
recall	3
counts	1
strangers	2
word	1
blood	1
centre	1
universal	1
personalname	39
conversation	1
fruit	7
entirely	2
sunlight	1
caring	1
canvas	1
neared	1
sing	3
urging	1
favourite	5
accompany	2
verandas	2
rich	4
style	1
stay	3
duty	1
floors	1
feendes	1
forgive	1
soft	9
infinitely	2
sister	14
placid	1
elevate	1
throat	2
means	2
bowl	2
fade	1
church	1
propernoun	4
fear	3
blended	1
i	292
flitting	1
suppose	1
manly	1
may	9
windows	2
walks	2
pages	1
rosy	1
imbedded	1
views	2
leading	1
safe	1
ruined	1
bonar	1
brightest	2
which	17
lines	1
prise	1
tender	5
skill	1
sick	1
reading	1
master	5
need	5
assent	1
pillar	1
grounds	2
recalled	1
old	8
natural	1
sur	1
motioned	1
lead	1
talked	1
olden	1
artistic	1
were	37
wore	1
elsewhere	1
perfume	1
deep	2
semicircle	1
attendant	2
enjoy	1
paint	1
faithful	1
holy	3
every	12
publishing	2
robes	2
remain	1
except	1
arose	2
shoulder	2
was	90
casket	4
held	2
encircled	2
chapter	5
she	26
praises	1
wood	1
outside	3
itself	2
a^ked	1
thanks	1
nor	2
exquisite	5
such	7
responsibility	1
shall	20
stronger	1
brush	1
about	19
man	1
thanksgiving	1
bow	2
recess	2
either	3
comforted	1
sit	1
glory	1
till	4
lap	1
showed	1
h	1
without	4
main	1
lo	1
music	2
disfigures	1
head	12
silk	1
walls	7
voices	3
lie	1
record	1
laughingly	1
deeper	2
loving	2
wish	3
generous	2
twos	1
response	1
madam	1
breathless	1
sensation	2
pellucid	1
completeness	1
variety	3
wherever	1
before	21
disposition	1
pet	1
realise	2
rendered	1
refreshment	1
fragrant	2
world	2
reduced	1
grow	1
breast	4
patted	1
tarnishes	1
pleasures	2
fowle	1
rare	3
narrative	1
busily	1
brought	1
will	34
nice	1
thence	1
above	4
knelt	1
entered	12
draw	1
nook	1
lips	2
gladly	1
amber	1
heliotrope	2
co	2
noticed	4
bowers	1
refuge	1
modest	1
fond	1
cleave	1
between	3
pronounce	1
lifeblood	1
portion	1
over	10
colour	4
interposed	1
upon	40
consistency	1
irresolutely	1
hundreds	1
try	5
reverence	1
rt	1
d	2
longer	1
possible	1
mission	1
looking	6
cultivated	1
refinement	1
boys	4
clad	1
rarer	1
part	1
morning	4
immense	1
parted	2
son	7
springer	1
beginning	1
ours	1
pressed	1
thirty-six	1
aroused	1
stretch	1
aunt	5
discovered	2
down	9
placidly	1
crimson	1
golden	4
people	5
stove	1
easily	1
balmy	1
grasping	1
crowned	2
reception	1
welcome	3
pass	2
put	3
while	9
stooped	2
tidings	1
winged	1
preferences	1
intensified	1
perfect	11
brain	1
talking	1
wreathed	1
caught	1
continuing	1
nodded	2
pearlike	1
clinging	2
hast	1
fly	1
loved	6
many	23
hence	2
follow	2
pathway	1
shook	1
fountains	1
cry	2
playing	2
everlasting	1
watch	1
anything	7
finger	1
zest	1
remember	3
six	1
helps	1
delightfully	1
house	13
doorstep	1
stemmed	1
genial	1
professional	1
continuation	1
rested	2
knees	1
pursuivant	1
seem	4
sent	1
desires	2
able	2
devoted	1
brief	1
ripens	1
outstretched	1
heart	10
wrapped	1
that	101
enchanted	1
take	4
places	1
work	7
cut	1
directions	2
rubbing	1
proved	2
rolls	1
shadow	2
sustain	1
feeling	1
mother	13
regard	1
dread	2
asked	11
pall	1
seen	3
firm	1
flew	1
years	4
peace	7
thoughts	3
phase	2
through	14
deemed	1
fast	1
space	2
hangings	1
heirs	1
call	2
fancy	2
wife	6
good	4
clearer	1
comfortable	1
christ	9
design	1
gracefully	1
worlds	1
ones	6
glimpses	1
thrill	2
miles	2
reach	1
abruptly	1
bush	1
darker	1
out	23
restlessly	1
responsible	1
off	1
catching	1
enfolded	2
found	12
broad	4
yet	5
thither	1
returning	1
heb	1
saw	13
thrown	1
self	1
kindly	3
forgot	1
stains	1
cultivating	1
distant	4
watchful	1
victorious	1
farther	2
otherwise	1
surrounded	1
soul	3
wait	6
would	21
delightful	3
usual	1
human	4
fine	3
gain	1
swift	2
led	5
presence	3
dr	1
speak	2
fingers	2
astonishing	1
though	19
cloth	1
costly	2
sorrow	2
eyes	10
velvet	1
hall	3
retreat	1
burden	1
caressing	1
gold	1
naturally	2
relief	1
greatly	4
passed	8
imperfect	1
supported	2
suspect	1
approaching	1
cheek	2
you	76
let	2
neglected	1
blossom	1
scarlet	1
southern	1
doubt	1
thinking	3
crepe	1
return	4
only	17
ah	3
exquisitely	1
of	244
placename	4
uncontrollable	1
someone	1
dipping	1
s	1
kinds	1
lifeless	1
ruter	1
brother	43
study	4
soon	8
bath	1
vine	2
metes	1
walked	5
grown	2
closed	1
throw	1
loftier	1
some	17
o	4
reward	1
perfection	1
experience	1
content	2
most	10
lessons	1
tenderly	7
succour	2
likeness	1
charge	1
honoured	1
writing	2
mullioned	1
replied	4
depicted	1
understand	4
endeavoured	1
write	2
sandaled	1
nay	1
vision	3
indescribable	1
face	14
against	5
newspaper	1
oft	2
with	95
this	46
weeks	2
upbore	1
waving	1
dead	1
dewly	1
graceful	3
tiny	1
undone	1
glad	1
possibly	1
alone	3
folds	2
also	4
dream	2
gaining	1
flowing	2
forms	1
echoed	1
thing	1
journey	1
reasons	1
attentions	1
running	3
chalmers	2
hours	4
leaders	3
character	1
want	5
military	1
turf	3
vestibule	1
completed	1
