fama	1
leaping	1
defend	2
language	2
praise	1
chefs	3
swords	1
valued	1
excelled	1
came	10
arabic1digit	29
equally	2
sixes	1
mind	9
king	7
feast	2
wild	2
company	1
nurse	2
figures	2
genius	1
sea	3
absence	1
bells	1
profiting	1
alert	1
luogo	1
peering	1
vou	1
went	4
same	7
suddenly	2
possible	4
renown	1
virgin	1
don't	2
attainments	1
both	3
insinuating	1
ai	1
romannumeral	29
use	2
abyss	1
room	1
mare	1
having	5
stretti	1
better	11
prepared	1
spaniards	2
warlike	1
should	21
dreaming	1
pearls	1
guerra	1
undoubtedly	1
evening	1
teach	1
humorous	1
intorno	1
lake	1
words	1
resounds	1
forcibly	1
fame	1
loud	1
decided	1
furniture	1
ignorava	1
tied	1
spare	1
misfortunes	1
line	2
go	2
now	22
terrifying	1
hard	2
straits	1
child	2
shrive	1
ments	1
overwhelmed	1
encomiums	1
subjects	1
enough	4
support	1
bore	1
inclined	2
permanent	1
avea	1
desperate	1
successor	1
sweetness	1
thresholds	1
powell	1
letto"*	1
hungry	2
brimming	1
precious	2
fond	1
touches	1
vows	1
compelled	1
rate	4
swimming	1
securing	1
succour	2
doing	4
give	8
vases	1
damask	1
by	50
read	1
as	67
abominable	1
darkened	1
transfixed	1
doubtless	1
gates	1
fight	1
unnecessary	1
home	2
than	24
ou^ht	1
anybody	1
xo	1
gifts	1
hand	10
apartments	1
bowed	1
owing	1
books	2
only	22
raging	1
promoted	2
served	1
stupid	1
seventh	2
suitable	2
pensiero	1
continued	3
meditatively	1
names	1
thousand	3
sweet	2
case	1
steeped	1
condoled	1
polished	1
disgust	1
unfortunate	1
consenting	1
redoubled	2
find	7
sooner	1
somewhere	1
essere	1
vittoria	1
provided	1
kindled	1
inly	1
stamping	1
trc	1
water	1
possessions	2
round	3
little	20
happens	1
solyman	2
aquinas	1
looks	4
guilt	1
hurts	1
light	6
men	6
ciu	1
haik	2
life	10
remained	2
tissue	1
tedious	1
ye	1
happiness	1
startled	1
midst	1
ancestor	1
benefice	1
friend	4
continue	1
entrarono	1
pleasure	1
asking	1
whether	4
banished	1
ransacked	1
viol	1
representations	1
stepmother	1
noteworthy	1
eminence	3
envoy	2
ms	1
ruppero	1
once	7
where	8
fluttered	1
slavery	1
bazaars	1
gratulations	1
majesty	1
fled	2
perfumes	1
barbarossa	15
passage	1
people	14
beside	1
stolen	1
liked	2
flapper	1
trascoitere	1
so	49
charms	1
physicians	1
descent	5
gravely	1
continuous	1
extolled	1
comparative	1
repaid	1
attire	1
posterity	1
born	2
report	1
just	7
seek	2
captive	2
thee	1
orirl	1
promised	2
mahound	1
filling	1
spanish	2
carpet	1
beauty	1
wing	1
when	27
soldier	2
our	5
his	65
rosewater	1
say	10
most	9
sprang	6
drowned	1
right	3
answers	1
gasping	1
following	3
called	8
tribes	1
particulars	1
7/writura	1
hack	1
assaliti	1
duchess	100
dilated	1
lad	1
memory	2
unscathed	1
myself	7
after	11
doorway	1
age	3
nature	2
corpses	1
illuminated	1
change	1
ischia	1
swarming	1
foremost	1
texture	1
thereon	2
escape	2
somehow	1
former	2
infancy	1
immediate	1
fiery	1
anche	1
ever	7
ewer	1
jargon	1
couples	1
then	30
enjoyment	1
towards	4
medicine	2
arm	1
general	1
affection	1
met	4
lupi	2
ral/bia	1
presumed	1
three	4
via	1
due	4
embellish	1
luxury	1
there	36
country	2
carefully	1
token	2
horses	3
contrary	2
forced	1
oh	4
hasty	2
caskets	1
suite	1
receive	4
floor	1
thou	2
spargendo	1
profanity	1
handed	1
teeth	1
ochino	1
statuettes	1
embroidering	1
plaintive	1
breasts	1
wounds	1
rieche	1
comer	1
altra	1
induce	2
taint	1
io	1
melancholy	2
recommend	1
something	7
consider	1
instantly	4
convent	1
frighten	1
nymphs	1
persian	1
influence	4
rosary	1
ariosto	2
dolceniente	1
descends	1
other	11
apologue	1
purpose	1
during	3
frame	2
obtuseness	1
pretty	1
physician	7
dear	5
afraid	4
duenna	1
took	5
bear	2
secret	1
farewell	2
shout	1
western	2
withdrawn	1
lamp	4
casa	1
enviable	1
unbent	1
beseech	2
stark	1
extremely	2
popes	1
jarred	1
murmur	1
cloud	2
skill	1
printers	1
nat	1
spread	1
noting	1
mean	2
around	1
battle	1
overbearing	1
male	1
shrug	1
bestow	2
interest	3
slippers	1
virtue	2
fringed	1
cradle	1
arabic3digit	16
surrounded	2
slow	1
n	2
nest	1
surprised	1
affectionate	1
engagement	2
decide	2
greater	1
story	10
beyond	3
earth	3
present	3
letter	2
door	1
coste	1
curiosities	1
surprising	1
piu	1
southeast	1
paesi	1
rumore	1
two	13
mezzo	1
don	1
married	2
cousin	1
stack	1
die	4
la	4
enforce	1
brackets	1
removed	1
lost	2
utter	1
benighted	1
intently	1
redeem	1
received	2
pity	2
renegade	1
placable	1
tempted	1
plainly	1
horrible	1
trying	1
grand	2
slight	2
proceeded	1
nation	1
symmetrical	1
days	3
disappeared	1
hast	1
lio	1
telling	2
poor	11
conferred	1
messenger	1
caliphate	1
forty	3
war	2
intense	2
thus	3
he	118
communicate	1
cosi	1
unrivalled	1
pallet	1
up	11
perishing	1
kneeling	1
tie	3
billet	1
emphasis	1
stones	1
many	6
stepdaughter	3
appeased	1
fire	2
giving	1
accused	1
patch	1
joys	1
doni	1
bears	1
question	2
accompaguate	1
dicompagnia	1
soarissimo	1
console	2
galere	1
theme	1
repeated	3
confederates	1
neapolitans	1
imposing	1
couple	1
traduce	1
whose	7
disagreeable	2
incerta	1
pleading	1
background	2
oil	1
assordavano	1
pope	13
marchioness	1
prescribe	1
lightly	2
fixing	1
pensando	1
unsophisticated	1
thin	1
different	2
known	2
attendants	1
party	3
obligation	1
attraction	1
extreme	1
numbers	1
natural	1
past	3
benevolence	1
keen	1
rights	1
expression	1
suffer	1
sale	1
seemed	4
moorish	14
mari	1
attack	2
on	66
brutally	1
itri	1
white	2
unintelligibly	1
doubtful	1
gleaming	2
whom	4
earnest	1
thinks	1
who	30
effect	1
lay	4
prize	1
deliverance	1
spoglie	1
below	1
lives	2
comfortable	1
indtdgent	1
widowhood	1
letto	1
tells	1
betray	2
probably	2
regardino	1
metaphysicians	1
wide	1
gone	2
affamati	1
patience	1
bring	4
song	1
saloon	1
sad	3
quivering	1
seeking	1
belonging	1
journeyed	1
prime	1
tiresome	1
sorely	2
massive	1
spoil	3
unwelcome	1
since	6
bride	1
caused	1
clogs	1
especially	2
indici	1
ways	1
speedily	1
sisters	1
broken	2
princes	1
mirror	2
alas	1
manner	1
tumulto	1
molli	1
sovereign	1
its	7
irresolute	1
understand	3
extended	1
goat	1
earliest	1
antagonism	1
values	1
provide	1
sleep	2
stained	2
females	1
stamped	1
domineer	1
spot	2
shivering	1
each	5
ground	3
meanwhile	2
kinsmen	2
deed	1
difference	1
garden	1
win	2
quanto	2
bad	5
leaving	1
families	2
punishment	1
bile	1
yell	1
fourths	1
impenetrable	2
averred	1
endeavouring	2
ships	1
encouragement	1
several	1
returned	6
defence	1
however	6
silence	1
woo	1
pirates	3
indignantly	1
stole	1
s	4
richly	2
indoors	1
possess	3
de	10
harm	5
am	9
calculated	1
pien	1
changing	2
escaping	3
quarter	1
does	2
fastened	1
chiefly	1
refrained	1
immediately	2
no	34
justice	1
rough	1
stiff	2
trembling	1
flag	1
niav	1
perform	1
breath	2
told	4
cross	1
resolved	3
commonly	1
cam	1
girls	1
owner	1
mercy	1
sympathy	1
salaam	1
aefo	1
sinan	1
way	9
strange	2
honest	1
alarm	3
commiseration	1
rely	1
me	45
away	3
crossest	1
sebastiano	2
page	2
built	1
contexts	1
reason	3
protector	1
own	14
board	1
hurriedly	1
losses	1
my	38
antechamber	1
lustrous	1
riper	1
binding	1
thereby	1
great	10
bernardino	1
formed	1
recommending	1
brethren	1
single	3
tasso	1
biographer	1
engaged	1
dusky	1
smile	1
determine	1
dearly	2
is	90
psyche	1
opinion	2
maiden	1
huge	1
xon	1
occurred	1
glimpse	1
quiet	3
traitor	1
health	1
warm	1
windows	5
beard	2
do	29
con	1
literature	1
happened	1
fed	1
tunis	1
fellow	2
heard	8
complained	1
sat	1
needle	1
pause	4
heathenish	1
raffaelle	1
suspended	1
heathens	1
smashed	1
acknowledge	1
see	4
commanded	1
pleasant	2
never	10
help	4
obloquy	1
caliphs	1
escaped	2
charming	2
swearing	1
wrapping	1
him	61
their	38
gli	3
singular	2
jolly	1
scorrevano	1
flattered	1
cries	1
fifth	2
began	2
fact	2
onde	2
going	4
beautiful	4
flesh	2
comfits	1
dea	1
du	2
grazie	2
positions	1
cold	2
supporting	1
tears	2
large	4
lepor	1
flayed	1
venetian	1
indulgent	1
confusedly	1
finally	1
make	7
myrtle	1
bowing	1
slain	3
excellent	1
quietly	1
ciel	1
unprotected	1
has	20
urces	1
pure	3
iva	2
touch	1
city	1
excite	1
word	3
d	2
fully	1
eg	1
another	1
blood	6
feats	1
intentionally	1
darkness	3
night	4
appreciation	1
wealth	2
why	10
notice	2
unimpressible	1
regular	1
order	1
gnawing	1
erection	1
even	9
take	4
apollo	1
plato	1
sake	1
among	7
barbari	1
stately	1
personalname	111
piombo	1
turned	1
running	1
che	6
sight	3
done	6
lemon	1
courtyard	1
rocky	1
torn	1
evans	1
listening	1
marsh	1
occupy	1
path	1
era	2
humanity	1
befell	1
set	1
carried	2
swallow	1
lineage	1
impracticable	1
metal	1
tail	1
entirely	1
grief	1
beloved	1
mortally	1
unrolled	1
unwilling	1
latter	1
full	1
keeper	2
establishment	1
hereabouts	1
declivity	1
needs	1
ease	1
understood	2
whispers	1
gowns	1
ben	4
degli	2
painter	3
delicate	1
je	1
scourge	1
ourselves	1
w	2
happy	5
looking	2
stretching	2
have	53
and	368
black	2
contented	1
poetical	1
seems	3
sorry	1
motets	1
non	3
unearthly	1
souls	1
italia	1
princess	2
youth	2
breaking	1
priceless	1
calypso	1
vivacity	1
the	691
hands	6
sufficiently	1
hark	1
embalmed	1
overhead	1
spirituality	1
settle	2
moment	3
distance	1
ones	1
accelerated	1
darling	1
hem	1
matting	1
occhi	1
entertainment	1
hunted	1
cannot	7
between	3
partially	1
identified	1
sorrows	1
rewards	1
shaded	2
preluded	1
remedy	2
which	42
cardinalate	1
much	13
corsa	1
servants	2
stature	1
convert	1
down	7
brush	1
bold	1
galleys	1
caverns	1
laden	1
vagha	1
dignitary	1
turning	1
petting	1
sociality	1
coo	1
sleeping	2
faint	1
wonder	1
retarded	1
yezzi	1
unwished	1
hung	1
bright	1
garment	2
giacche	1
evidently	1
leave	4
sold	1
schoolroom	1
stone	2
duty	1
vain	1
enveloped	1
thinking	4
e	13
submission	1
flatterer	1
decorated	1
meant	3
captivity	3
silver	1
cried	5
scesa	1
hope	5
corrected	1
synagogues	1
retainers	1
ringing	1
theology	1
subject	2
push	1
flatter	1
they'd	1
reproaches	1
captivated	1
recipient	1
sure	1
person	1
lodge	1
countryman	2
feather	1
anminzio	1
snoring	2
dalle	1
prince	4
stranger	1
marriage	4
quarters	1
injured	1
attendance	2
zi\	1
pilgrimages	1
orange	1
irreclaimable	1
new	1
l'aniinira	1
reflectively	1
title	1
top	1
believe	9
father	4
lent	1
high	5
patient	1
perez	2
laid	2
look	6
restitution	1
rabbi	1
chance	1
true	5
long	6
smiles	1
quite	4
forth	5
unmoved	1
attitudes	1
apartment	1
third	1
xmvpagnia	1
window	3
provocation	1
whatever	1
clank	1
col	1
everybody	5
them	31
stables	1
quota	1
doctrine	1
wounded	2
well	14
listened	1
mine	4
forbearance	1
course	5
le	7
avido	1
familiar	1
hay	1
jump	1
grido	1
spiritual	1
betrothed	1
dead	4
confess	3
plate	1
tending	1
small	2
famous	3
music	3
disapprove	1
occupied	1
bringing	1
jdosition	1
contaminated	1
excitement	1
epistle	3
higher	1
arts	2
quick	2
knew	2
inscription	2
scimitar	1
emerging	1
sighs	1
red	3
braver	1
rescue	1
saints	2
thrills	1
unexplainable	1
hist	1
supports	1
fornito	1
given	2
dare	3
thrusting	1
shelter	1
inner	1
employing	1
liberal	1
wonderfully	1
henceforth	1
gallery	4
day	10
dowry	1
arms	2
cares	1
yesterday	1
are	45
that	98
business	1
ditch	1
strong	1
alive	3
danger	11
fell	2
peculiar	1
aisle	1
char	1
wicked	2
minister	2
reported	1
seemingly	1
propernoun	196
train	1
must	23
lieutenant	1
sometimes	5
false	3
astronomers	1
gira	1
be	72
good	31
hovering	1
esteem	1
piercingly	1
disrespect	2
gilt	1
may	17
comes	3
shudder	1
slaves	9
law	3
merely	1
prophet	5
announced	2
cento	1
it	103
purity	2
knot	1
altogether	2
dell	1
hall	2
kisses	1
gave	5
countrymen	1
inviting	1
welfare	1
quickened	1
early	2
cany	1
old	9
suffered	1
toilette	2
velvet	2
breathed	2
seas	1
eternal	1
all	37
doubted	1
ransom	2
valuable	1
fremito	1
place	3
singolare	1
think	16
thrust	1
barcelona	1
leech	1
but	61
appealed	1
appendix	1
ribaldi	1
respected	1
pleaded	1
possessed	1
unexplained	1
period	1
success	2
learned	3
back	6
corpse	1
suspected	1
moots	1
of	351
relations	1
far	3
you	136
tearing	1
pictures	1
pensieri	1
nobody	1
duche/s	2
fear	11
not	83
dagger	4
powers	1
twilight	1
hold	5
torture	2
comando	1
jumping	1
dark	2
ancestral	1
occupata	1
claims	2
bodkin	1
she	111
kingdom	2
castles	1
ululati	1
medi	1
changed	2
silvery	1
hearts	1
heaven	3
meantime	1
nearly	2
spoken	2
•'if	1
amount	1
entering	1
jewish	4
substantiating	1
seizing	1
secrete	1
lethargy	1
bronze	1
succeeded	1
times	3
briskly	1
longer	3
widow	2
surely	4
awfully	1
resumed	1
those	6
come	13
ily	1
sultry	1
plauso	1
addressing	1
gloria	1
animi	1
creator	1
revealed	1
historical	1
foolishly	1
infirm	1
wholesome	1
trouble	3
ceiling	1
st	1
things	5
basin	1
feet	5
arabic2digit	52
europa	1
beds	1
emerald	1
cushion	1
piedc	1
peace	2
earnestly	1
if	20
admiration	2
nails	1
languid	1
guided	1
dominicans	1
sick	1
regni	1
prior	4
spirits	1
confession	2
elicited	1
smote	1
hebrew	6
mahomet	1
closer	1
awake	2
though	11
bit	1
horrors	1
disguise	1
forbid	2
again	8
eccole	1
bid	1
peril	2
cani	1
we	20
happier	1
younger	3
show	2
y	1
softness	1
stubbornly	1
citta	1
care	6
christians	5
superficial	1
table	3
always	4
famiglieri	1
parents	2
corsaro	1
hundred	2
forest	1
plea	1
at	48
need	5
magnificent	2
air	4
often	4
goose	1
fabling	1
man	10
ha	1
guardian	1
wolves	1
•i	1
death	8
skies	1
sruard	1
chastened	1
christian	8
pool	1
pallidi	1
yourself	5
chamois	1
sort	1
spoke	3
intoning	1
cherished	1
affairs	1
thirteen	2
themselves	3
wound	2
big	1
join	1
prove	1
mutely	1
co	1
weak	1
numerous	1
keep	2
tolerable	1
talks	1
living	1
relic	2
for	72
demanded	1
cavern	1
tones	1
fresh	1
abate	2
select	1
half	2
sugar	1
equal	1
creatures	1
end	3
desist	1
induced	1
had	53
conflict	1
unshackeled	1
lately	2
talk	1
ippolito	28
treatise	2
uttered	2
truly	1
melting	1
court	2
elegant	2
shock	1
church	9
xot	1
hebrews	1
imagining	1
crown	1
loro	1
ingratiating	1
real	1
did	24
splendid	1
conceive	1
monks	2
into	13
still	3
attractive	2
tossed	1
retired	1
wails	1
heart	5
decline	1
llolza	1
trlsto	1
remitted	1
nave	1
arabic	1
medici	10
gl	1
trajetto	1
obsolete	1
expressively	2
siftredi	1
jj	1
populace	1
tried	3
town	10
degree	2
rheumatism	1
visited	1
streams	1
yours	4
troop	2
feudal	1
east	2
time	9
excitedly	1
impart	1
blameless	1
corsairs	2
christ	2
tut	1
deeply	3
troublesome	1
robertson	1
charm	1
justifiable	1
appeared	1
nerves	1
taught	1
becomes	1
fulfil	1
deaf	1
tomb	1
your	41
te	1
unable	2
felt	3
pride	2
first	8
impending	1
prevailed	1
feigned	1
ill	1
riportar	1
observed	1
god	5
turks	3
imprecations	1
collect	1
answer	2
renegades	1
condite	1
missal	1
truer	1
rally	1
pleasance	1
signoria	1
genuine	1
ejaculated	1
sadness	1
mistress	7
neighbour	1
unsuccessful	1
rising	1
side	2
meet	4
stopped	1
liege	1
lasted	1
op	1
dislike	2
sarcasm	1
impossible	1
subduing	1
gleamed	1
yes	5
belta	1
gonzaga	3
lesson	1
groan	1
thirsty	1
tactics	1
mantle	1
stopping	1
because	5
volley	1
hour	2
muezzins	1
offices	3
others	3
short	1
cagione	1
arrival	2
last	7
bearing	2
lady	3
proudly	1
sereni	1
future	1
seconded	1
very	40
sorrowfully	2
few	7
himself	14
sacraments	1
scared	3
apparent	1
dry	2
carry	3
dying	2
really	14
eleison	1
deficient	1
hair	7
swooning	1
shrank	1
enjoy	4
signora	4
grace	1
steal	1
issued	1
crossed	3
screams	1
natura	1
blank	1
angels	1
fearfully	1
herself	10
killing	1
watchino	1
assailants	1
rather	5
guard	2
faithful	4
unworthy	1
papal	3
touched	2
annalists	1
certainly	5
kefs	3
noted	1
delight	2
excuse	1
delightful	2
painful	2
colla	1
rarely	1
guests	3
unbleached	1
culture	1
execution	1
author	1
dissatisfaction	2
duke	7
arragon	1
faith	1
reminder	1
arabic4digit	2
wits	1
exclaimed	5
made	8
denied	1
jew	17
per	1
year	3
fine	1
lights	1
weeping	1
legavano	1
second	4
treasures	1
turban	1
ricolmo	1
copy	1
how	24
pray	4
open	5
brilliant	1
coast	2
grudged	2
distich	1
indegne	1
emulation	1
clue	1
addressed	2
four	1
reentered	2
aiming	1
saith	1
assailed	1
tedium	1
laugh	1
compassionate	1
ingiunse	1
lingua	1
secretly	1
briganti	1
string	1
curious	2
was	149
singularly	1
sound	3
fortune	2
poets	1
banners	1
highborn	1
palpitando	1
pepe	1
said	86
marble	1
orsini	1
dreadful	1
ancestors	1
ethics	1
genealogies	1
bed	4
kindness	1
hread	1
fasting	1
saguntum	1
tanto	2
satisfied	3
news	2
jewels	3
sign	2
valle	1
bradrvry	1
aria	1
famelici	2
inhabit	1
vapourers	1
embarrassed	1
leader	1
from	44
r	1
vocation	1
specimen	1
enter	1
mixture	3
any	26
released	1
remain	2
middle	1
shrink	1
turn	2
humour	1
hastened	3
melted	2
glance	1
organisation	1
moor	3
women	2
continues	1
rest	4
affright	1
sufficient	1
choicest	1
children	1
ears	1
iston	1
wine	1
games	1
too	11
paid	1
woe	1
sevens	1
trust	2
coy	1
behindhand	1
stories	1
these	13
nostri	1
ella	1
along	1
being	8
unconverted	1
instant	2
young	5
apparently	1
assured	1
descendant	1
jesus	2
ventured	1
potesse	2
could	29
banels	1
within	3
whole	4
dull	1
fosse	2
italian	1
sixty	1
seem	1
distrust	3
noise	3
yo	1
deserts	1
while	12
lamentations	2
unkind	1
moors	7
indeed	4
tribute	1
hat	1
more	20
ready	2
surprise	2
haired	1
lute	3
a	229
hate	1
estates	1
poisonous	1
barefoot	1
pernicious	1
daughter	3
saving	1
sounding	1
unfortunately	1
sigh	2
difficult	1
checked	1
straight	1
been	23
whitefriars	1
eke	1
taking	1
hunting	3
pain	1
fable	1
pleasantly	1
troops	1
book	1
tradition	1
says	2
uncalled	1
likewise	2
unaccountable	1
husband	1
substantiated	1
salvarsi	1
an	21
absolution	3
feels	1
possibly	2
plunder	1
hurt	3
suoi	2
rebuking	1
boy	9
crippled	1
ought	3
ognora	1
rooms	1
sought	1
cabinet	1
quitted	1
loved	3
dey	1
howling	1
suitor	2
perhaps	1
eight	1
friends	5
street	2
alloy	1
portrait	3
obdurate	1
worse	2
scimitars	1
beg	1
egg	1
fostered	2
best	4
enormously	1
late	3
tra	2
complex	1
laughed	1
name	7
one	27
voice	5
exercise	1
bitter	1
drawing	1
advise	1
kissing	1
peered	1
homicide	1
destandovi	1
plenty	2
offended	2
power	1
revered	1
blessed	1
avowed	1
according	1
damsels	1
else	2
free	2
stabbed	1
wearisome	1
crucifying	1
what	32
rock	1
hicrh	1
know	15
vezzi	1
lamb	1
dog	2
love	6
el	1
dwelling	2
fashion	1
cheek	1
ended	3
stock	2
iced	1
eat	1
brute	1
us	13
tell	9
nostrils	1
touchy	2
nothing	6
lock	1
hither	2
lose	1
pictured	1
giver	1
herein	1
pass	2
kill	4
service	3
striped	1
innocent	2
can	20
del	2
desire	2
franca	1
sobbings	1
lei	1
next	2
behind	2
onus	1
shrieking	1
royal	2
value	2
taken	5
remedying	1
baldanzoso	1
brandished	1
beware	1
save	1
continually	1
noble	3
nearer	1
sitting	1
terraces	1
steel	1
giqja	1
vos	1
churchman	5
dovunque	2
proud	1
avvenente	1
might	7
laughing	2
translation	1
quieted	1
safety	15
colonna	1
wilful	1
grey	2
land	3
enabled	1
preeminently	1
que	1
savonarola	1
handsomer	1
altered	1
fece	1
won	1
philosophical	1
woman	3
disparity	1
rejoined	1
claim	2
matter	1
maestro	1
hio	1
apart	1
persuaded	1
doubt	3
play	1
proceeds	1
carico	1
drew	3
exceeding	1
consented	1
infamy	1
also	3
modesta	1
conversation	4
excels	1
accompanied	1
tbajetto	1
straersrling	1
pledging	1
causing	1
using	1
un	2
hi	1
tempo	1
settled	2
guileless	1
sing	1
seaport	1
fourth	1
here	8
favourite	3
kyrie	1
ah	6
rich	4
lowered	1
clapped	1
standing	1
seeing	4
pressed	2
various	1
guilty	1
heavily	1
measuring	1
condemnest	1
infinitely	2
shrunk	1
sister	3
choice	1
please	2
sons	1
share	1
napkin	1
ages	1
throat	1
amid	1
afterwards	4
graces	1
appian	1
means	3
national	1
mani	1
cobwebbed	1
innocence	1
spent	1
disciples	1
goblet	1
dal	3
height	2
obtaining	1
mad	1
invent	1
suppose	5
respect	1
some	19
scriptural	1
behaved	1
saw	1
castle	9
twenty	1
moulded	2
hajypen	1
noblest	2
advanced	2
safe	3
feeding	1
insuperable	1
exactly	1
commerce	1
u	1
tender	1
constantly	1
initiative	1
moonlight	1
remarkable	1
withdrew	2
cabinets	1
rolling	1
gradually	1
stood	2
inquired	5
preface	1
dominions	1
hints	1
por	1
antichristian	1
clever	3
society	3
bluntly	1
aver	1
honour	1
belonged	1
fifty	1
dispatched	1
overcome	2
proportion	1
pur	1
desperately	1
swears	1
ambassadors	1
or	23
begin	1
were	48
shone	2
feverishly	1
baptised	4
deep	1
receiving	1
feeling	4
flashed	2
sense	1
ay	1
idea	1
expel	1
il	4
tion	1
hear	4
send	4
nor	5
neighbourhood	1
melody	1
ear	2
bellezze	1
passionately	1
low	6
attentively	1
rows	1
cardinal	53
perdere	1
held	2
chapter	6
in	169
ma	1
prosperity	1
praises	1
heretics	1
supposition	1
furs	1
wretches	1
passed	1
parole	1
exquisite	1
twice	2
such	8
aquiline	1
recovery	1
object	3
stealthily	1
i	157
bury	1
shall	12
choose	2
priest	2
adjoining	1
salver	1
about	14
sins	1
inclines	1
bow	2
anticipating	1
either	1
tongue	1
whence	2
existed	1
prays	1
sit	1
glass	1
shrinking	1
passing	2
till	4
placename	34
nomen	1
descendants	1
chap	2
cultivate	1
match	1
h	1
temple	3
cautiously	1
without	13
ten	1
admit	1
followers	1
lower	2
recounting	1
prey	1
idem	1
opened	2
finding	1
add	1
head	5
vigils	1
walls	5
itself	2
piercing	2
asiatic	1
bereaved	1
inquiry	1
spite	1
dumb	1
saying	4
inviolably	1
distinguished	1
battere	1
frightened	2
visit	3
banger	2
bewildered	1
industry	1
swelling	1
pageantry	1
peoples	1
leisure	1
grida	1
float	1
thought	11
before	4
pen	1
sonno	1
warrior	1
plums	1
letters	1
pet	1
pour	1
al	3
clatter	1
acquainted	1
none	6
miscellaneous	1
confirms	1
talking	1
world	4
jewel	3
fragrant	1
noticing	1
grow	1
perfumed	1
contents	1
studies	1
patted	1
dread	1
flaming	1
gem	1
sent	4
flourishing	1
thanks	2
rare	4
mentre	1
signed	1
shadow	1
loses	1
brought	11
frequently	1
will	31
fairest	1
inaccessible	1
massacres	1
•'i	1
horse	4
cf	1
interrupted	3
abruptly	2
draw	1
beating	1
abar	1
lips	2
infant	1
handsome	1
shut	1
seclude	1
they	43
formidable	1
race	2
shy	1
recover	2
ascertain	1
refuge	1
fail	1
solace	1
covered	4
nobodies	1
fast	1
dovesse	1
cameriera	1
greek	1
perturbation	1
affidosi	1
root	1
soon	7
over	7
cool	1
martyrdom	1
woes	1
upon	7
hounds	1
under	5
screamed	1
try	2
request	1
musical	1
monetary	1
narrations	1
shadows	2
htlv	1
pleasing	1
penny	1
embassy	1
disposition	1
beaufets	1
died	2
hillside	1
ago	2
campagna	1
deny	1
customary	1
dragged	1
part	4
cheeks	1
characters	1
gaping	1
sounds	1
trace	1
added	1
beginning	3
ours	1
worship	1
ruby	1
takes	1
less	5
refused	2
sums	1
adoniram	1
pauses	1
ieneid	1
elder	1
golden	1
vanished	1
di	18
left	3
singing	1
transmitted	1
stabling	1
easily	2
properties	1
gashes	2
peaceably	1
reception	1
opening	1
welcome	3
dinner	1
rendered	2
minded	1
put	8
judge	1
regard	1
importunity	1
branch	1
picture	2
hoarse	1
art	1
repeat	1
blew	1
lore	1
mien	1
adorn	1
nights	1
sue	1
stockings	1
pertained	1
deal	6
caught	1
simple	1
signet	2
dominican	2
moreover	1
bramava	1
misunderstood	1
generous	1
family	3
mistaken	1
considered	2
tribe	1
verses	1
fly	2
wit	1
kissed	1
tempered	1
pieces	1
mythological	1
hence	2
biers	1
wished	3
composed	2
breast	1
patronage	1
sixteenth	2
entertaining	1
direct	1
cry	3
fu	1
ciascuno	1
becoming	3
son	2
anything	5
bestowed	1
everything	1
zest	1
absolute	1
awoke	1
tombstone	1
six	1
sung	2
cede	1
wittier	1
house	1
to	253
particularly	1
deference	1
withered	2
brother	3
knees	1
caspian	1
holy	6
with	82
cellar	1
century	2
foe	1
able	2
devoted	1
masses	1
office	3
minutely	1
outward	1
mountains	2
sensitive	1
literati	1
opeu	1
marry	2
sciolti	1
cut	6
gratitude	1
orood	1
echoed	1
ducats	1
possibile	1
persisted	1
obligations	1
proved	4
wish	3
interested	1
slave	1
lo	1
dawn	1
ally	1
companion	1
endeavour	1
weariness	1
termine	1
nursery	1
mother	4
therefore	2
strode	1
riding	1
sinking	1
cellars	1
taste	2
valdes	1
ejdistle	1
council	1
inquire	1
supper	1
affixed	1
seen	3
flew	1
merchant	1
needful	1
cordova	1
reproachfully	1
snore	1
turbaned	1
agent	1
honestly	1
damage	1
severe	1
dearer	1
dedication	1
through	8
emperor	2
dressed	2
nephew	1
sinews	1
dispersed	1
call	4
fancy	2
bragging	1
defenceless	1
wife	1
aristotle	1
looked	6
bodies	1
commissioned	1
prefixed	1
painted	1
discern	1
shed	1
utterly	2
acquaint	1
reconnoitring	1
like	14
dwell	1
months	1
hastening	1
her	151
scarcely	1
reach	2
unction	1
whereon	1
disorder	1
ayhen	2
out	17
infidels	1
si	1
sola	2
years	3
drawbridge	1
fidelity	3
display	1
complaisance	1
refection	2
indulge	1
contain	1
found	10
tool	1
yet	6
moorijii	1
jews	8
curiosity	3
pulling	1
thrown	1
blue	1
erane	1
snap	1
attendeva	1
confidence	1
f	1
kindly	2
improperly	1
unto	2
arouse	1
square	1
outstripped	1
assalitori	1
pronounce	1
pledged	1
furred	1
pallid	1
bar	11
xow	1
row	1
cheerfulness	1
farther	1
maids	3
wrong	2
test	1
spirit	1
wrono*	1
motto	1
soul	2
gratuitous	1
abitanti	1
would	28
shortsightedness	1
niches	1
blessings	1
bishop	2
da	1
stable	1
method	1
possession	1
tippet	1
seals	1
mauritanian	1
disappointed	1
scoured	1
paternoster	1
arabicprice	1
dardanelles	1
consulted	1
eome	1
speak	8
astonishing	1
healed	1
snatch	1
hardly	2
nose	1
reminds	1
prefer	1
judah	1
eyes	13
embroidery	1
artist	1
yard	1
point	2
sepulchre	1
burden	1
parable	1
insomuch	1
learning	2
gold	3
feel	3
mounted	1
relentless	1
barrier	1
leaden	1
greatly	1
supplied	1
paintings	1
suspect	2
approaching	1
ring	1
stoutly	2
passato	1
converted	1
strangers	1
baronial	1
let	10
evil	2
guest	2
shrieked	1
audace	1
yeni	1
accept	1
scarlet	2
squadron	1
highest	1
paint	2
tread	1
reaching	1
dining	1
return	1
dropping	1
actual	1
winter	1
amaranth	1
charged	1
ogn	1
minor	1
evidence	1
caiaphas	1
beforehand	1
beguiling	1
burning	1
inconceivable	1
impressed	1
seneschal	4
booty	2
ancona	1
utmost	1
believed	2
punished	1
doorstep	1
designed	1
girl	14
complete	1
grown	1
closed	2
relieved	2
unusual	1
uncomfortably	1
already	3
accumulate	1
consent	1
asso	1
resounded	1
manuscripts	2
sailed	1
assuredly	1
perfection	1
heels	1
content	2
qual	1
supposing	1
remarked	1
benevolent	1
likes	1
moori/h	1
colder	1
blind	1
chosen	1
likeness	1
wrote	2
chess	1
waved	1
led	3
balmy	1
note	1
parts	1
replied	4
dress	5
cupid	1
off	10
write	2
depths	3
grateful	3
contrast	1
nay	4
haps	1
ancient	1
anxious	1
jezv	1
ishmaelites	1
thoughtful	1
retirement	2
refer	1
every	6
face	6
abruzzi	1
against	2
term	1
rahman	2
reconcile	1
exchanged	1
pleased	3
emblem	1
besides	1
this	38
hollow	1
science	1
monument	1
soothed	1
atti	1
servant	1
bloodhound	1
wakeful	2
key	1
dogs	1
graceful	1
sued	1
undone	1
glad	2
santer	1
alone	1
landing	1
shared	1
wretchedness	1
consisting	1
study	1
furnishing	1
heaped	1
upper	1
permits	1
thing	6
conduct	1
money	1
build	1
foolish	2
congratulated	1
older	1
enormities	1
killed	1
matching	1
hoped	2
i'll	2
hours	1
religion	1
appliance	1
extol	1
knows	1
got	1
coll	1
want	5
directly	1
scene	1
thyself	1
remove	1
embracing	1
