writers	2
satisfaction	2
joy	2
frontiers	8
abolition	2
humiliated	1
efforts	7
instructions	1
dispense	1
bourbon	12
chiefs	1
shown	2
king	30
maintained	3
company	3
bulk	1
genius	4
yielding	1
surmounted	1
adversity	1
urged	2
misled	2
derived	1
cockade	2
mara	1
outlawry	1
engendered	1
comparison	1
same	22
manifest	1
fearful	1
ape	1
fourscore	2
tales	1
cried	1
regiments	9
use	3
disturbing	1
bears	1
arm	2
prepared	4
comprehend	1
expedition	4
successes	2
aspect	1
disgrace	5
proceedings	2
ruin	2
appropriately	1
consulting	2
labours	1
words	8
timidity	1
anecdote	1
unacquainted	2
consolidated	2
moment’s	1
festival	1
go	9
belief	1
supplementary	1
treason	4
sentiments	15
planned	1
conspire	1
respecting	2
remembered	1
enough	8
marching	1
ships	1
missioned	1
permanent	1
worse	1
mars	1
deign	1
italian	2
domination	2
detail	1
perseverance	1
endowed	1
asserted	1
universe	1
confirm	1
unpunished	1
ensuring	1
expressions	4
give	15
serving	3
by	206
read	5
fou	1
intoxication	1
ranged	1
soared	1
tended	1
gates	1
prejudiced	1
montpelier	1
than	28
reserve	2
complaints	1
another	8
gifts	2
hand	12
eloquent	1
owing	2
protests	1
falls	1
bourbons	16
misfortune	1
merchants	2
reprimanding	1
continued	6
trials	1
tricoloured	5
valour	1
magnanimous	2
prefect	3
verification	1
commencement	1
insults	2
pursuit	1
abstractions	1
hostile	5
disgust	1
subject	2
nickname	1
prevent	5
grenadiers	9
frenchman	4
spill	1
chasseurs	4
kindled	1
established	2
voice	8
lème	1
little	5
moderate	1
wishes	11
absolutely	1
silent	1
duchies	1
light	7
men	35
calm	1
discontent	1
abovementioned	1
commissioners	1
effervescence	2
courage	6
benefactor	2
excepted	2
went	6
months	1
incompatible	1
pleasure	5
suddenly	2
displeased	1
banishment	1
contend	1
continental	1
prayed	1
majesty	10
fled	1
at	155
departure	8
passage	4
danne	2
brother-in-law	2
so	32
imputable	1
vicenza	7
revered	1
austrians	2
mutual	2
born	3
strasbourg	5
vaucluse	1
engaging	1
moment	12
republicans	1
rising	3
weigh	1
esteemed	1
undeserving	1
last	4
lady	1
our	29
religious	2
say	8
endeavours	3
preventing	1
trolles	1
strife	1
tone	2
heim	1
dismemberment	1
following	9
hearing	3
foreign	14
voi	2
salaries	1
sovereigns	10
politic	1
duchess	14
chambery	1
sword	2
dunkirk	2
representing	1
qf	1
age	2
nature	4
seat	1
decreed	2
gaily	1
rejected	1
retaining	2
frontier	6
ers	1
empire	3
petticoats	1
conjuncture	1
former	2
duties	2
sacrifices	2
husband	4
divided	2
ever	6
majestic	1
gently	1
statue	4
prisoner	2
inspire	2
attested	1
arsenals	1
general	72
discords	1
montmartre	1
special	1
overlook	1
three	15
ardour	3
legionaries	1
fix	1
identified	1
estimable	1
drome	4
lustre	1
receive	6
revoked	1
spread	1
honorary	1
banks	1
af	1
evacuation	1
privileged	1
quitted	8
remains	1
something	2
harmony	1
centuries	1
arrived	10
liberty	12
marquise	2
influence	4
convinced	5
covered	4
soldiers	22
safeguard	1
tyrannical	1
dear	6
price	1
manoeuvre	1
secret	1
lowrnhielm	1
ries	1
realms	1
flames	1
considered	8
very	5
reaped	1
les	1
makes	1
manufactures	2
devoted	4
murmur	1
f	5
down	6
interred	1
expressed	6
determined	4
eluded	1
article	1
movement	1
colours	3
forward	1
hinted	1
hauled	1
spirit	7
morning	4
lutzen	1
quantity	1
despoilers	1
circumstance	1
laws	14
utmost	1
prolonging	1
decide	2
pensions	1
present	3
knowledge	3
monnier	2
protection	3
require	3
loaded	2
century	1
similarity	2
affrighted	2
allows	1
communications	5
superb	1
issue	2
writes	1
coasts	1
royalty	2
d'amour	1
provisional	1
traitors	3
conveyance	1
plains	1
boxes	1
horrible	1
assure	2
confined	1
crouched	1
hold	5
desirable	1
objections	1
nation	28
marmont	1
destitution	1
pont	1
principles	8
victoriously	1
telling	1
volley	1
concealment	1
revolutions	1
bent	1
forty	1
results	2
mind	5
willing	3
he	301
shame	1
teron	1
promise	6
moral	1
trained	1
reckoned	3
sition	1
fire	6
furnished	2
anew	8
barracks	2
right	8
phrase	2
kissed	2
horses	5
prefects	1
courts	1
pope	1
behind	1
severity	3
splendour	1
thierry	1
retrench	1
indemnification	1
trouvait	1
known	16
tiers	1
unruly	1
highness	4
tuileries	3
family	16
expression	1
capital	6
foreseen	2
despotism	1
inhabitants	2
manners	2
attack	7
create	1
equipping	1
papers	6
leave	4
mistake	2
whom	20
jönt	1
who	72
hopes	3
consist	1
below	1
lives	2
spartans	1
infinite	1
resources	3
sanctioned	2
apply	1
ghent	2
oath	1
wheelwright	1
treasury	2
betray	1
dupin	1
gauntlet	1
patience	2
adopted	5
bring	5
animated	6
ran	1
disquietude	1
veracity	1
recognised	1
vicinity	1
compassion	1
prime	1
companies	12
marks	2
embarkation	1
thinking	1
debataillon	1
beau	1
dan	1
purchased	1
hereafter	1
loss	1
impatient	1
petulance	1
mothers	1
conscience	1
unauthorised	1
threatened	3
stained	1
liberate	1
discarded	2
round	3
spot	1
feel	2
abandon	3
ground	1
popular	3
importance	1
mere	1
rallied	1
highly	1
exert	1
informed	12
families	1
repaired	3
overturning	1
hurrying	1
shared	1
escort	2
encouragement	2
several	17
begged	1
calamities	3
might	23
totally	1
misleading	1
silence	6
morality	3
s	1
serious	1
benefits	1
6th	3
fate	7
connexion	2
de	83
harm	1
tête	1
contradicted	2
temperate	2
guaranty	4
quarter	3
cap	1
offensive	3
countess	1
spinning	1
d’amour	1
immediately	12
fond	1
trembling	1
constructed	3
demanded	3
sentence	2
intercept	1
frail	1
reference	1
body	4
mercy	2
legitimacy	2
governed	1
apt	1
resume	3
deaf	1
honest	2
deputed	1
impression	3
admire	1
frustrated	1
away	6
imputed	2
reason	7
inflamed	1
board	1
benefit	3
road	3
foreigners	11
affront	1
signalised	1
applauses	1
formed	11
person	14
faculty	1
finds	1
boded	1
determine	1
strengthened	1
enter	2
proclamation	5
stanislas	1
class	1
madame	5
quiet	1
vol	4
jews	1
vigour	2
complained	1
civic	1
legislation	2
enriched	1
situation	6
endanger	1
mayence	1
driven	2
matters	1
contract	1
their	168
lobo	1
boldness	1
preparing	4
ti	1
ecclesiastical	1
various	1
inimical	1
rebels	1
announce	1
cities	3
procuring	2
resolved	3
lying	1
preeminence	1
tears	2
large	1
people’s	1
requested	4
intended	1
rendez	1
chains	2
represent	2
deprive	1
astray	2
committing	1
mon	1
swear	4
pure	4
knowing	2
presume	1
interposed	1
excite	3
performing	1
surrendered	2
provoked	1
ordinance	4
prostrate	1
veterans	2
obscure	2
ingenious	1
fields	1
pretend	1
couched	2
regular	1
order	26
italians	10
opposition	1
forgot	1
scylla	1
maturely	1
concentrated	1
delivered	10
among	10
deposited	1
quality	2
presidents	3
affects	1
turned	6
south	5
pacification	2
intimacy	1
combined	2
travelled	1
pacified	1
twinkling	1
philippic	1
employ	2
humanity	2
future	2
communication	2
indignation	1
guarded	1
equipped	2
impracticable	1
girl	1
nesselrode	1
squared	1
suspicious	1
civilian	1
passports	2
ordinances	2
scene	1
timid	1
foresee	1
ease	1
laurels	2
language	5
facts	2
disclosures	1
parks	1
seize	4
chaumont	1
nobility	1
accordingly	3
line	8
have	106
countries	3
directly	2
captain	1
blow	2
constant	5
seems	1
accomplish	1
sorry	1
personal	4
territories	3
counsels	1
unanimous	4
mislead	1
princess	3
culpable	1
savoy	1
foisted	1
vivacity	1
seizures	1
circulated	1
may	12
fourth	1
coming	3
distance	2
assassinate	2
disregarded	1
watched	2
mont	6
cannot	8
eyes	15
affection	3
dauphiny	3
ceased	1
country	20
interesting	3
repel	1
properly	1
burst	1
absolute	2
committed	2
antagonists	1
champagne	1
listen	1
distinction	1
criminal	3
bestow	1
level	1
wholly	1
analogous	2
conquered	2
oppression	2
mix	1
firmly	1
formation	1
publish	1
rear	1
marginal	1
decorations	1
happy	9
reign	2
disease	1
stay	2
robbers	1
sold	1
less	8
vain	3
walking	1
govern	1
powerfully	1
pressed	4
e	5
submission	3
flatterer	1
security	5
fortifications	2
asperity	1
works	4
ample	1
overtures	2
palace	3
approving	1
judge	5
find	5
exposed	1
attach	1
near	1
prince	46
interrogatories	3
affections	5
excursions	1
inclinations	1
new	12
undeceived	1
night	4
twenty-four	2
objects	2
done	8
father	5
faced	1
treaties	1
formal	1
lot	1
true	8
long	15
estate	1
latter	1
rid	2
issuing	1
methods	1
third	6
careful	1
contemporaries	1
distinctions	1
quartered	1
everybody	1
disheartening	1
grouchy	10
bands	2
well	20
listened	2
effusion	1
depicting	1
councils	1
course	2
diminution	1
dregs	1
desirous	6
certain	5
saved	1
adjutant-general	1
unquestionably	1
protect	3
manufacture	1
committee	5
quay	1
fortress	1
g	1
unites	1
forests	1
communes	1
utter	1
bringing	1
displeasure	1
disposal	1
instigations	1
sections	2
live	6
figured	1
preferable	1
mm	1
injustice	4
privileges	1
rob	1
air	1
national	42
emissary	2
kept	2
officers	16
zeal	5
sol	1
image	2
sort	1
devoid	1
powers	15
wonderfully	1
henceforth	1
alighted	1
effort	1
arms	21
sacrilegious	2
are	55
produced	4
vosges	3
strong	7
forded	1
violated	1
meliorations	1
arrested	6
domestic	2
t	3
subdued	1
bastardises	1
remained	5
catastrophe	1
triumphed	1
must	13
distribution	1
contradictions	1
encouraged	2
seaports	1
presages	1
capitulation	4
unexpected	1
small	3
parties	1
happiness	5
i	122
naturalised	1
institution	1
wisdom	1
deserving	1
laugh	1
law	7
it	233
rendering	1
proving	1
furnish	1
gave	12
early	1
volunteer	3
annals	1
antiquated	1
ruins	1
place	12
carnot	1
unknown	3
improve	1
advise	1
exchange	2
construction	1
yielded	1
useful	2
reviewing	1
respected	6
pleaded	1
possessed	2
pains	2
politics	3
windows	1
showing	1
opponents	1
reputed	1
regret	2
rash	3
of	1465
far	10
tearing	1
disquieted	1
prohibition	1
remembrances	2
retreated	1
protected	2
fear	8
joined	3
master	4
executing	1
claims	1
in	400
kingdom	1
signing	1
school	5
changed	10
solitary	2
hearts	3
invasion	2
entering	2
treaty	22
review	4
enlist	2
assume	1
solely	1
bawl	1
chief	3
self	1
times	5
hurried	1
pardoning	1
repairing	1
reports	8
those	35
come	7
important	3
persons	18
incentive	1
replunge	1
concealments	1
be	135
occasioned	4
alienated	1
harnessed	1
declare	8
officer	2
contriving	1
reduce	1
armament	1
conceal	2
acknowledge	2
arabic2digit	42
system	5
persisted	2
members	6
afterward	1
treated	5
henceforward	1
bravery	1
neufchâtel	1
call	5
advance	3
repeatedly	2
brave	8
companions	2
cabinet	5
though	10
nismes	2
drawn	5
perpignan	1
disguise	4
again	5
chef	3
concordat	1
adversaries	1
neither	5
neglect	1
retaken	1
grateful	2
care	5
debts	1
table	2
always	11
parents	1
generated	1
durance	1
hundred	33
conference	3
eight	5
dictation	1
deserves	1
condemned	1
confusion	1
reflection	1
conventions	1
ask	2
memoirs	56
diminished	2
sound	1
infamous	1
closely	2
themselves	27
wound	1
free	7
provoking	1
numerous	11
keep	2
bell	2
p	2
mr	1
surrender	3
for	133
suppression	1
jealous	2
recalled	3
disavow	2
d’alberg	1
allied	6
intimidate	2
destroyed	1
honours	3
office	2
propriety	1
end	5
antibes	1
thirty	3
defended	2
laborious	1
perceiving	1
investigation	2
tailor	1
entry	2
shock	1
crowded	1
documents	2
information	1
greatest	5
d'artois	1
bel	1
homme	1
almost	6
into	37
still	13
weight	1
resided	1
possessors	2
carrying	2
sincerely	1
demeanour	1
proclaiming	1
pleased	3
doubtful	1
dispatched	2
fourteen	1
heightened	3
degree	2
description	1
feudal	4
defence	11
impart	1
rope	1
disorganised	1
hastily	1
deeply	1
indisputably	1
remaining	1
familiarity	1
half	2
appeared	12
immortal	1
governor	2
suspended	1
flattered	4
flying	1
ill	7
homage	1
repay	2
imposed	3
consequence	6
answer	4
vagabonds	1
abused	1
notices	1
trial	2
irrevocably	1
summon	1
consternation	1
disturbance	1
forgetfulness	2
effect	11
compromised	1
save	1
dangerous	2
halt	1
stopped	1
rest	4
endeavour	5
patriotic	4
doors	1
progress	4
spectators	1
ensure	1
became	6
critical	1
yes	2
singularity	1
lan	1
memoranda	1
mourir	2
because	9
failing	1
offices	1
surround	1
short	3
hostilities	2
arrival	7
when	42
evident	1
proudly	1
embark	2
seconded	1
ago	2
nine	1
phantoms	1
everything	11
invested	3
forming	5
somme	1
dry	2
unexampled	1
persecuted	1
monarchy	2
oblivion	1
richest	1
provocations	1
appointed	4
appreciating	1
transmit	1
sieur	3
intimately	2
interests	13
threat	1
circumstances	10
swiss	1
stipulated	3
completing	1
paper	3
happily	1
settled	2
piness	1
legation	3
reconciling	1
lavish	1
dispersed	2
events	2
helter	1
increase	1
invincible	1
personally	2
conjured	3
9th	3
execution	4
neck	1
dignities	1
glory	17
duke	66
paralysed	1
faith	4
arabic4digit	70
negotiations	1
made	44
denied	1
recital	1
dragoons	1
worthy	2
truth	6
vicissitudes	1
called	6
parley	1
refutation	1
second	6
encouraging	1
citizens	9
veins	1
durst	1
mortal	1
lyons	12
accelerate	2
constitutional	1
reconquered	1
addressed	2
inserted	2
wol	1
restrain	1
concerted	1
dismay	1
marched	3
sparing	1
imagination	1
fortune	5
returned	4
point	8
moniteur	4
maintenance	1
worth	1
crimes	2
temporary	1
provinces	3
kindness	1
supernumerary	1
acquisition	1
revokes	1
invalids	2
conducted	7
demi	1
continual	2
leading	1
conquest	1
annually	1
from	122
r	1
bitterly	1
overcome	2
prosperity	2
remain	6
traversed	2
reminded	1
sieurs	2
disgusted	1
humour	2
**’s	1
volume	1
women	1
guarantied	2
sufficient	5
children	1
advantages	3
martial	1
entrusted	5
too	6
preparations	2
decyphered	1
clothing	2
these	44
change	1
strike	2
institutions	3
being	26
vitry	1
young	3
preserve	1
assured	6
ventured	1
piece	2
favour	8
relating	1
fully	1
consul	1
perplexity	1
dragged	1
conceive	3
noise	1
auxerre	1
work	9
renowned	1
owes	1
education	1
nobles	3
roads	3
more	41
dictated	2
surprise	2
privation	1
affair	1
assistance	2
toward	3
hap	1
dignity	2
existence	4
infernal	1
rallying	3
tongue	1
assist	1
uncom	1
fable	1
tithes	1
surrounding	1
troops	19
obstinate	1
aggressions	1
convention	2
likewise	1
nullity	1
7th	2
an	76
sheltered	1
successful	1
simply	1
studied	1
harangued	1
social	2
containing	1
ought	8
contributed	1
foresaw	2
both	8
rasoumowski	1
empires	1
accepting	1
valuable	2
collection	1
proclaim	1
bourg	1
repeated	2
eaistence	1
spacious	1
think	5
production	1
profanation	1
consulted	1
game	1
senses	1
subjection	1
towards	2
easy	5
solicitude	1
according	3
namely	1
get	5
prisoners	1
appointments	1
descendants	1
measure	1
harassed	1
then	16
know	17
struggling	2
but	87
love	5
close	1
pay	5
imperials	2
reserved	1
worn	1
retirement	1
billet-doux	1
nothing	14
lose	3
civilization	1
battles	2
irrefragable	1
suburb	1
refuted	3
merits	2
clear	1
desire	10
m	67
eternal	2
tribunal	1
libellists	1
pronounced	3
taken	20
confide	2
nuncio	1
period	1
obliterate	1
envoys	1
confidence	7
wished	3
font	1
aware	4
forces	1
contempt	4
conscription	1
motives	1
imperial	16
back	6
tumult	1
iron	1
triumphant	1
persevering	1
learning	1
negotiation	3
trine	1
enthusiast	1
constitution	3
indulged	1
persuade	2
thoughts	3
county	1
consideration	3
reached	7
observing	1
together	3
insulted	3
claim	2
actions	2
reprobation	1
posted	1
there	19
render	4
moreau	1
beauv	1
marines	1
requisite	1
yet	15
centre	1
inferior	3
vincennes	1
personalname	230
shake	1
friendship	1
accompanied	2
vessel	1
battalions	7
bankers	1
aspired	2
detention	1
état	1
extravagant	1
berthier	1
daggers	1
style	3
restore	8
neighbours	2
remembrance	3
charge	4
choice	3
please	1
d'affaire	1
share	2
diers	1
amid	2
wagons	1
warriors	1
enervates	2
bautzen	1
intercepted	1
dissimulation	1
prodigious	1
suite	2
church	1
signal	3
height	2
flotilla	1
mounted	1
difficulties	1
embarked	2
respect	7
judicial	1
maxims	1
endured	2
manufacturers	2
kehl	1
without	34
chastisement	1
views	1
advanced	4
exactness	1
leagues	4
which	143
admit	1
act	14
constantly	1
stead	1
virulent	1
season	1
detaching	1
brand	1
stood	1
retrograde	1
need	4
assent	1
holla	1
aide	1
victim	1
condé	2
landing	3
honour	15
cowardice	1
failure	2
availing	1
or	62
competition	1
bidden	1
despising	1
prompt	1
detach	1
inscribe	1
embarrassment	1
enjoy	1
asserting	1
emancipated	1
sounded	2
musket	1
every	21
counsellor	1
reich	1
equalling	1
cover	1
alliance	1
surpassing	1
continue	1
was	245
hoisted	2
she	25
abolished	1
classes	1
sequestrated	1
appearance	3
designs	2
filled	2
mentioned	2
cheval	1
erroneous	1
disappointed	2
spectacle	2
recovery	1
unbroken	1
bury	1
shall	15
repair	8
profound	3
man	7
what	29
restored	9
either	7
profoundest	1
strongest	1
conferences	1
considerable	1
originally	1
attended	4
increased	2
dare	2
monarchs	1
cruel	3
ten	7
ry	1
rage	2
acclamations	3
carefully	1
contemporary	1
renewed	1
arose	1
saluted	2
walls	3
itself	8
nantes	1
readiness	1
ill-treated	1
measures	5
wish	4
spite	3
consider	1
auditor	1
generous	8
sequestrations	2
corresponding	1
4th	3
guage	1
industry	4
formidable	3
sire	7
variety	1
remind	1
thought	16
before	13
directed	18
exile	1
reconciled	1
spilled	1
world	4
reduced	5
astonished	4
shocked	1
guaranties	2
salary	1
wear	3
sex	1
sent	17
danger	5
criminals	1
rare	1
affability	1
hastened	9
basely	1
frequently	5
will	74
government	17
management	1
resist	2
assassination	4
interrupted	2
entered	3
draw	1
cunning	1
transcribe	2
corrections	1
mis	1
goulême	1
interrogate	1
consisted	2
refuge	2
victory	5
orders	31
inspires	1
exerted	1
castiglione	1
entrance	4
pacific	4
over	10
weak	1
honoured	1
reputation	1
aggrandized	1
opens	1
hundreds	1
cemented	1
provisions	1
audacity	1
indignant	3
depriving	1
attest	1
irreproachable	1
mission	10
judgement	1
demands	2
seized	1
inconsistent	1
neutral	1
calculation	1
son	10
ours	2
conjure	1
laughable	2
afraid	1
resumed	3
ultras	1
undeceive	1
egress	1
titles	2
guilt	1
named	4
sagacity	1
trifling	1
friend	2
battle	5
easily	3
resistance	8
conditions	2
dinner	1
enterprises	1
conducive	1
battalion	2
defending	1
branch	2
picture	1
forfeiture	1
perfect	1
reap	2
dated	4
enthusiasm	5
quoted	1
produce	3
dismissing	1
simple	4
reestablished	2
reeking	1
indulgent	1
misunderstood	1
talleyrand	9
perceived	3
tremble	1
throwing	2
chaff	1
loved	1
hence	1
bodies	1
follow	3
holy	1
official	2
painten	1
prudently	1
accession	1
direct	1
masters	5
playing	1
approved	1
truce	1
indebted	2
anything	3
citizen	5
serve	3
affected	2
fund	1
st	12
reproached	3
house	8
efficacious	2
proscribed	3
affairs	8
limited	1
attacked	2
mud	1
subsist	1
combat	1
flourishing	1
foul	1
recovered	2
judged	1
benevento	3
began	4
sublime	1
objected	1
subsided	1
manufactory	2
raising	2
director	1
contained	1
mure	2
slave	1
authorise	1
ally	1
cease	2
feeling	2
tried	1
brought	6
name	15
fervid	1
council	6
asked	2
bad	3
feeble	1
motion	3
years	4
absolve	1
assemble	2
ultimately	1
condition	1
risked	1
d'escadron	2
separated	3
endangers	1
emperor	114
mask	1
conspired	2
coalition	4
thus	9
if	54
false	2
wife	3
napoleon	4
revolution	10
commissioned	1
above	3
vous	1
fulfil	4
venture	2
like	9
valence	6
expectations	4
conquests	2
scarcely	2
favourable	4
disorder	1
supposed	8
out	17
signatures	1
gained	2
interest	4
drawbridge	1
off	14
bologna	1
reposed	1
assign	1
indulge	1
contain	1
virtue	1
thither	1
swelled	1
saw	2
movements	1
treat	1
thrown	4
temporising	1
engineer	2
terms	4
abbé	2
plucking	1
population	2
sailed	2
distant	1
victorious	1
wrong	1
aversion	2
conqueror	2
expenses	2
wait	3
ex	1
impediment	1
column	4
dissatisfaction	1
human	1
fine	14
possession	2
merely	7
metz	3
led	5
construct	1
notwithstanding	3
committees	1
accustomed	1
amenable	1
roit	1
invoked	1
remonstrated	1
magnanimity	1
greater	3
greatly	1
supplied	1
admired	1
history	3
suspect	1
francs	6
ring	1
pitied	1
converted	1
biographical	1
designated	1
secure	4
march	33
forgotten	4
reenter	1
task	1
trade	3
renew	1
return	13
expense	1
charged	4
services	3
laon	1
accomplices	1
risen	1
fall	6
depart	1
governs	1
between	13
grumbler	1
punished	1
we	20
d'enghien	16
old	7
lists	1
couriers	3
latour	1
recover	1
rally	1
rivalry	1
rouer	1
factious	1
method	1
advised	1
acquitted	1
o	1
reward	1
drive	1
perfection	1
partial	2
most	34
revolutionists	1
concerned	1
imprudent	1
succour	2
chosen	2
à	1
analytical	1
deceive	2
waved	1
writing	1
parts	7
spoliation	2
secondly	1
violation	6
austrian	3
write	2
post	3
entertain	1
development	1
unite	1
ancient	8
throne	14
ménil	1
assault	1
writings	1
face	1
armies	7
against	25
frenchmen	9
manoeuvres	1
consolation	1
hoping	1
pretended	8
pointed	1
la	13
with	173
month	2
wives	1
closes	1
waving	1
lenz	1
sir	2
spilling	1
four	5
retard	1
establishments	1
prevailed	2
enlargement	1
keeping	1
presence	2
fatality	1
attaches	1
galloping	1
passed	5
conduct	5
goods	1
cessation	1
exhibit	1
ladies	1
fatal	5
confidential	1
hours	5
religion	1
noi	1
character	7
taxes	1
guards	19
want	2
acts	2
remove	1
front	1
precipitancy	1
defend	10
succession	2
praise	1
stationed	1
independent	3
came	4
arabic1digit	17
followed	6
equally	12
defile	1
steps	2
assert	1
liberticide	1
agreed	2
congratulate	1
gaiety	1
received	16
z	2
plainly	2
case	5
joint	1
explain	1
learn	1
banished	3
alike	1
departed	2
pretensions	1
hero	1
incomplete	1
roche	1
comté	2
romannumeral	10
concerns	2
room	1
proceeded	5
having	26
indifferent	1
better	3
number	11
warlike	1
should	27
symptoms	1
verify	1
observations	2
form	10
purchasers	1
resounds	1
answered	8
half-pay	2
reply	2
loud	2
decided	1
complete	7
legions	2
misfortunes	3
remnants	1
now	7
dispatch	3
borders	1
occasions	2
the	2195
straits	1
enemy	6
subjects	2
spared	3
movable	1
support	8
bore	1
inclined	2
insignificant	1
arsenal	1
regiment	5
nobler	1
force	11
tinuing	1
doc	1
theirs	1
murder	2
reinforcing	1
territory	6
airing	1
compose	1
authority	4
own	19
sitting	3
as	130
perfectly	2
wheat	1
confounded	2
fight	3
unnecessary	1
home	1
access	1
empty	1
gic	1
frankness	1
smith	1
sage	1
principal	3
instigators	1
limits	1
utility	1
ministry	2
suitable	2
related	3
drily	1
whoever	1
certified	1
names	2
fruits	1
stage	1
entire	2
meeting	1
necessarily	1
advancing	1
unfortunate	2
consenting	1
divining	1
characters	2
arabic5+digit	1
provided	1
uneasy	1
workshops	3
ideas	7
diplomacy	1
possessions	1
abandoned	1
concert	1
her	46
inutility	1
life	12
soon	13
minutest	1
bargain	1
8th	1
effects	2
incessantly	3
midst	1
compiled	1
stroke	1
penetrate	1
triple	1
whether	3
mocked	1
is	79
delirium	1
adverse	1
major-generals	1
size	1
balance	1
tribunals	1
valuation	1
dordogne	3
mouth	2
dispersion	1
nations	19
domain	1
people	38
prudent	1
folio	1
machine	1
synonimous	1
allies	8
condensing	1
decisive	1
carriage	1
authentic	1
accomplished	1
ambassadors	1
repaid	1
posterity	4
emissaries	2
report	9
just	12
seek	2
abuses	3
agreeably	2
promised	7
proceeding	1
figure	1
seventy	1
his	298
reception	1
five	7
fontainbleau	3
conspiracies	1
political	7
grant	3
extraordinary	3
opposed	2
particulars	1
consolidating	1
eager	4
myself	5
after	18
magazine	1
bourgeois	1
inspirations	1
enhance	1
passes	3
succeed	1
whole	4
stakelberg	1
escape	3
commented	1
suffered	3
sought	3
unless	1
sail	1
acknowledged	3
violence	4
retreat	3
archives	1
distinguished	2
met	1
slightest	2
primary	1
intolerance	1
due	2
luxury	1
distinguish	1
hesitating	1
facilitate	1
guided	1
contrary	7
forced	3
recur	1
assassins	4
disturber	1
justice	3
freed	2
passport	1
legitimate	1
mention	1
smaller	1
manifestation	1
destiny	2
treasure	1
induce	3
granted	3
changes	2
infantry	5
attorney-general	1
greatness	1
intrenchments	2
opened	6
paths	1
stores	2
constituting	1
divides	1
gendarmes	2
proscriptions	1
cordially	1
préau	1
clogged	1
other	31
bacchanalian	1
purpose	4
examinations	1
portion	1
subjected	2
artillerymen	2
pretty	2
count	18
alps	5
takes	1
took	16
guise	1
hanging	2
orgies	1
becoming	1
court	8
enamoured	1
noblest	1
guarantie	1
interfere	4
finish	1
unhappy	1
resource	1
menaced	1
commit	2
abdicated	1
stir	1
wings	1
loftiest	1
moderation	4
sovereign	15
hesitate	1
whimsical	1
cradle	1
surrounded	2
witty	1
suggest	1
paying	2
earth	1
engagements	4
letter	13
result	9
southeast	1
arbitrarily	1
fulfilling	1
irresistible	1
alarmed	2
die	2
departments	5
tarnish	1
removed	2
unpractised	1
lost	5
garrison	8
dreaded	2
turgid	1
b	5
pity	3
collected	2
vienne	1
ney	1
grand	6
eighteen	2
days	11
register	1
cannon	3
sects	1
seigneurial	1
misdemeanours	1
dispatches	5
illustrious	1
conviction	1
war	27
models	1
remounting	1
imperfectly	1
priests	1
up	22
tempered	1
attempted	5
quitting	2
many	8
within	4
regulated	1
proper	4
giving	5
merited	1
procure	1
question	5
application	1
compromise	2
d’albufera	1
suffer	3
fruitless	1
preserved	1
whose	17
allowed	2
cause	24
insinuated	1
composed	6
lofty	1
fought	1
seemed	4
apropos	1
decrees	2
majority	2
onegro	1
lay	4
refusal	3
damas	2
counter	1
remorse	1
different	8
ranks	6
belgians	1
commanding	1
columns	2
career	1
reviving	1
past	2
separating	3
footing	1
rights	16
sad	2
nevertheless	3
tant	1
esprit	2
party	10
refuse	1
exception	2
on	121
standards	4
observation	3
white	1
aside	1
impressions	1
along	1
extinguished	2
commonly	1
ordered	16
everywhere	3
however	10
fifteen	5
rapid	1
places	7
rimini	1
manufactories	4
examine	3
unjust	1
rout	1
lover	1
engaged	4
equality	1
charlemont	1
entertained	5
habits	2
afforded	2
retained	2
break	2
imagines	1
inspected	1
discourage	1
constructing	1
biting	1
since	8
powerful	2
caused	9
restrained	1
especially	1
petitions	3
major	1
induced	3
surmount	1
whither	1
putting	3
enemies	7
napoleon’s	3
its	57
never	14
fabrication	1
independently	2
united	4
whispered	1
threats	3
regicides	1
ratified	1
resolutions	1
embarking	1
sole	1
extensive	1
marins	1
least	3
me	33
evil	1
unshaken	1
difference	1
solemn	6
error	1
pupils	1
punishment	1
given	18
exertions	1
fell	3
surnames	1
libellous	1
harangue	1
selected	1
rhenish	1
pyrenees	1
aloud	1
declarations	2
pacify	1
heights	3
attribute	1
sh	2
deceived	2
boats	1
am	12
apprehensive	1
raised	4
ascendancy	3
napoléon	1
patriots	3
does	2
narrow	1
pulled	1
articles	4
servant	1
assigned	2
flag	4
told	2
novel	1
cutthroats	1
reverses	1
absolved	1
finished	4
langres	1
mountains	5
solicited	1
odious	4
minds	5
brother	2
compel	2
way	11
strange	1
strasburg	2
preliminary	1
appearing	2
central	2
elba	7
presumptuous	1
trompette	1
persecute	1
protector	2
wessemberg	1
spare	1
department	2
mass	2
grenoble	5
favours	3
great	23
dared	3
year	1
stipulating	1
cruelty	1
single	9
secretly	1
concord	1
smile	1
himself	47
press	1
opinion	9
scope	1
bastide	2
descended	2
owed	3
able	2
expresses	1
georges	7
landed	1
straight	1
do	15
con	1
assurances	1
establishment	1
fellow	1
uninformed	1
interview	1
your	37
feared	1
federates	3
dispositions	1
formerly	5
insure	2
freely	1
commanded	4
beaur	1
pleasant	2
softening	2
help	2
royalists	15
simultaneous	1
immense	1
him	160
subjugate	1
examination	2
quickly	1
state	22
proclamations	2
fact	7
intestine	1
going	3
beautiful	5
sis	1
stain	2
wellington	2
empress	5
allowing	1
telegraph	3
envied	1
gallican	1
embracing	2
disjointing	1
fortresses	1
redoubts	2
declaration	27
internal	2
discord	1
finally	1
cotton	1
understanding	2
make	25
art	7
considerations	2
best	1
excellent	2
quietly	1
prevail	2
has	49
cyr	1
legal	2
pronounce	3
city	5
charter	2
washed	1
imprecations	2
newspapers	1
striving	1
example	7
mutually	1
equipage	1
d	5
actual	1
joyous	1
attached	1
requests	1
corps	13
tranquillity	8
generate	1
conspirators	1
defeat	1
bribed	1
even	12
useless	2
boatmen	1
take	15
unable	2
ferocity	1
spontaneously	2
agent	1
existing	2
copies	1
gives	1
speedily	1
displaying	1
defeats	1
bedchamber	1
dominion	1
indirectly	1
broken	3
gar	2
forms	1
set	11
carried	5
princes	4
ron	1
governing	1
proved	3
beloved	1
elected	1
acquire	1
destination	2
annihilation	1
sides	2
interested	3
escorted	1
droits	1
required	1
understood	1
alter	2
obnoxious	1
terrible	3
rivière	2
w	1
suited	1
land	1
forest	2
become	7
vic	1
and	847
contented	2
feelings	1
grew	1
commotions	1
previous	1
fears	3
police	8
accept	1
states	3
openly	1
organised	1
attentive	1
provision	1
imitated	1
flattery	1
hands	7
sufficiently	2
persecutors	2
proceed	1
firmness	3
adieu	1
reestablishment	4
engage	6
invariable	1
lin	1
soissons	1
bayonets	1
handful	2
possibility	1
replacing	1
expect	1
commanders	1
subversion	1
remedy	1
mother	1
much	8
french	38
servants	5
youth	3
band	1
inclination	1
raise	5
turning	2
constancy	2
confirmed	1
debasement	1
caresses	1
secured	2
authorised	2
absurd	1
indictments	1
economical	1
assembled	6
sovereignty	3
unmask	1
saying	1
convey	1
poleon	2
sanguinary	2
products	2
defection	4
supposititious	1
degraded	1
hope	7
classed	2
vexation	1
cross	1
flatter	1
palmela	1
crowd	1
disgraceful	1
drake	3
hitherto	2
invited	3
aim	1
morally	1
offer	3
struck	2
attachment	6
groaned	1
title	6
malevolence	2
laid	5
rightly	1
erect	1
marked	1
household	3
menaces	1
betrayed	2
turns	2
murmurs	1
provocation	1
whatever	4
preservation	3
coldness	1
bestir	1
garrisons	2
speedy	1
pretence	1
stopping	1
le	2
soundest	1
familiar	3
field	2
justified	2
stop	3
mankind	1
betrothed	1
ravages	1
pichegru	2
reasonably	1
inhabitant	1
army	29
looked	1
occupied	2
ruling	1
devote	1
prepare	3
leaving	1
germans	1
thousand	25
evils	2
messrs	2
destitute	1
commission	4
deemed	2
barbarity	1
reorganised	1
infraction	2
mode	1
atoning	1
reduction	1
volunteers	15
heavy	1
despicable	1
liberal	1
labrador	1
reappearing	1
day	11
real	4
fills	1
business	5
two	23
substituted	1
superiority	1
workmen	3
illusory	1
plots	4
genuine	1
minister	21
reproach	1
batteries	1
devious	1
train	2
ordinary	2
lieutenant	2
fit	3
rank	2
incredible	1
generals	4
toulouse	2
conclude	1
regards	2
esteem	2
eye	3
attempts	4
humming	1
arrogant	1
explains	1
necessary	21
fault	1
announced	10
2dly	1
madmen	1
justifications	1
welfare	1
river	1
energy	5
differences	1
assembling	4
enjoined	2
all	93
congratulation	1
signature	3
armourer	1
confided	1
organs	1
panic	1
making	6
characterise	2
once	7
despoiling	1
learned	4
shed	3
resulting	1
suspected	1
rumour	2
diplomatic	2
relations	3
recompensing	1
ch	2
enable	1
minutely	1
not	154
stewart	1
prevented	2
obey	1
readily	2
each	5
presided	1
personage	1
prudence	2
delayed	2
sway	1
decree	12
concern	1
pamphleteers	1
imputations	1
meantime	1
nearly	3
preferment	1
conquering	1
attention	7
ennobled	1
acquainted	4
reach	3
daily	1
account	8
vigorous	1
viscount	1
longer	14
compared	1
chalons	1
pretext	1
respectable	2
congress	12
approaches	2
revealed	1
moselle	1
triumph	1
twelve	5
trouble	2
terror	1
things	4
removing	1
feet	1
punish	3
intrigues	5
disorders	1
commonplace	1
peace	10
displeasing	2
courageous	2
admiration	2
gulf	1
squeezed	1
responsible	2
spirits	1
grenelle	1
base	1
amnesty	1
motions	1
show	2
uncertain	1
artillery	8
associations	1
annihilated	1
foot	5
majesty’s	1
younger	1
magic	2
disband	1
pale	2
meritorious	1
wo	2
hired	1
limousin	1
propose	1
oppressor	1
levy	1
respectful	2
lême	2
often	3
arrears	1
ragusa	1
death	8
intrepidity	1
obstacle	2
maritime	1
deprived	2
current	1
during	8
vengeance	3
emulate	1
spoke	1
oppressed	2
treatment	2
cowardly	2
promptly	1
join	3
prove	7
independence	14
details	2
seconding	1
where	19
wants	3
living	2
launched	1
brittany	2
daring	2
revolutionise	1
fresh	6
tr	2
miraculous	1
sequestrating	1
equal	1
flatterers	1
lille	5
avenues	1
detested	1
suffrages	1
had	209
redoubt	1
squadrons	1
eclipsed	1
motive	2
instantly	3
brigands	2
terrify	2
truly	3
parliament	1
proposals	2
royalist	1
imagining	1
crown	5
impotent	1
capable	4
enjoyed	1
value	3
manuscript	1
retired	3
bestowing	1
countersigned	3
coadjutors	1
administres	1
condemnation	1
bounds	2
solid	1
did	39
kind	2
disinterred	1
apartments	1
knew	10
none	6
east	2
time	28
begin	2
exercise	3
anonymous	1
dispo	1
spend	1
prison	1
insurgents	1
1st	3
abundance	1
arabic3digit	107
relinquished	1
deliverer	2
afflicted	1
beyond	4
see	6
felt	5
replaced	2
pride	4
annihilate	1
5th	1
instance	1
disposition	2
subjugated	2
port	1
observed	1
simplicity	1
partisans	3
assemblies	1
strength	5
hairy	1
metternich	1
waited	1
unheard	1
prosecute	1
ces	1
ourselves	1
accommodate	1
o'clock	1
saddles	1
side	2
anti	1
meet	5
phrases	1
fomented	1
disturb	1
loan	1
bridge	4
bonaparte	3
sarcasm	1
founded	1
presented	2
impossible	5
belong	1
demanding	1
yeuv	1
circle	3
author	1
chargé	1
pervaded	2
step	4
agitated	1
others	8
materials	1
workpeople	1
dynasty	4
kings	1
otherwise	1
belonging	3
awaiting	1
few	10
remodelled	1
throughout	3
carry	7
satisfactory	1
blame	1
powder	1
difficulty	1
militia	1
university	1
enmity	1
they	109
vary	1
grace	1
securing	1
issued	5
crossed	1
awakened	1
my	31
beneficial	1
camp	2
facility	1
gallop	1
herself	3
offend	1
victories	2
reckoning	1
rather	2
guard	24
preceded	1
unworthy	2
ordain	1
touched	1
desired	1
noted	1
delight	1
excuse	1
affronting	1
painful	1
borrowed	2
fellows	1
auquel	1
providence	2
mandates	1
inspections	1
shouts	3
delay	4
supportable	1
clearly	2
convince	1
offered	4
any	32
instruction	1
solidity	1
sequestration	1
renounced	1
chamberlain	2
clancarty	1
baron	7
hasten	2
revisiting	1
dissatisfied	1
coast	2
individual	2
addition	3
custom	2
depend	1
conflicts	1
scruples	1
loose	1
confines	1
thousands	2
province	1
precedent	1
unexpectedly	1
compelled	2
stifled	1
how	9
one	34
protestants	1
determination	1
seizure	5
turn	3
ordnance	3
said	23
arise	1
consulship	1
submit	4
resolves	1
allow	7
left	3
accused	3
satisfied	1
news	5
lord	1
sign	4
societies	1
pomp	1
incognito	1
that	290
millions	9
town	2
cabinets	1
acted	1
summoned	1
receiving	2
denunciations	1
intention	7
treachery	1
fictitious	1
incomprehensible	1
atha	1
augment	1
bred	1
commissary	3
organisation	1
entreaties	2
discuss	1
telegraphic	1
muskets	1
operations	1
destroy	1
emigrants	3
trust	1
fel	1
discerned	1
ministers	21
demnification	1
bosom	4
instant	1
arrest	4
public	17
under	28
shortly	1
ignorant	4
partly	2
intending	1
could	32
purchases	2
improvements	1
merit	2
resolving	1
weakness	3
strictly	1
complaining	1
distrust	3
enlightened	2
retire	3
acquired	2
standard	2
instigator	1
funeral	1
zealous	1
ready	4
parisians	1
subscribed	1
full	3
written	4
a	299
inundated	1
estates	1
complaisance	1
lived	1
civil	13
difficult	1
checked	1
credited	1
extension	1
been	74
recourse	3
na	2
success	6
fabricated	1
hurry	1
marquis	3
joachim	4
seizing	1
destruction	2
astonishment	3
substantiated	1
devoutly	1
sensible	1
circulation	1
diamonds	2
labour	1
ferté	1
frankly	1
connexions	1
subverting	1
pardon	2
angry	1
correspondence	2
liberties	1
deviated	1
heard	8
assistants	1
exaggeration	1
topographical	1
perhaps	11
perceive	1
friends	2
barrier	1
charm	1
paid	7
asylum	1
understandings	2
lev	1
late	2
consolidation	1
basis	1
relative	1
brilliantly	1
brothers	1
incorrigible	1
slip	1
similar	1
appear	1
exactions	1
fifths	1
scaffold	1
power	6
view	3
uncertainty	1
already	10
avowed	1
efficacy	1
faintly	1
irresolution	1
position	1
published	2
agreeable	3
softened	1
successive	1
decried	1
reconciliation	1
gentil	1
enjoys	1
execute	4
adapted	3
interruption	1
civilised	1
tell	3
strongly	1
agents	7
double	2
repast	1
kill	1
statement	2
sacrifice	5
can	8
command	6
yeur	1
talents	1
next	4
let	11
apprehensions	5
event	2
royal	24
anarchy	1
fired	1
electrified	1
writer	1
taught	3
impostor	1
noble	5
publication	1
domineering	1
vos	2
fortification	1
mystery	1
mal	1
safety	7
visit	1
alarm	3
pontiff	1
opinions	3
horror	1
attachée	1
attempt	10
monseigneur	3
matter	2
swearing	1
unhinge	1
persuaded	5
resigning	1
doubt	7
violate	3
picardy	1
word	6
blood	13
depôts	1
consented	5
borrow	1
repress	1
yoke	2
sight	3
fruit	1
spontaneous	1
entirely	2
en	1
sig	1
reckon	2
produces	1
intimidating	2
embraced	3
here	6
seamen	1
length	3
vague	1
artisans	1
duty	7
claimed	1
reviewed	1
guilty	1
leaves	2
enchantment	1
intimate	1
agitation	1
expiated	1
placename	244
separate	2
bold	2
occasion	4
cabals	1
means	20
alienate	1
clubs	2
alphabetical	1
propernoun	193
franche	2
exclusively	1
suppose	2
alas	1
deserve	1
noailles	2
castle	2
impose	3
twenty	10
effeminacy	1
humble	2
safe	2
storm	1
leader	1
adroit	1
faction	1
commerce	1
depositaries	1
ratify	1
begun	3
romans	1
source	3
roamed	1
nie	1
natural	4
repose	1
wanted	2
displayed	4
society	3
send	4
sur	2
fifty	10
helvetic	1
republicanism	1
decisions	1
blows	2
bassano	5
distributed	1
personages	1
deep	1
conciliate	1
abate	1
enormous	1
idea	4
philanthropy	1
faithful	8
hear	1
unhappily	1
nor	7
deplored	1
first	30
establish	1
disturbances	1
intensity	1
held	2
ratification	1
praises	1
parma	1
commenced	2
persist	1
ascribes	1
accounted	1
bitterest	1
fighting	3
them	133
thanks	1
drew	2
inform	2
fallen	1
such	25
relying	1
object	4
insuring	1
choose	4
wi	1
about	15
monk	1
express	3
dozen	1
travers	1
leads	2
unusual	1
reckons	1
faded	1
twenty-five	1
calumny	1
approach	3
terminated	1
cette	3
maintaining	1
passing	1
till	14
transferred	1
apocryphal	1
obedience	2
appears	2
intact	1
funds	1
showed	2
respective	1
examined	4
conversations	2
attempting	1
commandant	3
followers	1
discharge	2
chouans	2
proportion	1
reasons	2
tims	1
head	22
refused	6
counsellors	2
lie	1
some	30
governments	1
discharges	1
calumniated	1
evening	2
inspired	6
domains	1
landholders	1
lenoir	1
inexorable	1
refers	1
particular	4
contrived	1
crime	3
supported	4
therefore	2
endowments	2
hussars	1
plundered	1
exhibited	2
bust	2
active	3
ascribe	1
experience	3
exclusive	2
polignac	1
warrior	1
letters	2
alarmists	1
undertake	1
rendered	7
promulgated	1
appeal	1
fidelity	1
major-general	1
bestowed	1
immovable	1
sometimes	1
champ	1
cavalry	7
signed	8
rochefoucault	3
northern	1
otranto	5
disdained	2
horse	1
owe	1
representation	1
plot	1
trivial	1
mountaineers	1
illegal	1
fortified	3
shut	2
common	2
imperceptibly	1
patriotism	5
impatience	1
falsifying	1
concurred	1
invariably	1
towns	4
ascertain	1
oaths	2
solace	1
eighty	2
principle	4
infringing	1
unfortified	1
legion	1
root	1
obtained	3
repented	1
upon	13
schmidt	1
consistency	1
opportunity	2
thomas	1
request	5
submissions	1
favoured	1
pleasing	4
publicly	3
possible	2
admitted	1
compact	2
authors	1
duplicity	1
incomparable	1
avoid	1
part	10
avail	1
precaution	2
parted	1
mechanics	1
added	5
converse	1
plenipotentiaries	5
worship	1
property	11
island	7
seduction	1
revolted	1
revolutionary	1
discovered	2
vandals	1
largely	1
decision	4
permit	1
minutes	2
informing	2
transmitted	2
flank	2
resolution	8
calls	1
villages	1
peaceably	1
crowned	3
weaving	1
opening	1
pass	5
anticipation	1
put	10
stooped	1
inexpressible	1
union	1
reasonings	1
reprisal	1
mademoiselle	1
invoke	1
dissensions	1
criminality	1
recognise	1
mortier	2
indirect	1
why	1
shore	1
firing	1
effectually	1
attesting	1
private	1
exact	1
diet	1
petitioner	1
week	1
money	3
pieces	4
russian	3
permission	1
closet	2
lyonnais	1
republican	1
fortifying	2
outrageous	1
introduced	2
immensity	1
endure	1
thanked	1
watch	1
consequently	1
april	8
loudly	1
six	3
instead	6
belle	4
particularly	4
deference	1
appearances	1
reproaches	3
unemployed	1
murdered	1
baroness	1
plunged	1
hatred	1
fixed	2
jokes	1
garonne	1
secretary	2
impetuosity	1
proposed	3
taking	2
oppressors	1
heart	10
wicked	1
arrangements	4
crape	1
were	95
extreme	4
solemnly	2
bank	3
réunis	1
hearty	1
gratitude	2
reconcile	1
obtain	2
declared	5
occupy	2
circumlocution	1
impost	1
renewing	2
conspiracy	3
overturn	2
sake	1
derogatory	1
oblige	1
regard	5
sluices	1
dread	2
regretted	1
seen	7
firm	4
mean	1
activity	1
contains	1
pledge	3
songs	1
predecessor	1
suffrage	1
imperialists	1
vanquished	1
through	5
granddaughter	1
glorious	2
space	2
oomplete	1
portfolio	1
wanting	1
comrades	1
dictator	1
good	6
jaquelin	1
hummed	1
expected	4
priding	1
quit	5
placed	6
yield	3
service	1
design	4
while	11
to	935
polytechnic	2
this	148
distinct	1
intelligence	3
variance	1
bertrand	5
completely	2
marshal	12
monarch	4
proof	2
display	3
abdication	2
discussions	1
oppose	3
calling	1
found	9
broad	1
skelter	1
pretends	2
persecution	1
insured	1
returning	1
threatening	1
restoration	3
pernicious	1
fulfilled	3
originated	1
grudge	1
expectation	2
passions	4
reinforce	2
contradiction	1
pledged	1
passive	1
necessity	3
alone	8
mover	1
farther	2
supposing	2
rigorous	1
advice	2
obliged	9
would	80
diffuse	1
gap	3
employed	7
quoting	1
artfully	1
conversation	3
amusing	1
requesting	1
arabicprice	12
loyal	1
experienced	1
executed	3
speak	2
north	4
astonishing	1
disposed	2
d'albret	1
repugnance	3
promises	5
revocation	1
ons	1
cry	2
striking	1
penetrated	1
notes	2
senseless	1
singing	1
maintain	7
plunder	1
us	8
echoed	1
deliver	1
devoting	1
no	62
confederations	2
succours	3
you	58
strangled	1
bonds	1
réal	1
levies	2
placentia	1
souza	1
supplications	1
denominations	1
only	29
ah	1
forgive	1
tramontane	1
extent	4
fail	3
prescribed	1
generally	2
davison	1
avoiding	1
economy	1
beforehand	2
countersigns	1
consummated	2
ancona	1
revived	1
despoiled	2
list	3
gain	3
demand	3
intentions	9
drop	2
insurrection	4
intercourse	1
throw	2
efface	1
consent	5
retain	1
division	4
rapidly	2
leisure	1
individuals	2
remarked	2
lessons	1
besides	4
ridiculousness	1
marchioness	2
bloody	1
likeness	1
wrote	8
disturbed	2
discoveries	1
ways	2
note	2
château	1
burgundians	1
endeavoured	1
flight	4
freedom	2
gendarmerie	3
sally	1
anxious	1
interior	1
bavaria	1
countersign	1
arrogated	1
revolts	1
manner	4
counsel	1
discussion	1
entrenched	1
threaten	1
friars	1
expelled	1
english	12
monument	2
lancers	1
marine	1
soldier	2
devoured	1
productions	1
relate	1
cathcart	1
honourable	5
glad	1
colonel	7
also	19
ingratitude	1
instructive	1
general’s	1
furnishing	1
historian	1
thing	2
cit	1
hardenberg	1
advantageous	2
justify	1
murat	4
gomez	1
sacred	6
hoped	3
excited	4
dress	1
startled	1
lynch	1
knows	2
canals	1
ascribed	2
disclose	1
manifested	3
military	8
confessions	1
