clergymen	1
project	2
satisfaction	2
estrangement	1
disapproves	1
alter	2
incorrect	1
efforts	1
circuitous	1
guido	1
mind	24
positive	2
nurse	7
read	134
genius	5
descriptions	1
inquest	1
adversity	1
urged	1
joy	2
unhallowed	1
museum	2
courage	1
went	12
same	10
fearful	2
loyalty	2
exiled	1
aunts	1
don't	2
star	2
tales	4
pleases	1
opposite	4
travelling	3
dwelling	1
disturbing	2
majestic	2
humorous	1
contrasted	1
comprehend	1
concludes	1
divine	7
polluted	1
expedition	1
clock	1
gayest	1
aspect	3
hell	1
codicil	1
teach	1
ruin	1
w	1
ties	1
words	5
timidity	1
attracted	1
eloped	1
fame	1
impertinent	2
perceive	4
surpassed	1
go	101
rousses	2
belief	1
collection	1
rule	1
egotism	1
latin	3
respecting	1
pictures	2
meetings	1
tells	11
calmed	1
vapour	1
peppered	1
cheerful	3
willingly	1
maxim	1
mere	1
thick	1
unintelligible	1
£1oo	2
gazing	1
tacitus	6
paid	4
paramount	1
goodness	2
discovery	2
maternal	1
pathways	1
passing	5
doing	7
give	24
accomplish	3
brings	1
score	1
gates	1
fears	3
than	52
wretchedness	1
bail	2
bless	1
late	8
travellers	1
gifts	1
hand	2
campagne	2
suit	7
owing	4
bells	1
falls	1
lazy	1
full	6
served	1
continued	5
trials	2
insatiable	1
sweet	17
arrives	1
pursuit	1
appropriated	2
hostile	1
temper	1
humes	1
wavy	1
nickname	1
prevent	4
deprives	1
established	2
westbrook	2
any	39
homeward	1
agree	1
summer	6
little	45
wishes	3
listener	2
statesmen	1
light	7
men	10
calm	4
hamilton	2
comparatively	2
doctor	1
happiness	3
benefactor	1
bloodshed	1
exhibit	1
months	11
pleasure	10
pressing	2
displeased	1
stepmother	2
external	1
troubled	1
cave	1
ms	1
grieved	1
ripen	2
rival	1
at	204
dragging	1
river	5
departure	6
parading	1
beside	2
race	1
arrived'to	1
devised	1
eased	1
so	73
baillie	3
unturned	1
downstairs	1
comparative	2
inn	7
born	5
settle	4
impending	1
idea	13
moment	6
solicitations	1
she'll	1
sacrificed	1
when	81
lady	5
our	54
arrangement	1
say	24
chapu1s	1
drowned	4
tone	2
get	24
following	3
called	9
discursive	1
hindus	1
memory	3
exalted	2
baronetcy	1
age	3
nature	14
passion	4
embittered	1
park	3
rejected	1
drink	1
ica	1
magician	1
construe	5
reveries	4
former	2
says	13
husband	2
divided	1
ever	28
bears	1
gently	1
inspiring	1
prisoner	1
wall	3
general	2
prerogative	1
special	1
overlook	1
presumed	1
three	11
imagined	2
havre	2
apart	3
exist	2
emotions	1
token	1
soft	1
hasty	1
receive	11
corsair	1
famille	1
autumn	1
banks	1
anxiously	1
remains	4
abelard	1
elf	4
league	1
bible	1
melancholy	4
stricken	1
something	7
consider	6
feverish	3
erected	1
industry	1
arrived	9
writ	1
liberty	4
curran	1
influence	2
detest	1
terrors	1
planted	1
convinced	2
bishopsgate	3
covered	4
moonlight	1
woods	1
tunes	1
dear	21
promote	1
bear	3
secret	4
scandal	4
prose	1
sympathies	1
produce	1
excellence	1
poles	1
broke	1
plagues	3
les	2
makes	2
manufactures	1
jvbuvelles	1
devoted	5
obit	2
cloud	1
snapped	1
twining	1
extracts	3
temperature	2
determined	3
inapt	1
poussin	1
encroached	2
desolate	2
ascending	1
tortoise	1
godwin	51
heir	1
abhorred	1
forward	2
passports	1
nothing	26
unconcealed	1
quantity	1
n	11
cartoons	1
surprised	1
laws	2
affectionate	5
decide	1
greater	3
fortitude	2
present	13
native	2
bill	2
reverencing	1
require	1
enraptured	1
supremely	2
arrive	4
gown	1
don	5
married	1
la	7
confinement	3
issue	1
plutarch	5
writes	16
ladies	2
plains	1
tempted	1
inland	1
assure	1
departed	3
heaps	3
ghost	7
enjoyments	1
number	2
nation	1
symptoms	2
heigh	2
principles	2
adding	2
howls	1
telling	4
personating	1
capulets	1
southey	1
comradeship	1
forty	2
results	1
tintern	1
he	233
fitted	2
shame	1
promise	3
soon	13
stupendous	1
grander	1
can	28
stones	4
incessant	1
fire	2
compelling	1
leisurely	1
right	2
philosophers	1
manifestly	1
dismally	1
phrase	1
complains	1
horses	4
sentiments	1
babes	1
planned	1
pope	1
behind	5
curfew	1
permitted	1
retire	2
known	9
piatt	1
virtues	1
keen	2
expression	1
curtius	13
swansea	2
inhabitants	1
lightning	2
stratford	1
gall	1
pronounced	1
modern	1
staying	2
lifelong	1
unjust	3
kean	1
roared	1
whom	17
heavenly	1
editions	1
roses	3
who	72
hopes	9
subjects	5
below	1
lives	4
comfortable	1
ethereal	1
infinite	2
resources	1
and	1002
thank	6
narrowly	1
consult	1
probably	11
sparkling	1
fleet	2
sending	3
advent	1
principals	1
worry	1
writer	1
bring	6
animated	1
ran	1
conception	1
essay	1
discoursing	1
inclined	3
plague	3
magnesia	1
critique	1
library	1
2oo	1
bride	1
cascade	1
noble	2
clearing	1
undisciplined	1
mar	1
insurance	1
improved	1
divide	1
counties	2
husbands	1
hereafter	1
previous	2
splendour	1
honeysuckle	1
trees	9
impatient	2
raises	2
scolding	2
petty	1
perceptible	1
vineyards	1
affect	1
sleep	24
round	6
spot	7
meant	3
each	10
ground	1
mystery	2
garden	7
vegetarian	1
highly	4
agreement	1
informed	5
ex1sted	1
d'unna	1
spark	1
peacock	39
impenetrable	1
italian	5
be	136
♦st	1
made	12
silence	2
tue	2
morality	1
serious	4
benefits	1
6th	2
fate	1
connexion	2
de	18
greatest	3
praying	1
argument	1
quarter	1
learning	1
embrace	1
connected	2
montrose	1
immediately	5
abroad	6
symposia	1
emulate	1
gardens	3
prejudices	2
used	1
declined	1
territory	1
baby	14
reference	1
harmonious	1
mercy	1
rate	2
governed	1
apt	1
moon	5
successors	1
commiseration	1
impression	1
admire	2
away	18
dependent	2
incapable	1
built	1
reason	2
probable	1
throughout	1
tomber	1
benefit	2
road	9
glories	1
vitality	1
seats	2
or	63
watery	1
person	3
sweetly	1
finds	1
determine	1
glide	1
strict	1
enter	2
misery	9
glass	1
burke	1
madame	5
by	120
ends	1
quiet	4
vol	8
stimulus	1
health	17
replies	1
groundlessly	1
genlis	2
grave	4
sits	3
whoswas	1
distorted	1
reflected	1
translate	8
theocritus	1
matters	4
quarrel	1
especial	1
escaped	2
pillow	3
rose	1
their	58
creditors	2
singular	4
doleful	1
ti	1
immuring	1
various	7
regeneration	2
anxiety	8
procuring	1
mouse	2
pitchy	1
follows	1
diogenes	1
no	61
tears	1
translated	1
large	6
khan	1
intended	1
skinner	20
turmoil	1
creature	3
deprive	1
rush	1
realities	1
examined	1
frankness	1
edwards	1
attorney	1
pure	1
knowing	5
excite	1
boys	1
another	7
monday	16
vale	2
enclosed	2
sullen	2
night	17
pagnolles	1
why	4
slackness	1
regular	2
mischief	1
order	1
silently	1
capable	6
tumult	1
poetry	4
sepulchres	1
deducted	1
keyhole	1
shape	1
delivered	2
among	7
sloping	1
extort	1
gigantic	3
seaside	1
mer	1
arbour	1
blinded	1
south	3
roof	1
top	2
discussing	1
puts	3
visitors	1
attend	5
torn	4
message	3
flows	1
absent	7
experienced	1
glowing	1
december	23
employ	1
future	3
communication	3
indignation	3
hooper	1
assuring	1
girl	13
foundation	1
occasionally	2
grief	1
descriptive	1
knee	1
latter	3
commonest	1
obelisk	1
inquiries	1
scene	7
superior	2
rains	2
ease	1
burn	1
language	1
facts	3
certainty	1
dedicates	1
delicate	1
lot	1
erroneously	1
nobility	1
sink	1
looking	6
line	6
have	147
reminding	1
black	1
receives	1
blow	4
constant	2
seems	5
poet	6
montagne	3
biographers	1
elicit	1
mislead	1
princess	1
rabbits	1
vivacity	1
friday	17
hard	6
may	60
coming	6
distance	2
col1gny	1
shocking	1
valleys	4
earnestly	2
watched	1
mont	8
cannot	23
affection	7
types	1
country	16
prometheus	1
interesting	3
forth	4
unusually	2
petronius	1
absolute	1
committed	1
plurality	2
reflector	1
listen	2
inflammatory	1
bestow	2
mrs	35
statues	1
laden	1
rubbed	1
uncomfortable	1
lit	1
disappoint	1
formation	1
bribery	2
blanc	5
bankruptcy	1
bright	1
evidently	2
stay	9
sold	1
less	12
restore	1
vain	2
window	2
whenever	1
thunderclap	1
probability	1
insensible	1
security	1
acquaintance	3
wondered	2
whilst	2
works	4
consenting	1
ballads	1
evidence	1
net	4
judge	4
find	15
incitement	1
attach	1
situation	7
prince	1
examiner	1
perpetual	5
grass	2
vexed	1
humbly	1
wet	4
justice	5
new	17
bailiffs	2
echo	1
bucks	1
building	2
advertised	1
objects	2
buried	2
done	8
believe	7
father	26
lent	2
high	5
faced	1
discretion	1
man.of	1
look	18
income	2
true	4
long	36
estate	1
quite	15
unlucky	2
eat	1
rid	2
gathered	2
apparent	3
walking	1
untrodden	1
unconquerable	1
assert	2
hid	1
gate	1
wounded	2
well	33
third	9
unkindness	1
course	6
incredibly	1
minute	1
metre	1
certain	4
saved	2
undoubtedly	1
manufacture	3
valley	5
small	8
forests	3
eve	1
further	1
disposal	1
tonight	1
miserable	5
fait	1
live	15
hopelessly	1
quick	2
pecksie	1
absences	1
run	1
ture	1
overhung	1
spenser	11
air	4
test	2
compensate	1
advertisement	1
condemned	2
sort	1
devoid	1
powers	4
wonderfully	1
loathliest	1
effort	1
arms	2
surface	1
fade	1
are	88
produced	2
circumspect	1
strong	3
buy	4
domestic	1
fated	1
life	78
advises	1
remained	1
catastrophe	1
chapeau	1
critical	1
appeals	1
must	32
postage	2
sometimes	5
shadowy	1
parties	3
magical	1
i	443
institution	2
comes	63
deserving	1
laugh	1
dressers	1
circular	1
it	214
immensely	1
revolutionary	1
july	11
disgusted	1
invent	1
gave	5
midst	2
pianoforte	1
staffordshire	1
beheld	4
doctrines	1
shattered	1
relieving	3
seas	1
refreshing	1
place	16
think	43
game	1
prospects	3
but	153
yielded	1
madrigals	1
livy	6
eternal	3
killed	1
corpse	2
cl1fton	1
of	927
delays	1
machinery	1
accompanied	5
grains	1
soften	1
castle	3
drove	2
fear	10
joined	4
descending	1
historia	1
frosts	1
waste	1
accounts	3
rosy	1
alfieri	2
beaver	1
gulf	1
in	449
cheery	1
school	1
german	1
changed	1
considerable	2
occurrence	3
invasion	1
treasured	1
doubtful	1
fragile	1
moneylender	1
cradled	1
disconsolate	1
judgement	3
booth	3
witching	1
chief	1
overhanging	2
succeeded	3
times	8
ruined	1
hurried	2
animation	1
noon	1
widow	1
surely	1
banishment	1
resumed	2
those	28
come	36
contrive	1
persons	4
leagues	1
par	1
heighten	1
phantasmagoria	1
adroit	1
occasioned	2
flight	2
testament	1
taxed	1
clumps	1
poems	10
arabic2digit	131
grain	1
blessed	3
comus	2
treated	1
hang	1
call	12
inquiring	1
advance	2
repeatedly	1
sorts	2
sufferings	1
bore	1
penury	1
gradually	1
though	20
preferred	1
disguise	1
withdrew	1
again	24
desolation	1
dame	1
we	143
fables	1
recover	1
medium	1
curtains	1
previously	1
justly	2
unreasonable	1
care	6
drops	1
parcel	3
table	1
always	11
nations	2
journey	4
aloof	1
hundred	2
plea	1
fragment	1
tea	6
fortnight	3
entertain	1
dissolved	1
aw	1
chicanery	1
coleridge	6
lake	18
fellow-creatures	3
branches	1
incapacity	2
skies	2
inferences	1
lakes	1
staring	1
ask	8
coach	4
daylight	1
seven	4
grounds	1
closely	1
themselves	10
taste	1
weak	3
breathing	1
keep	2
hot	3
talks	5
p	1
mr	21
for	241
papa	23
end	13
developed	2
comprised	1
defended	1
decisive	1
knew	12
arundel	2
conducted	3
stir	1
entry	1
shock	3
due	3
brooch	1
signs	1
real	3
conceive	1
stays	7
into	32
within	3
weight	1
beneath	1
carrying	2
business	8
seclusion	2
pleased	1
medici	1
failure	2
behaves	1
restraint	1
populace	1
precipitating	1
restlessness	1
degree	5
rheumatism	1
visited	6
streams	2
outweighed	1
inefficacy	1
escaping	1
advisability	1
vintage	1
deeply	2
fatigues	2
remaining	3
half	22
lawyers	2
alight	1
becomes	1
shield	1
tomb	3
first	30
spending	1
faithless	1
rokeby	1
ill	15
goldoni	1
enough	12
claim	1
prejudice	1
retinue	1
newfound	1
consequence	7
tear	1
revealing	1
answer	9
t	2
nion	1
blows	1
verse	1
trial	1
swains	1
disturbance	2
kiss	5
comfortless	2
severest	1
compromised	1
unsuccessful	1
uninterrupted	1
handsomely	1
concerning	5
dangerous	2
litera	1
lasted	3
endeavour	5
exactly	6
recollect	1
speeded	1
inconsistency	1
germania	1
resting	1
subduing	1
canto	6
vast	4
eta	1
dying	2
sustains	1
because	2
arcadia	2
viewing	1
offices	1
short	13
deep	5
beings	3
cataract	1
last	21
bearing	1
shining	1
ascent	3
waking	1
encouraged	2
slate	1
exasperating	1
wise	3
intermingled	1
everything	7
making	2
ordered	1
dry	1
strongly	1
nouvelles	1
ely	1
owls	1
credit	1
gloomy	3
presents	1
folks	1
heeded	1
gathering	1
seward	1
ferney	1
resolute	1
authorship	2
engine	1
five	2
blank	2
freak	2
paper	1
happily	1
muddled	1
scold	1
suffering	3
stormy	1
hear	20
certainly	3
spectre	1
increase	1
hardly	7
personally	1
9th	2
uneasy	2
execution	3
glory	1
assumes	1
peeping	2
superfluous	1
faith	1
arabic4digit	26
alarm	2
negotiations	1
chirp	1
continent	1
denied	1
mood	1
sincerity	1
truth	7
fading	1
poor	18
esq	1
habitual	1
copy	4
encouraging	1
citizens	1
veins	1
hide	1
allusion	1
chess	3
holidays	1
trust	5
four	7
surpassing	1
shudder	1
indeed	25
metamorphoses	1
difficult	2
closed	4
accordance	1
waits	1
gisborne	1
scolds	1
imagination	3
singularly	1
ridges	2
returned	7
creep	1
agreeable	1
worth	1
beforehand	1
hever	1
temporary	1
purse	1
held	4
excessive	1
bed	18
tumultuous	1
conspiration	1
peregrine	1
annuity	1
christmas	1
suicide	1
purity	1
enduring	2
afterwards	9
anxieties	1
rolled	1
showers	1
hire	1
leading	1
benevolence	2
overcome	1
prosperity	1
pending	1
buys	1
remain	4
traversed	2
reminded	1
humour	1
classes	1
volume	8
pines	5
welcomed	1
realise	2
advantages	1
too	24
dor	1
disappointment	2
doom	2
stories	3
these	36
change	11
institutions	1
being	19
elder	1
young	9
englishmen	1
succeeding	1
piece	2
rain	9
mountain	7
sixty	1
seem	6
dearest	7
auxerre	1
work	31
quicken	1
renowned	1
roads	1
mutability	1
more	53
surprise	1
note	6
assistance	1
weighed	1
mongers	1
confess	1
dignity	1
existence	6
swiftly	2
careless	2
suffered	3
assist	1
pain	5
fable	2
inform	2
achievement	1
book	6
return	49
inconstant	1
clue	2
likewise	1
affinity	1
enjoying	1
tripping	1
an	60
travelled	2
stupidity	1
successful	1
simply	2
unbroken	1
grim	4
auntj	1
social	3
gratify	1
contributed	1
studies	1
foresaw	1
both	14
eleventh	1
forgiveness	1
lambs	1
strangely	1
grammar	1
volumes	2
compliments	1
later	6
portrait	3
worse	4
best	11
canterbury	1
ache	1
village	3
ses	1
unknown	2
profligacy	1
consulted	1
associating	1
advise	2
autumnal	1
violence	1
plenty	1
easy	3
according	1
vibrating	1
exchange	1
measure	2
harassed	1
differently	1
familiar	1
rock	6
then	34
know	35
struggling	2
blackfriars	1
dog	1
love	48
link	1
pay	6
consumption	1
shores	2
obvious	1
fatiguing	1
unprepared	1
spirituous	1
started	2
us	57
closing	1
lock	1
lose	3
obtain	2
tumbles	1
enclose	2
caution	1
encourage	1
clear	2
desire	3
strongest	1
m	3
stand	3
hill	6
tour	4
taken	7
confide	1
hopeless	2
beware	1
vinci	1
save	7
cheering	1
confidence	1
aware	1
mackworth	1
motives	1
survived	2
emotion	1
cheered	1
windsor	3
insects	1
davidson	1
regret	1
persuade	1
fido	5
altered	2
parades	1
mock	1
consideration	3
reached	3
observing	1
hobhouse	1
together	8
thunderstorms	1
houses	4
driven	1
marvellous	1
render	2
fix	1
requisite	1
waters	1
far	18
yet	25
personalname	1019
shake	1
consists	3
chimney	1
w.	1
ode	1
un	1
acting	4
tended	1
pistol	1
devout	1
forgiven	1
wiser	1
groans	1
wander	1
rich	1
pliny	6
style	5
seeing	1
forced	1
sky	3
neighbours	1
parade	1
won't	1
charge	4
eldest	3
imputing	1
reflections	1
choice	2
please	1
lodgings	9
heloise	2
abode	1
pull	1
funds	1
amid	2
wagons	2
immense	2
separation	1
piteous	1
inherited	1
church	1
fraction	1
obtaining	3
mounted	1
exhibition	2
wilderness	1
♦fox	1
floor	1
respect	5
endured	2
windows	4
without	25
dip	1
pages	3
successively	2
duration	1
views	1
advanced	2
ideal	2
bursts	2
which	152
lines	10
act	4
albe	2
constantly	4
reading	4
season	3
primrose	1
debts	1
stood	3
early	13
need	2
rapture	1
nouvelle	1
consoles	1
ju	1
magistrates	3
wollstonecraft	44
aghast	1
waves	1
depends	1
ebullitions	1
honour	2
pointing	1
cautious	1
birds	1
disagreement	1
played	1
downhill	1
elsewhere	1
shot	1
omitted	1
mile	1
monotonous	1
scheme	2
lawyer	4
enjoy	6
ardent	1
fair	1
reader	3
every	26
birthday	5
enjoyment	2
was	227
january	16
clearly	3
encircled	1
chapter	4
she	150
abolished	1
gestures	1
sudden	1
outside	3
appearance	2
filled	1
mentioned	3
itself	7
town	26
weather	7
got	9
boat	15
september	6
niece	1
lottery	1
shall	32
profound	1
man	10
what	60
vehement	1
either	6
existed	1
breakfast	18
ascended	5
sit	5
solitary	2
fourteenth	1
drunkenness	1
attended	2
increased	1
parquet	1
rienzi	3
h	1
accordingly	1
cruel	1
ten	7
outward	1
locked	1
sank	1
exertion	1
huntley	1
inspired	3
arose	1
saluted	1
wednesday	21
walls	1
ormond	1
measures	1
wetted	1
spite	2
loving	2
shepherdesses	2
wish	15
constituting	1
generous	2
printed	1
streets	1
4th	1
convent	1
experience	1
temporarily	1
seal	1
haunted	3
variety	1
remind	2
before	43
shropshire	1
systeme	1
reconciled	1
pet	1
chequered	1
rousseau	6
albans	2
art	3
talking	5
world	15
reduced	2
family	8
philosopher	2
shocked	1
waken	1
memoirs	4
seizing	1
sent	3
flourishing	1
sensibility	2
subsequent	1
independent	1
will	72
enigma	1
indies	1
yvwoi	1
above	5
clouds	8
source	6
consequences	2
entered	5
draw	3
subversion	1
riots	2
haunt	2
grace	1
thrilling	1
ability	1
horrid	1
sighing	1
transient	2
relief	2
speech	1
unfortunately	3
orders	1
extravagance	1
inspires	1
exerted	1
treats	1
mound	1
over	22
weakly	1
colour	1
pinch	1
reputation	1
warning	1
opens	1
preceding	2
hundreds	1
try	3
allegorical	1
portions	2
shadows	3
indignant	3
shamefully	1
talent	1
presence	5
morals	1
headed	1
share	2
demands	1
gifting	1
foolish	1
inconsistent	1
adorns	1
alps	5
circulation	1
son	9
permanently	1
awfully	1
takes	2
transacting	1
reports	4
dine	4
situated	3
newman	1
took	8
friend	8
badly	2
knapp	7
people	11
today	7
easily	1
balmy	1
pained	1
welcome	1
dinner	26
barren	1
dross	1
slightest	2
defending	1
putrified	1
strain	2
selfishness	2
near	3
environs	1
staples	1
warmth	2
enthusiasm	1
material	1
frivolous	1
repossess	1
caught	2
simple	1
partook	1
approach	4
mistaken	1
vermicelli	1
fly	2
foaming	1
grassy	1
arianism	1
tempered	1
raft	1
vice	2
hence	2
follow	8
undesirable	1
finding	3
visible	1
ungrateful	2
fortunate	1
approved	1
surprisingly	1
trouble	4
anything	8
furioso	2
understand	4
serve	1
cough	1
cham	1
st	11
delightfully	2
domenichino	1
house	33
simile	1
unsettled	2
conflicting	1
limited	1
speculation	1
payable	1
pleasures	6
century	1
panegyric	1
waned	1
recovered	2
hole	1
began	6
sublime	5
alike	1
hogg	79
places	3
physician	1
nonsense	2
evenings	2
imaginary	1
genevese	4
obligations	1
peruvian	1
memorable	1
dijon	2
slave	1
frowning	1
constituted	1
profoundly	1
lest	1
cease	2
feeling	8
nursery	1
tried	2
brought	7
personalities	1
name	9
knight	1
vital	2
asked	4
chronicled	1
adventure	1
bad	13
sorrows	2
jocosely	1
years	10
promising	1
reality	1
condition	3
honestly	1
severe	1
proposal	1
separated	3
veil	2
sixteen	1
conspired	1
hills	1
eagerness	1
mamma	10
arne	1
stael	2
wife	4
dormouse	1
revolution	6
patrimony	1
regarded	3
bullock	1
unmindful	1
riches	1
beg	2
like	28
histoire	1
seventeenth	1
thrill	1
scarcely	2
abruptly	1
favourable	3
detained	3
out	75
signatures	1
gained	3
radical	1
interest	1
off	14
modified	1
romans	1
indulge	1
contain	1
lending	1
plain	5
transport	1
fuss	1
saw	13
treat	2
treatment	2
self	3
blue	2
divert	2
relatives	2
terms	2
convictions	1
moral	1
innocent	1
aristocracy	1
sailed	1
been	83
novels	1
lanark	1
cradle	2
quiver	1
wretchedly	1
distant	2
foresee	1
goes	85
otherwise	1
offspring	1
transcribed	1
bysshe	2
tis	1
myrrha	1
job	1
importuned	1
seen	7
human	8
fine	9
possession	3
merely	1
led	1
unkindly	2
dr	5
informs	1
regions	2
gases	1
reads	43
lies	4
plainest	1
cloth	1
utmost	2
chemist	1
artist	1
lived	6
condemn	1
flung	1
burden	2
womanly	1
melodious	1
loves	1
heart	13
region	1
greatly	4
imperfect	1
history	10
offended	1
stoutly	1
let	7
march	22
forbid	1
galvanism	1
task	4
spasm	1
won	2
bare	1
doubt	4
households	1
date	2
door	4
winter	1
isles	1
amer	1
story	22
protection	3
otaheite	1
fall	7
pleader	1
governs	1
between	15
impressed	1
study	1
discomfort	1
punished	1
neither	3
arabian	1
bath	11
recreation	1
jagged	1
glaciers	1
wages	1
unusual	1
student	2
add	1
advised	1
ungenial	1
employment	2
reward	1
perfection	1
elephant	2
most	38
lizards	1
tenderly	4
concerned	2
voyage	3
inborn	1
contagion	1
p+bi	1
halfway	1
deceive	1
writing	9
sinful	1
parts	3
quench	1
write	47
post	2
afternoon	2
nay	1
vision	1
ninety	1
magic	1
russian	1
acuter	1
retirement	2
writings	2
series	1
face	2
armies	1
albion	1
with	262
sum	4
annoyed	3
wives	1
closes	1
cheerily	1
scandalous	2
sir	3
avowal	1
shrubberies	1
alone	11
prevailed	2
gentlemen	2
dream	5
unbidden	1
promises	3
passed	4
originality	1
you	218
dense	1
southern	1
implored	1
♦the	1
discontent	3
effects	1
attentions	1
montfort	1
announcing	2
fatal	2
hours	7
religion	2
character	8
flakes	1
english	3
want	3
directly	3
acts	1
serene	2
glacier	4
can't	2
sullenness	1
companionship	2
diffusion	1
defend	1
succession	1
chillon	1
prepared	1
came	13
arabic1digit	121
female	2
equally	2
steps	1
oz	1
delicious	1
route	5
wild	2
fills	1
persuaded	2
figures	1
gaiety	1
received	12
concentre	1
absence	7
z	1
playful	1
case	7
cedar	1
explain	1
learn	5
incapability	1
suddenly	1
magnitude	1
rise	7
confined	3
overwhelm	1
improves	1
trace	1
tub	1
frankenstein	3
romannumeral	29
hilarity	1
concerns	1
room	9
relinquished	2
having	17
statue	1
better	22
objections	2
slanders	1
residing	1
should	34
voluntary	1
whereabouts	2
poverty	2
form	5
peacefully	1
j	3
breeze	1
edition	2
mighty	2
simplest	1
answered	1
reply	1
decided	3
platitude	1
babe	6
complete	4
misfortunes	1
soothe	1
hotel	8
now	38
dispatch	1
occasions	1
memento	1
the	1317
avail	1
child	13
extreme	2
tributes	1
consist	2
dealt	1
support	4
negative	1
annihilate	1
habit	1
mourning	1
lam	1
endeavouring	1
force	2
beginning	5
fond	4
sketch	2
vows	1
hogan	1
turner	1
bent	2
own	30
u	1
determinate	1
thickness	1
as	182
perfectly	5
acrimony	1
wieland	2
fellow-feeling	1
rode	1
unnecessary	1
home	24
preeminence	1
premature	1
accepted	1
fainted	1
component	1
smith	1
war	2
wronged	1
holborn	1
capacity	1
books	7
hooting	1
tall	1
introduction	3
stupid	1
hamlet	1
personal	3
accommodated	2
heavens	2
fruits	1
stands	3
impurity	1
stage	4
fjpm	1
meeting	2
peasants	1
advancing	1
pelting	1
proceeds	2
polished	1
bustle	1
unfortunate	4
manhood	1
characters	3
coventry	1
dundee	1
admired	2
excellences	1
provided	1
recoils	1
walther	2
ideas	3
suspicion	1
possessions	1
terminating	1
chancery	4
crisis	2
desert	1
profile	1
control	2
mortifying	1
her	212
dis	1
void	1
harsh	2
continuation	1
rent	1
coligny	1
minutest	1
bargain	1
8th	1
attempted	1
theatre	3
skull	1
cheerless	1
often	4
golden	1
talbot	1
pains	1
tale	4
shows	2
whether	6
deficient	1
highgate	1
clay	1
despise	2
lawn	2
cherish	1
absentia	1
sincere	1
size	1
nec	1
questions	3
effected	1
refreshment	1
meets	1
items	1
abbey	2
remote	1
blessing	2
daughter	6
eloquence	1
linked	1
heads	1
shades	1
prepossessions	1
decline	1
serpentine	2
villa	1
just	12
nerved	1
thee	1
promised	2
proceeding	1
fitful	1
appreciated	1
spanish	1
november	14
beauty	4
recent	1
evident	1
ago	2
his	180
forehead	1
congenial	1
expose	1
circumstances	7
grows	1
founder	1
political	2
opposed	1
gerusalemme	1
particulars	2
pass	6
eager	1
schemes	1
forget	3
myself	8
shocks	1
after	68
temperament	4
search	5
illuminated	2
passes	3
succeed	3
volcanic	1
whole	11
accomplishments	1
nightly	1
escape	2
slowly	2
sleeps	9
moulding	1
hurt	1
troyes	2
sought	1
unless	1
knights	1
sail	1
production	1
dole	1
towards	7
folk	1
arts	1
repeated	1
met	4
ameliorating	1
wished	5
contempt	2
chaise	1
via	1
handiwork	1
chooses	1
there	58
entries	1
guided	1
contrary	3
fever	2
oh	2
spires	1
et	2
wonder	3
displays	1
lunettes	1
thou	1
imagery	1
enclosing	2
passport	1
quixote	2
predecessors	1
mention	4
smaller	1
prompt	1
swung	1
treasure	1
changes	1
total	1
opened	4
vex	1
instantly	2
pitiless	1
frighten	1
frightful	3
worms	1
tired	13
pastor	5
ariosto	2
other	27
purpose	3
shorter	1
portion	2
pays	1
pretty	3
disappears	1
stretched	1
dreams	2
afraid	6
balloon	2
trifling	1
ugly	1
untruly	1
suggested	1
excursion	7
delicacy	1
toil	1
sweetest	2
fires	1
discussed	2
extremely	1
specimens	2
chatterton	1
finish	22
unhappy	3
ho	2
around	3
■k>	1
thursday	16
wings	1
pike	7
amiable	2
virtue	6
suetonius	1
indirect	1
flowers	4
vieux	3
surrounded	3
slow	2
divulged	1
seriously	3
involved	1
youth	1
paying	1
continuing	1
earth	2
letter	65
dropping	1
result	1
gex	2
riot	1
gibbon	17
two	32
throne	1
against	7
flies	1
highest	3
month	8
aniseed	1
recognition	1
lost	8
reticent	1
extinction	1
lounge	1
estimate	1
b	2
pity	7
although	13
plainly	1
voltaire	5
wayward	1
telescope	1
proceeded	3
calamity	1
adolphus	1
days	11
disappeared	2
distinguished	1
profits	1
illustrious	1
insurmountable	1
thus	8
almost	9
calls	18
independently	1
cottage	5
up	55
clasp	1
kneeling	1
oi	1
quitting	1
pieces	1
still	20
scenes	5
proper	4
swinging	1
giving	6
procure	2
breezes	1
keynote	1
application	1
getting	1
recorded	1
herodotus	1
sad	1
theme	1
fruitless	1
develop	1
printing	1
preserved	2
whose	10
allowed	2
cause	7
background	1
thirst	1
bitterness	1
jesuits	3
remorse	1
different	1
vindictive	1
anniversary	1
manners	3
scruple	1
august	21
marlow	6
hailed	1
past	22
maison	1
footing	1
rights	1
suffer	1
lend	2
albemarle	1
seemed	2
settling	4
party	2
lambert	5
on	161
radically	1
spray	1
plight	1
white	3
idleness	2
aside	1
indolence	1
impressions	2
management	2
thinks	1
neufchatel	1
lay	3
idealise	1
everywhere	1
create	2
direct	1
however	32
steep	1
masters	2
observation	1
cam	1
manufactories	1
fitting	1
papers	2
lover	2
finest	3
blooming	1
gone	14
posthumous	1
acquainted	1
equality	2
entertained	1
habits	1
hue	1
dismal	2
seeking	1
realised	1
amanuensis	1
softness	1
smoked	1
since	15
cathedral	1
hesitates	1
caused	2
unable	2
yellow	1
speedily	1
giaour	2
broken	3
episode	2
putting	3
sons	2
strates	1
lips	1
its	34
waiting	1
description	3
united	4
mixed	1
tranquil	3
amadis	1
eminence	1
relation	1
remember	3
marked	2
least	9
prize	1
evil	2
col	1
difference	2
yours	7
unrelenting	1
six	3
error	1
relieve	1
given	12
exertions	1
winds	1
fell	3
faintest	1
periods	1
dines	5
resting-place	1
clothe	1
aloud	14
begin	6
heights	1
risks	1
seldom	2
wordsworth	2
am	50
needing	1
appealing	1
raised	2
reigned	1
increasing	3
harbour	1
plan	8
narrow	2
chiefly	3
articles	1
sell	1
servant	2
terrified	1
rough	2
shepherds	2
arising	2
monitors	1
told	14
novel	9
legal	3
offered	1
wolls	1
finished	5
many	16
mountains	12
odious	1
kind	11
cla1rmont	1
couch	1
way	13
strange	1
ceremony	2
inevitable	1
appearing	1
robertson	1
coals	3
attacked	2
page	1
loaded	1
persecute	1
pursuits	1
intense	1
responsive	1
stone	2
plans	5
my	148
exhausted	2
kitchen	1
searches	1
appending	1
appeared	4
busied	2
great	42
dared	1
year	16
rashly	2
cruelty	1
single	2
tasso	4
wide	2
mules	1
declines	1
himself	14
press	2
fascinating	1
guide	2
inhabit	2
opinion	4
peeps	1
descended	3
baxter	2
runs	2
tavrov	1
generally	3
enlightened	1
patience	1
fresh	2
warm	3
ninth	1
liquors	1
con	1
lecture	1
sarcastic	1
whitening	1
fellow	2
interview	2
your	73
sat	3
transcript	1
illusions	1
harlowe	1
dispositions	1
formerly	3
drury-lane	1
song	2
perpendicularly	1
pleasant	2
never	39
help	3
locke	3
afforded	1
woman	5
acquiring	1
milt6n	1
february	13
quickly	3
state	7
literary	2
fifth	1
fact	2
going	13
beautiful	8
essential	1
bottle	3
tearful	1
cold	6
allowing	1
imagines	1
seducers	1
low	3
consented	1
declaration	1
individuals	1
mended	1
finally	4
titian	1
understanding	4
make	12
repay	2
tiresome	2
myriad	1
undertake	1
lower	3
has	75
preternatural	1
resolutely	1
squaller	1
linen	2
nagging	1
strength	1
overhang	1
causes	2
plays	5
reversion	2
attached	1
da	2
tranquillity	4
to	919
tragedy	1
even	19
trash	1
take	16
salere	1
especially	2
gratitude	1
sake	6
regretted	1
fraternise	1
necessities	1
gives	5
intelligence	3
tete	1
impulsive	1
avalanches	2
sisters	1
youths	1
frost	1
^"1ooo	1
cassd	1
indirectly	1
zealously	1
letting	1
set	13
carried	3
believed	2
moving	2
disgusting	2
beloved	4
cared	2
du	1
shopping	1
manner	7
sides	1
requires	1
leaning	1
escorted	1
phillips	1
understood	1
sedulously	1
ment	1
painter	2
terrible	1
whitton	2
conspiracy	1
mistress	1
graphic	1
happy	17
land	1
become	6
girls	2
permanent	2
drunken	1
disappearance	2
allegation	1
police	1
scattered	5
h6tel	2
states	1
openly	1
souls	1
system	1
water	9
contradicts	1
silent	1
friendly	2
tedious	1
elevated	1
hands	3
sufficiently	3
proceed	2
darting	1
firmness	2
filed	1
ones	1
explicit	1
darling	2
cavern	1
sternly	1
wasted	1
expect	5
wreathed	1
overwhelming	1
mother	8
much	46
french	13
servants	5
died	1
down	31
churchyard	1
inclination	1
regard	2
raise	2
beams	2
sentiment	1
rest	7
stillness	1
confirmed	1
shown	1
bridge	2
shelter	1
invisible	1
exceedingly	1
leave	6
beasts	1
effect	6
endurance	3
conscience	1
saying	2
peculiar	1
endued	1
thinking	2
indulged	1
wisdom	2
stalk	1
shady	2
mingling	1
hope	18
profligate	1
apprehension	1
devotion	2
quintus	2
sells	1
range	1
winged	1
poured	1
detestable	4
overshadowed	1
move	3
despairing	1
motion	3
became	5
marriage	4
possessed	4
quarters	1
injured	1
fleetwood	1
attachment	2
arabic5+digit	1
spent	6
original	1
projects	3
chronicle	1
sundry	1
hair	1
feel	8
laid	1
euripides	1
chance	1
warmly	2
conversations	2
rural	1
tented	1
manipulation	1
expanse	2
household	3
hallowed	1
injury	1
lovely	3
insulting	3
whatever	2
assumed	1
influences	1
wonderful	3
garrisons	1
knock	1
pretence	1
mine	3
kensington	3
intelligent	1
patois	1
unformed	2
le	5
incapacitated	1
fashioning	1
field	2
image	1
mankind	5
occasional	1
threw	1
principally	1
west	4
diable	2
looked	4
comply	1
occupied	2
excitement	2
rejoice	1
composed	2
higher	2
chaucer	3
step	2
leaving	4
thousand	1
preachments	1
sympathetic	1
wofully	1
others	10
gentle	1
red	1
dreadfully	1
disposed	2
mode	2
hindered	1
cottages	1
gloom	7
radiance	1
quoted	1
fatigued	2
imitate	1
heavy	2
visits	2
wind	5
extraordinary	1
♦two	1
liberal	1
arrival	5
gallery	1
day	63
advantage	1
stint	1
that	279
florid	1
aspire	1
alive	3
fancy	4
until	8
escort	1
genuine	1
dawn	1
reported	1
train	1
false	4
appointed	1
cheapness	1
shutting	1
styles	1
several	14
insolent	1
finer	1
butterfly	2
sacred	1
complain	1
humming	1
necessary	2
announced	3
suggestion	1
collapse	1
invades	1
kisses	1
sympathetically	1
driving	1
conventional	1
discovers	2
welfare	1
yearned	1
electricity	1
restless	1
energy	1
intricate	1
boating	1
differences	1
miss	8
parliament	2
flocks	2
enjoined	1
all	125
acute	1
gale	1
trajan	1
cakes	1
confided	1
repeats	1
images	1
dressed	2
heroism	1
once	10
success	2
shed	1
suspected	1
relations	2
laudanum	2
subside	1
jth	1
exerting	1
terrific	1
inheritance	1
enable	1
deserted	4
address	4
not	223
prevented	1
twilight	1
possess	1
mixture	1
dwell	1
dark	7
interruptions	1
sense	4
prudence	2
vines	1
roar	2
residence	4
morrow	1
understands	1
adhered	1
regent	1
difficulty	2
dare	2
nearly	3
unsuitable	1
spoken	2
attention	3
intervals	1
vathek	1
charms	1
preaching	1
good-humour	3
contemplated	1
surmised	1
daily	2
account	13
vigorous	1
unlicensed	1
longer	3
compared	2
menservants	1
conditions	1
depart	2
substances	1
depravity	1
paced	1
hook	2
approaches	1
supposed	1
boast	1
carlnot	1
anywhere	2
dreary	3
terror	1
things	20
acknowledgment	1
feet	1
tragic	2
beds	1
sussex	1
final	3
peace	11
if	50
admiration	2
allies	1
fascination	2
responsible	1
spirits	9
confession	1
des	2
neglect	1
creating	2
awake	1
lucian	1
explanation	1
motions	1
liking	1
show	3
forgotten	1
horribly	1
board	3
abnormal	1
confounded	1
foot	8
nominally	1
younger	1
described	2
sanguine	1
nerve	1
considerably	1
loved	2
superficial	1
pale	2
talk	53
devise	1
hearing	1
upstairs	1
quelled	1
sun	10
found	14
intellectual	7
swiss	2
threatening	1
subject	4
palaces	1
insufficient	1
magis	1
death	14
shadow	3
hungry	1
during	21
yourself	6
tragedies	2
from	169
needed	1
oppressed	3
haughty	1
chaos	1
community	1
somewhat	2
join	2
sous	1
engagement	3
details	1
where	23
living	8
witness	2
demanded	2
incident	1
tones	1
smallest	1
bower	1
rained	1
select	1
equal	2
cheque	1
creatures	1
detested	1
had	146
offering	2
northern	1
worries	1
depression	1
cat	1
carriage	2
imitation	1
truly	3
court	2
knowledge	3
elegant	1
pencil	1
tomove	1
impotent	1
dedication	1
tract	1
trying	4
enjoyed	3
fontenelle	2
joins	1
rises	6
value	3
poem	8
manuscript	1
retired	1
enthusiastic	1
body	2
exception	1
bounds	1
incidents	1
did	38
minds	2
peaceful	1
kindly	1
regained	2
insensibility	1
none	6
departs	2
east	1
time	56
attacks	1
exercise	2
groom	1
spend	6
prison	2
respite	1
hideous	3
1st	1
charm	1
nerves	1
arabic3digit	82
despite	1
hog	1
acuteness	1
afflicted	1
see	43
felt	4
pride	3
5th	1
instance	2
snowed	1
observed	1
simplicity	2
god	2
soul	1
collect	1
returns	21
spends	7
pledged	1
loathsome	1
finances	1
tablespoonful	1
unsuspecting	2
ourselves	4
o'clock	7
side	12
meet	14
dart	1
deepest	1
grasshoppers	1
comment	2
disturb	2
hung	1
bonaparte	2
saturday	23
founded	1
presented	3
threatens	1
impossible	5
coolly	1
belong	1
pond	2
penetrateth	1
disagreeable	2
obliterated	2
lesson	2
author	1
encounter	1
ungrudgingly	1
hour	10
prepare	1
agitated	3
duke	1
materials	1
expressive	1
dynasty	1
kings	2
wrong	1
pancras	7
sensations	1
gift	1
very	107
queen	2
ushered	1
few	13
refinement	1
audacious	1
betrays	1
finishes	7
satisfactory	1
blame	1
really	2
clothed	2
marred	1
prevail	1
injuring	1
overshadowing	1
enmity	1
shrank	1
twelve	5
fraught	1
conceived	3
ravines	2
stamp	1
crossed	1
awakened	2
remembered	1
herself	12
reminiscence	1
wait	3
rejoicing	1
rather	8
guard	1
affectionately	2
preceded	1
begs	1
touched	1
airy	1
would	61
mechanism	1
delight	1
occur	1
beyond	8
l'allemagne	1
heaven	4
painful	7
ticket	2
abstain	1
pounce	1
aspirations	1
elfin	1
contains	2
they	101
medical	1
helped	3
bishop	2
middle	3
indelicate	1
thought	18
formed	1
marshalls	1
second	4
how	27
pray	8
transaction	1
open	3
brilliant	3
fr1end	1
individual	1
natures	1
receipt	1
depend	1
mannering	1
loose	1
abstained	1
confines	1
sunk	1
unexpectedly	1
bungle	1
speculative	1
one	83
poets	6
determination	1
harshness	2
said	18
midnight	3
arise	1
satisfying	1
hollanders	1
submit	3
starve	1
allow	3
left	16
mirth	1
satisfied	1
notwithstanding	2
distress	3
illness	1
leaves	3
amount	2
affords	1
week	11
wherry	1
music	3
acceded	1
goodnight	4
definite	1
sleepy	3
occupation	1
lodging	1
daresay	1
mature	3
receiving	2
failed	1
intention	3
treachery	1
stayed	4
turn	5
fallen	1
phantom	1
violent	4
scent	1
maintaining	1
unreasoning	1
repine	1
worst	3
able	4
religions	1
mist	2
longed	2
repent	1
apartments	3
lamented	1
concealed	1
divinity	1
wine	1
destroy	1
shutters	1
guardians	1
addressed	3
aught	1
confesses	1
along	4
instant	1
picture	4
apparently	1
concessions	1
neighbourhood	3
shortly	2
headache	1
treasures	1
partly	2
could	39
confer	1
simultaneously	1
towering	1
green	2
tableau	1
ossian	1
trembles	1
luxuriant	1
information	4
sporting	1
sets	2
unkind	1
spirit	5
tinged	1
ready	3
sees	2
expected	9
written	16
a	487
hate	1
estates	2
delusion	1
civil	1
advice	1
romance	3
adieu	6
salve	1
fashioned	1
attractive	2
taking	6
candide	1
pursues	1
architecture	1
dance	1
alba	1
rapidly	1
beatings	1
destruction	1
astonishment	1
wandering	1
vainly	1
ghastly	2
possibly	2
facing	1
frankly	1
infected	1
boy	1
clearest	1
angry	8
correspondence	3
sea	1
heard	8
profane	1
quitted	1
perhaps	20
torrents	1
coffeehouse	2
friends	13
street	30
barrier	2
mark	1
readers	1
colliers	2
egg	1
asylum	1
confirms	1
necessity	2
terrify	2
outline	1
eloquent	1
diary	5
brilliantly	1
voice	2
bitter	1
heap	1
appear	4
definitive	1
meantime	2
instinct	1
power	8
sympathise	2
april	8
avowed	2
point	3
brother	4
else	5
free	3
position	2
honourable	1
published	4
promenade	1
ridge	1
softened	1
lamb	1
hymn	1
successive	1
spoke	1
hunt	5
picturesque	1
puritanism	1
moments	2
tell	22
unsuspected	1
azure	1
double	1
curdle	1
asleep	1
ovid	17
describe	3
sacrifice	2
obtains	1
command	1
feminine	1
next	17
fairy	1
courts	1
event	6
artificial	1
philosophy	3
fired	1
dreadful	5
pecuniary	1
taught	2
continually	3
expressed	2
loss	2
keeps	1
threatened	2
gunpowder	1
stops	2
armour	1
might	18
mainly	1
assurance	1
safety	1
visit	7
grey	3
sickness	1
bedside	1
opinions	3
horror	6
dirty	1
attempt	1
pemberton	2
philosophical	3
him	125
behold	1
matter	3
instances	1
boiteux	2
attract	1
inexpedient	1
mazeppa	1
dumps	1
play	5
word	2
blood	5
particularly	2
invention	4
records	2
budding	1
sight	7
ice	1
wake	1
apprehended	1
entirely	12
accounting	1
religio	1
prospect	5
settled	4
fourth	6
here	30
news	7
begins	2
rooms	1
ah	5
positively	1
lord	29
silly	2
standing	1
ministers	2
duty	8
uninhabited	1
aches	1
origin	2
guilty	2
utterly	1
affections	2
intimate	2
infinitely	1
sister	5
incidental	2
bills	1
reanimated	1
separate	1
occasion	7
avenue	1
means	6
originated	1
phantasm	1
industrious	2
yesterday	4
eatables	1
propernoun	222
lesprit	1
latterly	1
invocations	1
suppose	3
chatting	1
journal	20
isolation	1
alas	1
rejoiced	1
snowy	2
remembrances	1
twenty	2
delighted	4
watching	1
engross	1
millions	2
safe	2
benefactors	1
storm	2
oak	1
fathom	1
creator	1
ash	1
sick	2
s	3
boils	1
circle	2
storms	1
dt	1
pine	1
inquired	1
natural	3
burning	1
engaged	1
wanted	2
roots	1
lying	1
view	7
sophistry	1
society	4
malice	1
depths	1
send	24
sur	1
nineteen	2
lead	1
specimen	1
talked	2
october	20
confirming	1
acted	2
alarming	1
were	70
shone	1
doors	1
wretched	2
feelings	7
thunder	2
pack	3
drawing	2
jasmine	1
bond	1
notorious	1
steeds	1
intrigue	1
followed	2
organum	1
nor	13
kept	2
except	3
odd	4
uneasiness	3
old	7
voices	2
heeding	1
idle	2
pursue	2
rinaldo	2
vineyard	1
depth	3
favour	1
twig	1
fighting	1
murillo	2
them	52
thanks	1
drew	1
biography	1
exquisite	1
such	21
verdict	1
object	3
righteous	1
visiting	1
wilkins	1
choose	1
about	61
monk	2
express	1
chord	1
rewarded	1
tongue	1
hunts	2
referred	3
objected	1
genial	1
advan	1
till	25
scroop	1
appears	3
resent	1
ages	1
showed	1
sunshine	3
landlord	1
walks	6
main	1
antipathy	1
box	1
uninteresting	1
applied	1
farmhouse	1
milord	1
hired	2
women	5
head	5
referring	1
commenced	1
setting	1
awaken	1
romantic	3
soar	1
lie	1
governments	1
record	1
o	2
lease	1
villeneuve	1
frightened	2
forthcoming	1
particular	2
despair	1
harmony	1
therefore	6
government	5
amidst	1
active	1
wherever	1
disposition	3
letters	76
children	9
excellent	1
proclivity	1
spleen	1
appeal	1
experiments	1
requiring	1
saracens	1
hume	5
preface	1
affected	1
darkness	4
onward	1
plead	1
ferment	1
fantastic	1
incursions	1
eye	2
contemplation	1
counteracts	1
louvet	1
carries	1
owe	3
plot	1
trivial	2
disappointed	3
chamber	1
injustice	1
reflects	1
shut	4
common	1
masculine	1
impatience	1
constable	2
etc	6
disinterestedness	1
stanzas	1
tottering	1
principle	3
skin	2
greek	7
moved	2
intimacy	2
obtained	1
bleeding	1
city	3
birth	4
upon	23
dulwich	1
chops	1
gossip	2
opposition	1
complications	1
enumerates	1
vividness	1
forgetting	1
mount	1
hayward	2
pleasing	2
unworthy	2
truest	2
possible	9
entreat	4
cultivated	1
evening	100
adoring	1
avoid	1
part	24
morning	36
strained	1
parted	1
reassure	1
added	3
converse	5
makeup	1
tormented	1
association	1
walk	27
aunt	3
discovered	4
fit	2
decision	2
minutes	1
arrest	3
reverie	1
expenditure	1
reception	2
opening	2
tops	1
put	12
chose	4
piny	1
union	1
under	10
is	248
brain	1
sunday	20
helpful	1
knotted	1
elapse	1
conclusion	1
actual	3
deal	4
glace	1
io	1
darken	1
shore	3
level	1
private	1
corner	1
tribe	1
restored	1
kissed	1
money	20
cheer	3
gay	1
permission	1
refusal	2
heats	1
manufactured	1
republican	1
substance	1
unbounded	3
disadvantage	1
upholsterer	1
resolved	2
reaction	1
powerful	3
dashing	1
dull	1
consequently	1
glassy	2
ports	1
mechanics	1
eating	1
afford	3
vulgar	1
instead	1
discover	2
jealousy	1
swift	1
withered	1
professional	1
rocks	4
hatred	2
occurred	1
me	114
office	1
fleeting	1
countenance	1
anguish	2
member	1
wicked	1
enormous	3
jury	1
ignorance	1
cure	1
spermaceti	1
milk	1
cut	2
lingering	1
reconcile	1
theatrical	1
ensuing	2
waterfall	2
chancellor	1
proved	3
interested	2
buildings	1
prescription	1
sober	1
mysterious	1
ringing	1
companion	2
ultimate	1
draws	1
afflict	1
opium	1
oblige	2
hospitality	1
foreign	4
paradise	2
dread	3
tuesday	16
inquire	1
back	18
sure	3
mean	8
activity	2
proposition	1
funeral	1
mashed	1
watch	2
thoughts	7
through	16
antiquary	1
sawyer	1
fast	5
weakness	1
communicated	3
expecting	2
ordinary	2
weeks	6
good	24
turned	4
loans	1
placed	2
statements	1
affair	1
mown	1
while	16
worlds	3
vols	7
hampstead	2
this	151
shapeless	1
corn	1
aiguilles	1
completely	1
desks	1
sailing	1
marshal	5
proof	1
th	3
infant	4
alarmed	1
scenery	2
magnificent	2
broad	1
robinson	1
expects	1
working	2
curiosity	4
favours	1
surpass	1
unwell	15
tageous	1
x/f£	1
fright	1
girlish	1
kindred	1
glad	2
voyages	1
waited	2
passive	1
purposes	1
perpetually	3
cockchafers	1
grandfather	2
ardently	1
clefts	1
tunna	1
heat	1
square	6
christabel	4
spreading	2
document	1
obliged	6
mental	4
delightful	10
usual	12
employed	3
sordid	1
apothecary	4
conversation	5
tossing	1
lucretius	2
arousing	1
arabicprice	6
speak	11
north	2
prostitutes	1
commands	1
excursions	3
allude	2
bird	2
sorrow	2
eyes	9
proofs	1
ere	1
notes	2
path	1
likely	2
sends	4
maintain	1
gold	1
bleak	1
naturally	1
endows	1
does	23
appertain	1
deliver	1
cleanly	1
acknowledge	1
subdivided	1
ceaseless	1
conduct	3
drifts	1
rainy	2
neglected	1
tomorrow	14
slight	1
gcd	1
restrained	1
indissoluble	1
only	47
length	7
forgive	5
placename	121
extent	3
fail	1
experiences	2
clothes	1
mutton	1
envying	1
baronet	1
cantos	1
sympathy	4
divinely	1
list	2
precipices	1
demand	1
intentions	1
walked	1
drop	1
relieved	1
intercourse	2
already	4
shakespeare	2
some	51
affairs	12
capabilities	1
content	1
shines	1
speeches	1
remarked	1
benevolent	1
besides	3
inaccessible	1
do	69
sunny	2
heartless	1
wrote	13
strawberries	1
recurred	1
admitted	1
debt	1
waverley	1
dress	1
destination	1
freedom	1
y	1
ailments	1
spring	3
june	6
spread	1
anxious	10
everyday	2
blackness	1
custody	1
slavishly	1
chemistry	1
promissory	2
discussion	1
prove	1
threaten	1
exchanged	1
ignorant	2
british	2
ham	2
traced	1
ought	8
prescribe	1
cicero	2
dead	7
victims	1
snow	8
labour	1
thucydides	1
also	15
fledged	1
requesting	1
teased	1
solitude	3
^1ooo	1
historian	1
perception	1
thing	11
healthy	2
reasons	1
clarke	1
surroundings	1
justify	1
embody	1
running	1
assisted	1
hoped	1
excited	3
arrange	1
suspense	1
remove	1
packing	1
public	3
knows	3
asserted	2
thyself	1
confessions	1
friendship	3
