an	40
declared	2
heads	1
defoite	1
league	1
foremost	1
reins	3
perceived	1
emotions	1
proceeding	1
t/je	1
throne	2
forming	2
till	5
fifth	1
manage	2
notexcepted	1
twinkling	2
ulcer	1
ofyeflo	1
pence	1
torture	1
several	1
producing	1
ascend	1
enim	1
vicissitudes	1
neft	1
eifedl	1
destroys	1
thou	2
fine	1
mtx\{q	1
oratortaycho	1
equitable	1
occaiioning	1
blaze	1
thought	3
prosecution	1
damned	1
kind	2
colours	1
nature	2
plain	1
instrument	1
pounds	1
accomplished	1
frequently	1
prince	4
muiic	1
thither	1
prey	1
proved	2
bulldogs	2
commotions	1
fire	2
niutilated	1
thecrier	1
imagined	2
remarkably	1
thyfpirits	1
ren	1
squeezed	1
ally	6
part	6
scale	3
still	4
below	1
only	10
lydian	1
thon	1
fadlions	1
infamous	1
distinction	1
quam	2
hill	1
th€	1
discovered	2
every	8
shameful	1
intelligent	1
proper	3
sensible	1
cho	2
cafe	3
coincided	1
gladiator	1
aich	1
before	3
decline	2
near	3
inoxa	1
acu	1
sufficient	1
towards	1
infuse	1
housekeeping	1
powerful	1
delay	1
chief	5
wife	1
drawn	1
lower	1
torch	1
wish	1
ills	1
neutral	1
holiday	1
certified	1
greeks	1
ilhiftrious	1
bha	2
capitulation	1
immemorial	1
early	1
dispositions	1
universal	3
yet	2
hob	1
talk	1
cause	1
andfcuuions	1
full	1
miighteftbe	1
perfectly	1
ejaculations	1
govern	1
sauce	1
patronising	1
harangues	1
kumf	3
hole	1
judicious	1
squadron	1
restored	1
sure	1
member	1
ofobans	1
mother	1
joy	1
ruler	1
hurt	1
acflagainft	1
minister	1
firmly	1
plundered	1
news	2
two	13
injedted	1
creation	1
generals	3
i'be	1
did	14
perspective	1
whistled	1
far	3
accompanied	1
theaccarfcd	1
mind	3
personas	1
hounds	1
female	1
utterly	1
tidings	1
humaji	1
simple	1
suspected	1
new	9
compositions	1
oil	1
five	2
original	1
irt	1
tottenham	1
yan	2
bound	1
prefer	1
advised	1
service	3
disputes	1
mathematical	1
schemes	3
neither	2
besides	2
vice	1
fanaticism	1
td	1
confounded	1
machine	1
light	2
occasion	3
blindfold	1
retained	1
aflbciated	1
personalname	3
theory	1
eagerness	1
at	25
insinuation	1
walls	2
bupo	2
elevated	1
unparalleled	1
inferre	1
mention	1
through	3
distance	2
state	2
galleries	1
moria	1
pronounced	1
disease	1
assembled	1
vln5ta	1
let	2
fortress	1
likewise	1
nice	1
fundamental	1
woman	1
minority	2
expelled	1
won	1
traveller	1
dozen	1
though	6
beast	7
extravagances	1
thins	1
added	1
boatlwain	1
debt	1
kick	10
along	1
not	37
connected	1
efforts	1
curtailed	1
abridged	1
duorwm	1
cf	2
centred	1
distressing	1
affeded	1
hunger	1
smoke	1
seems	1
knowledge	2
bours	1
kaha	1
scurrility	1
resolutions	1
happened	1
considerable	1
peculiarly	1
exactly	1
honour	5
alt	1
cloud	1
actions	1
industriously	1
orator	13
ascribed	1
mixture	1
fortune	3
avarice	1
khutt	1
preferment	1
mud	1
quack	1
many	2
mediation	1
durft	1
promulgate	1
poor	1
obtained	4
making	3
democratic	1
ab	1
field	1
coun	1
north	1
talents	2
bullock	1
poffelted	1
dragging	1
became	1
peripatetic	1
conduct	1
betwixt	1
revile	1
ran	1
charge	1
roused	1
wnf'heit	1
convert	1
bama	1
carry	2
assisted	1
liould	1
money	4
borrowed	1
whang	2
talentsor	1
majesty	2
perseverance	1
receive	1
advantages	2
empire	7
feo	4
fime	1
spirits	1
projected	2
whillle	1
slept	1
fi	1
interest	9
aim	2
thaf	1
milked	1
fun	2
armaments	1
quo	3
beginning	4
minus	1
me	1
happily	3
glyfter	1
yoke	1
made	12
abject	1
security	1
fliiver	1
outlived	1
benefit	1
off	4
faculties	1
excluded	1
\\\€\x	1
factions	1
style	1
soon	2
cries	1
bandage	1
cherish	1
tanti	1
continent	5
thetwenty	1
because	8
amused	1
season	1
conceits	1
emoluments	1
quite	1
infatuation	1
relations	2
southern	1
door	1
done	2
head	3
fend	4
nation	3
fragile	1
attempt	1
command	2
been	13
times	2
bestowed	2
ancients	1
distress	1
inactivity	1
fpherej	1
formerly	2
coail	1
die	1
whose	3
wag	1
thedairoandhis	1
hide	1
foresee	1
constant	1
sey	4
make	7
time	10
lingered	1
having	6
marches	1
impradicable	2
board	1
administration	4
undergone	2
round	1
retreat	1
intervals	1
duration	1
fettled	1
posture	1
prophettaycho	1
sacrifice	1
craved	1
campaign	2
mufie	1
who	35
veins	1
benighted	1
sagacity	1
erudition	1
generally	2
author	1
fly	1
branding	1
khan	4
treaty	2
gambols	1
motives	1
perceiving	1
type	1
relative	1
detachment	1
on	34
dull	1
consequently	1
hand	4
chamber	1
liberal	2
eyes	2
puncslilio	1
interfered	1
officers	3
monster	6
themantchouxtartars	1
gladden	1
instant	1
egg	1
called	5
jecfted	1
also	1
concords	1
wheels	1
way	5
illulions	1
ruin	3
much	7
bard	1
choosing	1
speed	1
choice	1
vol	2
put	4
evil	1
continued	3
alarm	1
otherwise	1
teen	1
being	9
continual	1
conceal	1
forts	2
trial	1
fand	1
breakfast	1
famekind	1
our	2
qualified	1
wing	1
members	1
dazzled	1
attached	1
well	5
kv^vi	1
lad	1
employed	4
tables	1
f	1
known	2
tropes	1
nedidine	1
hesperus	1
inevitable	1
windmills	1
chiefs	2
hath	1
seton	1
division	2
second	1
comprehend	1
poo	2
science	1
truckle	1
placename	32
divided	1
mioftart	1
drawino	1
where	4
tion	1
poetical	1
/jac	1
rode	1
fubfidizin?brut	1
turned	4
nour	1
temple	2
emperor	9
attack	1
ferment	1
for	53
whiille	1
lurch	1
philosopher	2
custom	1
romannumeral	9
naval	1
suited	1
descent	2
fture	1
face	3
promotion	1
caused	1
exercise	1
barbers	1
hag	1
com	1
ranked	1
domestic	1
recommended	1
us	2
freebooter	1
composed	1
already	2
ion	1
buttocks	2
fokh	1
landing	1
ignorant	2
laries	1
i<lt\\	1
huge	1
declaring	1
elian	1
confine	1
fame	9
up	11
sometimes	1
iliidies	1
individuals	3
ad	1
sole	1
free	2
people	7
diflatisfacftion	1
cry	1
profound	1
declares	1
prqved	1
undergo	1
hard	1
thickened	1
golden	1
groan	1
preceptors	1
candles	1
blood	6
literary	1
ed	2
superfluities	1
refer	1
until	1
bron	5
brought	3
tij8i	1
benejfit	1
diet	1
grand	3
tartar	2
vernment	1
st	1
thinking	1
lore	1
journey	1
province	1
think	3
diibb'mg	1
oi	2
absurd	1
maxims	2
physicians	2
established	2
length	1
eigh	1
burrowed	1
deceased	1
trophies	2
inasmuch	1
apostle	1
force	2
prime	1
your	1
youth	1
bodyguard	1
want	1
conclude	1
of	352
describes	1
constitution	1
actually	2
effcd	1
discussing	1
metamorphosis	1
success	4
taught	2
god	3
these	13
illustrious	1
ur	1
come	1
must	3
contempt	1
admiration	1
horror	1
closer	1
health	1
anything	3
pulling	1
instead	2
measures	1
fententiam	1
maybe	1
scarce	1
thereof	1
elated	1
enjoyed	1
ftock	1
more	16
fears	1
appoint	1
irons	1
roast	1
proprietor	1
likely	1
honoured	2
granted	1
matter	1
descendant	1
divert	1
heart	1
particularly	1
cuffed	1
fmce	1
chiteds	1
cooks	1
donatus	1
islands	1
stimulated	1
constructed	1
hands	1
contracting	1
saluting	1
securing	1
bliilers	1
regulated	1
immense	2
live	1
surprisingly	1
difiio	1
came	2
forced	1
this	55
sterling	1
fo	13
settlements	4
office	1
phal	3
ago	1
pray	1
whole	6
chariot	1
excelled	2
meddle	1
apprehensions	1
nay	2
axletree	1
council	9
strange	1
drink	1
amicably	1
turns	1
setup	1
patronise	1
from	35
leave	3
entertainment	1
blessed	1
kaka	3
food	1
majeily	1
different	1
lace	1
qua	1
ambassador	1
brood	1
ter	1
nacks	1
leen	1
traitors	2
hung	1
favourites	1
forgotten	1
acquisition	1
oidrub^	1
precept	1
seized	1
obliged	3
mark	3
might	6
foundation	1
its	13
epiphanius	1
patient	1
tartarian	3
fiiould	1
reprobated	1
dishonourable	1
morrhoijjay	1
uncandid	1
owed	1
hi'tuites	1
difguflied	1
teeth	1
rendered	2
victories	1
apothecary	1
intones	1
caution	1
mercenary	1
intimidated	1
indulgences	1
seen	1
lines	1
win	1
promised	1
hi/lory	2
name	2
support	2
customs	1
salutation	2
insensible	2
fcll	1
k	1
nin	1
pipe	1
beaifl	1
the	546
indeed	7
person	4
infect	1
enthusiast	1
excellences	1
village	2
friends	2
unpadlock	1
constituting	1
extremity	2
tails	1
cracks	1
h€	1
pads	1
hel	3
elevation	1
respects	1
tarantula	1
cursed	1
shk	1
acted	3
him	23
shi	3
fchatka	1
notice	1
ditches	1
shut	1
without	12
got	6
stretch	1
boh	2
commanders	1
land	4
ma	1
rude	1
gratified	1
bottom	1
rejoice	1
admitted	2
cuffing	1
peacock	3
perfect	1
elsewhere	1
annual	1
dispelled	1
accordingly	3
appointed	3
h	1
than	13
breathed	1
lethargy	1
there	5
knows	1
magnanimous	1
seem	2
slaves	1
trust	1
purse	1
hail	1
sea	4
was	110
thus	2
once	6
end	1
meal	1
abolish	1
related	2
maintain	1
tremble	1
parcel	1
bed	2
hate	1
whereas	2
na	2
liberality	1
tiffi	11
arts	2
praise	1
comedian	1
wonder	1
inland	1
abusive	1
ar	1
served	1
broke	1
propernoun	115
embraced	1
pocket	1
rich	1
hundred	4
connexion	1
kicked	3
run	2
prayers	1
hyub	1
oppressed	1
operation	2
multitudinous	1
bosom	1
jealaufy	1
ob	1
hooter	1
imperfect	1
drum	1
moon	1
experiment	2
articles	1
retrenched	2
obans	2
blessings	1
exploit	1
is	28
poet	1
farm	5
princess	1
centuries	1
graze	1
agitation	1
servants	1
require	1
system	1
body	1
compromised	1
unsuccessful	1
fulnmians	1
disposed	1
converted	1
altogether	1
men	7
seemed	8
alio	1
concert	2
true	2
proclaimed	1
composition	1
cicero	1
wsr	1
puffendorf	1
cuilom	1
yak	14
re	3
transports	2
sent	2
lrot	1
importance	1
become	2
gradually	2
condition	1
told	1
ing	2
number	2
opened	1
naturally	1
righteousness	1
impression	1
burning	1
afew	1
uncertainty	1
chinese	15
thisfatfifian	1
opinion	1
expense	6
thee	1
shook	1
petition	1
example	2
danger	2
thinks	1
public	3
speculation	1
use	2
double	1
carriage	2
gained	2
millions	2
refuse	2
retaliation	1
gentium	1
plan	3
abolition	1
works	1
lie	1
kho	1
brut	11
fuel	1
nd	1
certain	4
ihades	2
attended	2
swallowed	1
stores	1
none	1
mount	1
least	1
imbibed	1
khanj	1
rising	1
young	2
retreated	1
sequel	1
illusions	1
jud	1
ensuing	1
faint	1
about	9
places	3
iion	1
longer	2
look	1
enemy	6
army	4
balmtng	1
disgraced	1
feeii	1
fort	1
read	3
nick	1
wed	1
cowardly	1
hock	1
inould	1
majority	3
monk	1
^ivickfy^	1
bewildered	1
ever	5
hama	4
arising	1
protection	2
away	1
earth	1
does	1
tartars	2
cold	1
yefto	2
twenty	1
dominions	1
borum	1
her	7
harna	1
battle	1
connoilteurs	1
rather	1
luenokt	1
eaer	1
ticket	1
skilled	1
fatal	1
pitch	1
never	4
owa	1
fubje^t	1
fide	2
accept	1
then	8
struck	1
human	1
illiberal	1
compliment	1
next	2
bite	1
filled	2
mean	1
rhapsodies	1
scheme	6
pacioufnefsp	1
drubbed	1
farthest	1
habitation	2
glorious	5
patron	1
although	1
aiirum	1
nothing	7
popular	1
private	1
jack	2
twelve	1
saw	4
extremely	2
destroyed	2
inscription	1
cancerous	1
refearcheg	1
evacuations	1
truly	1
chemist	1
bliflers	1
last	4
capital	2
infidek	1
pensions	1
chink	1
defence	3
project	1
diverse	1
growing	1
affairs	1
bye	1
vengeance	2
terrors	1
trembled	1
parties	3
recalled	1
condu(^l	1
genius	7
one	15
cheer	2
no	21
displayed	1
piles	3
conteff	1
digging	1
discomfited	1
heit	2
cudgelled	2
himfelfintirely	1
jure	2
destination	1
insolent	2
pretend	1
adjel/lione	1
tribe	2
presented	2
aulpicious	1
homage	1
mountains	1
wholly	2
orichalco	1
insulted	1
fori	1
administered	1
effectual	1
valuedhim	1
mountaineer	1
rudiments	1
paper	1
species	2
powers	1
father	3
founds	3
kha	2
acquire	1
a	135
discharged	1
repining	1
endued	1
expedition	1
expedient	2
maxim	2
refoived	1
necessary	1
memory	1
falt	1
shall	2
respect	1
singular	1
connoisseur	1
pose	1
justly	3
followed	1
negkded	1
indifferent	1
jdredominated	1
andbaglivi	1
diminish	1
said	4
knave	2
may	3
caustics	1
further	1
armament	5
always	7
vast	1
beaten	1
gim	1
oration	1
demonstration	1
overbearing	1
loads	1
drive	1
period	1
tv/enty	1
itself	3
bones	1
painting	1
appears	1
flood	1
day	4
tibia	1
king	2
thedairo	1
unheard	1
pythagoras	1
ought	2
equipment	1
adoration	1
indian	1
thousand	2
order	3
tilk^	2
persecuted	1
bleeding	1
reigns	1
co	1
outward	1
produced	3
gio	14
kneeling	1
tkcm	1
bewitched	1
corruption	5
excursions	1
blew	1
contrary	1
quarters	3
tavcho*s	1
situated	1
provided	2
sometime	3
marrow	1
which	58
knees	1
khumm	1
exposed	1
conceived	1
umf	2
appearance	1
thread	1
distinguished	2
if	3
mians	1
pends	1
left	5
mobile	3
audience	1
profession	2
in	139
armies	1
umf'heits	1
religious	1
expended	1
days	1
discretion	2
tail	2
tender	2
country	4
used	2
precisely	1
coco	1
cares	1
loud	1
best	1
boundaries	1
disturbance	1
cafes	1
intoxicated	1
ascended	1
among	3
his	131
thedairos	1
pursued	1
finish	1
0'^	1
fika	4
yearly	1
english	2
exiting	1
silently	1
fyn	2
perfuade4	1
cudgelling	1
beair	1
eight	2
grossly	1
remedy	1
keep	3
flerlino	1
hearing	2
conquest	1
nor	5
shows	1
year	3
lucrative	1
jealouiy	1
ftrot	8
furnish	1
studied	1
superlative	1
why	1
child	1
lived	1
vanidied	1
ft	1
thefhambles	1
smooth	1
summons	1
discomposed	1
processions	1
most	4
pimto	1
drubbing	1
decayed	1
triumph	2
clock	1
balance	1
s	1
unhappy	1
yeito	3
colony	1
stipends	1
found	9
harmony	1
utmost	1
fell	5
amounting	2
paroxysm	1
apartment	1
kakh	2
failed	2
here	2
besieged	1
announce	1
family	1
self	2
moreover	1
performed	2
ca/k	1
old	4
bing	1
nestled	1
obtain	2
legion	1
behalf	1
death	1
court	5
military	2
princes	1
quab	4
paces	1
projeding	1
disposition	2
trans	1
taper	1
eji	1
contract	1
teach	1
worsted	1
commanddevolved	1
territories	1
kept	2
freedom	1
again	2
rain	1
formed	1
three	5
explosion	1
fascinating	1
atom	1
knight	1
deserted	2
value	1
satisfied	1
winter	4
nob	1
will	2
attitude	1
with	65
lilio	1
resembles	1
smite	1
taken	3
commerce	1
torn	1
alliance	2
their	44
combat	1
bonzes	1
rear	1
dugs	1
those	9
saved	1
entirely	1
vigorously	1
i	13
risque	1
chattered	1
differences	1
saying	2
eastern	1
inclination	1
fixed	4
carries	1
admitting	1
setting	1
scratch	1
everything	1
dying	1
now	12
by	75
coast	2
fays	1
partly	1
prescribed	1
stubborn	1
fa	1
arabic1digit	19
usual	4
despised	1
tributary	1
crushed	1
emissaries	1
dismissed	1
any	10
expeditions	1
c«fs	1
across	1
wjlory	1
dise	1
establish	1
globe	1
provisions	1
honest	1
regulating	1
you	6
very	4
language	1
scalp	1
htjiory	1
french	1
determine	2
practised	1
view	3
meaning	1
ideas	1
pleasure	4
ministry	2
wings	1
reigning	1
malcontent	2
cruel	2
own	12
vi(flory	1
easily	1
populace	1
secure	1
bein	1
angel	1
renewed	1
retire	1
amorous	1
trading	1
morning	1
eafter	1
prepare	1
pro	2
athos	1
ki	1
talent	1
aloud	1
began	7
kicking	5
mob	1
bewail	1
kamt	1
deliberations	1
fifteen	2
alive	1
fleams	1
each	5
blind	1
blatant	4
romans	1
clothing	1
resolved	3
tops	1
play	1
obscurity	1
article	1
levied	1
employment	1
crown	1
allowed	1
tempering	1
deprived	2
northerly	1
whatever	2
went	1
interrupted	1
tic	5
tohn	1
summer	2
imitation	1
lay	4
above	1
over	6
invoked	1
i'he	1
philofooher	1
fuc	1
horn	1
acflually	1
perfoii	1
drew	1
thoughts	1
wont	1
neighbours	1
quakers	1
oecanomy	1
display	1
sympathy	1
inconsiderable	1
chimneys	1
notions	2
foul	2
whiilcers	1
collection	1
ended	1
universally	1
smile	1
non	1
hemisphere	1
ftone	1
banyan	1
parts	5
grotius	1
literally	1
signifying	1
undecifive	1
connexions	1
threw	1
frittered	1
iisht	1
ya	3
astronomers	1
lelibns	1
consternation	2
religion	1
assembly	2
natural	1
predicament	1
be	32
infringe	1
assemblies	1
rythm	1
draw	1
present	5
servility	1
surrendered	1
mali	1
exhortation	1
grease	1
guns	1
upright	1
except	2
gate	1
dny	1
iliare	1
oat	1
t^vi	1
insinuated	1
po	1
out	7
poisonous	1
ordure	1
iimf	1
under	6
certai^a	1
growled	1
phrygian	1
unfortunate	1
prolong	1
thickest	1
they	25
rum	1
concern	1
ilroyed	1
afurprifmg	1
r	1
felf	1
brass	1
houftiold	1
captain	1
former	4
xantippe	1
suspicion	1
vain	1
hoafliold	1
confonances	1
four	3
fail	1
fatz	1
kitchens	2
ancient	3
spirit	2
included	2
great	10
ready	2
dire	1
we	3
clami	1
terniination	1
anoint	1
grumbled	1
approbation	2
diversion	2
whom	7
afllired	1
texture	1
crotona	1
deterrriine	1
native	2
impatience	1
big	1
nata	1
etiquette	1
equipped	1
venerable	2
patriot	1
help	1
were	35
afflicted	1
mighty	1
cleavers	1
defensive	1
possible	2
adminiilration	1
owned	1
loaded	1
librarian	1
all	29
could	13
box	4
misfortune	2
peace	6
actnally	1
reduced	3
now'the	1
saucy	1
intoxication	1
fyfiem	1
lately	2
erroneously	1
stand	2
infi	1
drawing	1
words	1
cfjmeaco	1
provoked	2
education	1
started	1
adored	1
partiality	1
holy	1
sacred	1
hills	1
search	1
jlrot^	1
jollity	1
greatly	1
nearly	1
apartments	1
cpnverted	1
formation	1
economy	2
mirth	1
fotartarifed	1
gratification	1
mischief	1
revenge	1
honourable	2
veramque	1
laboured	1
popularity	1
have	12
canfult	1
hires	1
suffering	1
dreaded	1
prizingly	1
corriipit	1
sacrificing	1
frenchman	1
fresh	2
hurts	1
voice	1
effect	2
to	189
raised	2
good	7
predatory	1
fettle	1
protect	1
island	3
theredudionofkho	1
storms	1
ahpa	1
consented	1
numbers	1
annum	1
merit	2
punished	1
twice	1
possession	1
do	5
fliffand	1
try	1
soup	1
flight	1
waved	1
complete	1
inconvenience	1
heartily	3
hence	1
confined	1
favourite	2
fiat	1
scores	1
take	2
discourage	1
arrogated	1
man	6
hi	1
boldness	1
affect	1
business	3
simpler	1
collected	1
eve	1
impossible	1
whilst	1
retired	1
blail	1
superfluous	1
fum	1
leered	1
inaccessible	1
executing	2
turn	4
appearing	1
ra	1
socrates	1
even	6
concerned	1
adapted	1
increase	1
desired	1
measure	1
muttered	1
wah	1
action	1
rats	1
palace	3
appellation	1
government	6
resistance	1
sequestered	1
fenfibleofthe	1
tenement	1
what	3
others	2
analogous	1
place	2
grandame	1
v/heii	1
quantity	1
injure	1
shoulders	2
recovery	1
passion	1
ignoramus	1
slain	1
hold	2
publifii	1
afteded	1
severely	1
deterred	1
tor	1
hours	1
gallant	1
or	24
interval	1
ver	1
pacioufnefs	1
hce	1
faction	3
distemper	1
chagrin	1
my	3
supreme	1
expired	1
mr	1
fellow	1
brink	1
printed	1
offers	1
prevailing	1
everywhere	1
injuria	1
know	5
like	1
fubjedis	1
history	1
patriotism	1
them	11
music	7
circumstanced	1
silk	1
exceeded	1
chiefly	1
presides	1
ordinary	2
undervalue	1
stranger	1
absolute	1
succeeded	2
iarn^	1
graciously	1
meagre	1
beloved	1
inftanc	1
some	10
short	1
express	2
less	1
friend	3
ni	2
fappofed	1
peopk	1
pain	1
enabled	1
company	1
return	3
retrench	1
ail	1
dreary	1
precipice	1
feasible	1
proviso	1
timorous	1
possessed	2
luminary	1
remiss	1
bow	1
chivalry	1
e	5
otte	3
pretended	1
it	65
exceed	1
fealty	1
judgraent	1
poorness	1
engaged	1
deiiring	1
pans	1
melopceia	1
vas	1
raw	1
superintended	1
darkness	2
effedual	1
sepulchre	1
friendlliip	1
defeated	3
hook	1
o	8
thwacked	1
modes	2
too	3
disgust	1
crawled	1
vidories	1
horfc	1
extended	1
love	1
comforts	1
as	49
observe	1
quicken	1
dismiss	1
other	20
urn	1
general	8
rokhu	1
mortified	1
adversaries	1
epithets	1
worship	1
smear	1
gnawed	1
breech	4
intention	1
groped	1
cof	1
diredlions	1
exhilarates	1
however	10
affront	1
addressed	1
founded	1
£lrot	1
construction	1
few	3
charity	1
ceremonies	1
just	1
after	4
giver	1
d	6
intolerably	1
hoe	1
names	1
everybody	1
fool	2
dear	1
faints	1
discipline	1
pra<5tifed	1
course	2
decree	2
reasons	1
bestow	1
patiently	2
jit	1
fate	2
equal	1
horfes	1
dreamed	1
against	1
himself	11
reported	1
often	1
blame	1
friendship	1
offices	1
random	1
colour	1
received	2
successor	2
pulled	1
liar	1
surprise	2
observed	1
purpose	4
aft	1
crept	1
reserved	1
so	1
rattle	2
resulted	1
possibly	1
indnterently	1
prognoftlcate	1
mouths	1
appeared	1
perhaps	1
witk	1
heat	1
took	7
had	59
are	9
wooden	1
sti	1
feleffing	1
mura	1
unless	2
genera	1
quib	4
influence	2
adminiftrationi	1
nbos	2
inveterate	1
enough	2
odlave	1
another	5
delirious	1
relation	1
encountered	1
tell	1
fcenc	1
digram	1
tongs	1
find	1
hitites	1
ear	5
venture	1
genial	1
frtfure^	1
first	7
provision	1
fat	2
tak	1
providing	1
rule	1
implied	1
truth	3
loff	3
fon	1
sustained	1
proportion	1
impradlicable	1
diftreiled	1
mounting	1
pudvflure	1
caprice	1
knew	2
affeftion	1
designed	2
dreadful	1
secret	2
led	1
manner	1
falling	1
ten	1
mastery	1
able	2
ungovernable	1
inquire	1
thi	1
fortify	1
courts	2
organs	1
nov	2
engage	1
iron	1
priestcraft	1
fonie	1
loved	1
japo	1
leman	1
during	2
considered	1
secularised	1
tartary	8
crowned	1
winds	1
given	3
tilk	2
night	2
odave	1
plunder	1
fold	1
gw	1
such	12
determined	3
ximo	2
burden	1
either	2
convened	1
life	2
outrage	1
ured	1
difference	1
bead	1
practice	2
kennel	1
flap	1
little	3
delighted	1
upon	22
expensive	1
familiar	1
feat	1
invention	2
hoarse	1
beat	2
impolitic	2
disorder	3
plains	1
improvement	1
rancorous	1
ftephe	1
render	1
ftill	1
fubmltted	1
i'the	1
destruction	1
vigour	1
gy	1
dishonour	1
enemies	2
dumb	1
triumphs	1
cavern	1
faf	2
detach	1
consequence	1
ministers	1
braying	1
flandj	1
fleets	1
retorted	1
sovereign	3
merely	1
corea	2
wanton	1
cruihng	1
belli	1
yourfucceflionto	1
water	2
thefpring	1
between	2
grates	1
underwent	1
themselves	3
almost	1
drub	1
anti	1
taking	2
back	3
arms	3
sofar	1
gather	1
rhe	2
actuated	1
cruises	1
sorcery	1
how	6
institution	1
operations	2
small	2
preached	1
remonstrances	1
communicated	1
kicks	1
variety	1
defenceless	1
nothinir	1
when	12
opening	1
tried	1
long	5
begrudged	1
degree	1
therefore	4
diflantfituation	1
brayed	1
disgrace	3
into	12
thin	2
and	217
boys	1
hearts	1
gun	3
petty	2
cheek	1
combinations	1
th	1
phrase	1
she	4
driven	2
dark	1
culprit	1
half	1
demagogue	1
kin	1
undertake	1
negotiation	2
de	4
hisclofetthofe	1
apprentice	1
flrot	3
eye	2
numerous	1
imperial	3
spits	1
counted	2
soft	1
fixing	1
arabic2digit	4
booty	1
aites	1
adventures	1
scandal	1
whiskers	1
produce	1
favour	6
foe	1
kinsman	1
rife	1
transfer	1
patriarch	1
understood	1
subsidies	1
abortive	1
baba	7
carpet	1
nefe	1
conjunction	1
views	1
fanatic	1
household	1
fifio	1
doomed	1
advantage	2
tetrachord	1
foremcft	1
particular	2
bib	1
belonging	2
y	5
pacification	1
raft	1
zeal	1
minions	1
commander	1
resentment	1
ia	1
due	1
swelled	1
undergoes	1
design	1
adventurer	1
conjed	1
concur	1
applause	2
would	13
ofinces	1
lake	1
allowance	2
gold	1
pur	1
courageous	1
war	10
subject	1
victory	2
grumbling	1
ocean	1
should	5
third	4
entered	1
troops	3
frontiers	2
paid	1
advanced	2
attention	2
equally	4
principles	1
io	1
pieces	1
while	5
directed	1
opposite	1
phi	1
politicians	2
essay	1
immediately	3
kickjy	1
he	102
fall	1
kingdom	1
pupil	1
proud	1
successive	1
befl	1
powder	1
cem	1
that	74
wagon	1
power	2
spot	1
tub	1
ambition	1
plans	3
calumny	1
bellies	1
diateffaron	1
party	2
alienated	1
penqe	1
star	1
show	1
commanded	1
whence	1
reformed	1
t^lfi	1
convuliion	1
affecting	1
merited	1
squadrons	1
dubbed	1
record	1
substance	1
defunct	1
sooner	2
greatest	1
chromatic	1
pretensions	1
art	6
satisfaction	1
jubilee	2
faithful	1
react	1
hobbled	1
servile	1
scum	1
falls	1
harbours	2
ears	2
meanwhile	1
continue	1
move	1
managed	1
engagements	1
book	1
cadence	1
empiric	1
gridiron	1
means	1
bear	1
tay	2
heard	3
atlaftgotto	1
intartary	1
continuance	2
thum	1
beall	1
j	8
single	1
kiflfed	1
fourth	2
but	34
fiacre	1
frontier	1
lo	1
betokens	1
mounted	1
painters	1
assisting	1
claims	1
belly	1
alleged	1
both	5
narration	1
