an	61
declared	1
sanctioned	1
art.alone	1
hanc	2
queas	1
reins	1
throw	2
imagination	7
suscitare	1
possess	1
veniat	1
sæ	1
forming	1
pri	1
support	4
inherited	1
yard	1
meam	1
affliction	3
vein	1
deserve	1
trials	1
diligence	3
ludlow	4
vicissitudes	1
pretence	1
thou	1
alone	8
union	3
laments	1
remain	4
equitable	2
keenly	1
maintained	1
thought	17
kind	7
duties	4
nature	8
goodness	1
perceived	1
dwelled	1
assured	2
ventilabunt	1
dacto	1
jazed/	1
ornari	1
jam	4
emotions	1
virtus	1
popery	1
became	3
notice	1
assiduous	1
ero	1
rare	2
perseverance	1
son-in-law	2
clearly	2
valuable	1
singulis	1
pamphlet	2
prodiit	1
laudable	1
treasured	1
part	3
provides	2
character	13
children	1
belong	1
poets	1
distinction	3
slightest	1
quam	17
diately	1
hill	1
experience	4
primum	4
discovered	1
task	2
tyrants	1
sentirem	1
iis	1
holborn	1
adultery	2
clementius	1
cafe	1
enlarged	2
charmed	1
disdained	1
votis	1
savagely	1
leisure	2
passing	2
account	7
headquarters	1
apostate	1
videbitur	1
cunquc	1
dignity	4
candour	6
powerful	4
answer	3
chief	5
wife	10
masterly	1
proves	4
drawn	2
vol	14
willing	3
reply	5
conjunctissime	1
inmost	1
holiday	1
health	1
desumpsi	1
posterity	1
speech	3
solemnly	1
omni	2
addresses	4
especially	2
kindle	1
falsely	1
weeks	2
signature	1
obedience	1
brave	2
place	3
trahendo	1
excepta	1
charing	1
draws	1
defended	5
weapons	1
nomine	1
persecuting	2
confounds	1
ingenii	1
praeter	2
unjust	3
debase	1
legislature	1
flatulence	1
acquit	1
noblest	2
divorce	14
mass	2
whenever	3
discovery	1
fays	21
lose	3
former	5
idle	2
noise	3
tertia	1
dishonest	1
successful	1
hatred	1
papers	1
appetifle	1
utterly	8
immortalis	1
suspected	2
idea	3
prose	22
compositions	4
*i»which	1
five	2
interwoven	1
perpetual	4
bate	1
reprinted	1
device	1
outrages	1
plausible	2
believing	1
antagonist	9
wear	1
mikl	1
advised	1
parties	1
doctrine	15
couplet	1
sedulously	1
agere	1
neither	5
sees	1
manes	1
traduced	1
td	1
proofs	1
self	1
vice	1
residence	2
jupon	1
sapiens	1
are	33
tranquillam	1
veiled	1
poured	1
at	51
hope	8
reasons	4
enrich	1
elevated	4
egregiuni	1
officii	1
irreproachable	1
through	6
state	11
whereof	1
lords	3
pronounced	1
grew	1
predominant	4
domesticam	2
alloy	1
permissive	1
commended	3
avidity	1
lament	2
reputation	3
sympathise	1
strike	1
ipsum	1
repulse	1
memoirs	1
services	2
devotion	2
felicity	3
sere	3
secisset	1
synod	1
faciam	1
uihil	1
approaching	2
martyr	1
paying	1
colours	3
c3lamit!te	1
asienas	1
castris	1
usurper	6
vindicated	2
treatises	2
allurement	1
led	1
soli	1
each	2
debuissem	1
not	111
institutes	1
commission	2
efforts	1
moderation	1
records	1
vix	2
inn	1
seems	22
described	3
iiiivi	1
july	1
nameless	2
tripartita	1
kings	3
inyefti	1
primunt	1
classes	1
vindications	1
portion	5
theorems	1
lord	3
wha	2
lightened	1
piece	2
cloud	1
roof	2
imploring	1
obscurity	1
accusation	2
prince	1
incaluerc	1
gratuler	1
striking	2
pudendum	1
generously	1
merit	9
rite	1
sanction	3
virtue	11
divitiarum	1
declare	1
threatening	1
dagger	1
extraction	1
openty	1
making	1
allotted	1
ab	7
act	2
proved	5
factus	1
talents	5
land	3
privacy	2
labour	8
unexpectedly	2
respective	1
pain	1
independeutium	1
perniciem	1
pardoned	1
suavitate	1
faculratibus	1
culpable	1
forget	1
think	9
charge	14
triumphant	1
errors	2
delineated	2
unmerited	1
animos	1
native	6
theufaithful	1
aiming	2
connubial	3
seque	1
splendid	4
prudentia	1
circumstance	4
variety	2
celebratissimæ	1
arrested	1
miscreant	1
prseterea	1
hurried	2
argument	3
delicate	1
monstrous	1
sinistrain	1
presumption	1
worthy	6
wise	3
fi	3
facti	1
cfuivi	1
delude	1
am	7
symptoms	1
assigning	1
discharge	1
applaud	1
wood	3
fun	2
quo	9
duke	1
gentleman	1
preferred	1
quescunque	1
sister	1
corum	1
me	60
happily	1
ecclesiastical	3
perfect	3
mysteriously	1
overwhelm	1
antiquity	2
que	1
secured	1
summi	2
disobedience	1
edit	1
prospect	3
summam	1
consider	4
surpassing	1
severe	3
lovers	1
fortes	1
quovis	1
bigots	1
because	6
amused	1
tanta	1
heart	15
civili	1
senatu	1
sonnets	1
process	1
abolished	1
done	2
penitus	2
morally	2
iila	2
seamen	1
unterrisied	1
enfeebled	1
h	2
command	1
spotless	1
spake	3
unless	2
exprompst	1
meekness	1
accuse	2
dangerous	1
twelfth	1
sed	9
miscrum	1
chan	1
walks	1
cæcitate	1
virtues	3
lethale	1
rious	1
carried	2
posit	1
hide	1
possit	3
animis	1
constant	3
accendere	1
instructed	1
repeating	1
triennium	1
asylum	3
to	569
rhetoric	1
counsel	3
repeated	2
consistency	2
ixth	1
humanised	1
ship	1
poetry	2
pertulisse	1
solid	1
visits	1
destined	1
apology	2
obolofactumditiorem	1
digence	1
impaired	1
scurrility	1
martial	1
judged	1
erudition	1
law	5
fury	1
auguriomeoj	1
objects	3
bestowing	1
undoubtedly	1
amantisiimum	1
affront	1
passage	3
letters	4
ignorance	1
trouble	1
calumny	2
frequent	1
eagerness	1
cobitocntlotu	1
hand	5
scene	1
ausi	1
deserves	2
entertained	3
eyes	14
aliquando	1
dos	1
scenes	1
confirmation	1
probable	2
try	1
darker	2
peace	6
pios	1
birch	2
inflatum	1
edita	2
malediccre	1
every	18
also	8
unsupported	1
amity	1
acquires	1
cor	1
machinations	2
lauder	3
validissimas	1
defect	1
sway	1
discourse	4
copiously	1
foes	1
monarchical	1
thus	11
braye	1
otherwise	1
mceren	1
n	2
desuturam	1
disputants	1
open	2
instigating	1
sensi	1
censured	1
observing	2
heaviest	1
qualified	1
looked	1
wing	1
consido	1
mansion	1
expresses	3
ardour	3
estimate	1
ejus	4
receiving	1
ctaliud	1
known	8
liament	2
sport	1
regarding	1
reader	3
fupcrerat	1
noble	9
regarded	7
unworthy	5
second	12
foundstq.rejoice	1
magistrates	2
dated	1
mall	2
mensibus	1
destinati	1
wrote	4
before	13
side	5
contended	4
malevolent	1
scrupled	1
davenant	1
absolutely	1
tion	4
poetical	4
scripsi	1
settled	4
honourablest	1
quicscein	1
labours	5
tibi	1
crunt	1
uniting	1
idols	1
romannumeral	38
necesiary	1
reckoned	1
surfeits	1
edidi	1
composition	7
esteemed	4
exercise	7
novelty	1
ratione	1
nihil	3
inesset	1
u	9
us	16
ostendi	1
conclude	2
montaigne	1
cæcisafhictis	1
thomson	3
solitariness	1
qvif	1
passionately	1
hg	1
derive	1
evening	2
intrepid	1
secretary	3
declaring	2
steep	1
conducive	1
iste	1
anticipate	1
education	2
icon	2
aliusjprosuisfacultatibushospitalisatsplen	1
exults	3
meals	1
kingly	2
sound	6
fluctate	1
promise	1
thunders	2
nate	1
ardua	1
mouth	1
nolle	1
immovable	2
idqucex	1
includes	1
refuting	1
posterum	1
reward	1
bereft	1
search	1
effort	1
calumniated	1
inhabited	1
uxor	1
irish	2
misericordiam	1
hazard	1
night	1
commonly	1
admits	1
fragore	1
indured	1
earl	2
st	2
ingenuous	1
solicited	1
orators	1
supports	1
prætule	1
absurd	3
bravery	1
intercourse	2
physicians	1
established	3
sir	6
length	1
iconoclastes	4
decidedly	1
deceased	2
dictus	1
vjx^j	1
existimatio	1
disguise	1
wbene	1
feast	1
tatem	1
honestas	1
credulity	2
forest	1
enable	2
youth	2
began	6
inclined	2
indies	1
suppose	3
distress	2
image	2
moments	1
sin	1
of	761
despicable	1
constitution	1
ami	1
juititiaj	1
propor	1
theologorum	1
siilfuati	1
persist	2
ftauw	1
blindness	10
these	20
dupe	1
decorated	1
conscientiam	1
size	1
must	14
irregular	2
ljonotuv	1
admiration	3
shake	1
reported	1
lucido	1
fantastic	1
exacted	1
purchase	1
igitur	2
intimo	1
foreigner	1
invascrit	1
points	2
ten«i	1
concealed	1
apprehensive	1
rimi	1
more	52
rarely	1
wield	1
surely	2
sophistry	1
maximas	1
materially	1
justior	1
regained	1
satirised	1
question	6
palam	2
animating	1
confound	1
tecum	1
mortification	2
ea	5
opimi	1
incensed	2
invade	1
philofophandi	1
embitter	1
release	1
laboured	2
scr	1
roughness	1
hired	1
popularity	1
happiness	3
horrendum	1
things	8
possesses	1
came	1
clamour	1
this	114
necessities	1
scurrilous	1
alternately	1
myself	5
revolt	1
pray	1
whole	2
proprior	1
lastly	1
nay	2
sweetness	1
olim	2
patriam	2
bradshaw	7
glowing	2
turns	1
retrospect	1
i>juitpu	1
mentis	1
leave	4
alleging	1
minute	2
easy	1
sen	1
fierce	1
ipse	9
defender	2
revolve	1
impostor	3
fields	1
affixum	1
qua	6
heathen	1
unsolicited	2
confirmed	3
shelter	1
saepe	2
noster	1
ostentation	1
almost	9
intclligat	1
increased	1
degree	3
precept	1
doctos	1
burst	1
meanness	1
endeavoured	6
sonnet'in	1
speaking	10
parma	1
innocence	1
dishonourable	2
remotest	2
summa	2
exprobas	1
worthies	1
perfectly	4
dear	2
institutions	1
promoting	1
derers	1
vatis	1
bonestam	1
perstare	1
richest	1
uprightness	1
iter	1
masters	1
star	1
hostile	1
quod	14
pertulisti	1
postreino	1
promote	3
ambitious	2
remedies	1
genuine	2
name	10
govern	1
prius	3
plunged	2
silent	1
edition	1
petulant	1
publicly	1
moment	3
warmth	1
the	964
enterprise	1
annis	2
person	4
monstrum	1
magnanimous	3
high	3
eldest	2
mangof	1
friends	9
polliceantur	1
frankness	1
necesse	2
*ewv»vaf	1
peractum	1
eulogist	2
adulation	4
readers	2
dedication	1
frustra	1
purity	4
precious	1
cuperct	1
apertæ	1
panegyric	4
pecuniary	1
nedum	1
similitude	1
meas	4
copy	1
perfection	2
habebam	1
plagiarism	1
pene	2
without	20
amicum	1
presence	2
mores	1
unguarded	1
verified	1
prostrate	1
rierfection	1
busy	1
reflecting	2
gratified	1
sis	2
desires	1
exemplary	1
lowly	1
mode	2
chapter	1
salvam	1
feeiks	1
appointed	3
sultum	1
courted	1
congenial	2
studio	2
contentus	1
allegiances	1
seem	5
qyin	1
praestan	1
trust	2
divlno	1
mediocrem	1
etmuii	1
continei	1
ration	1
princess	1
establish	4
affirms	1
housliold	1
related	1
contains	1
virtutem	1
ponderis	1
belief	2
instigation	1
exploits	1
habitus	1
caufam	1
praised	3
attainment	1
reciprocal	1
qualities	3
biographer	12
praise	11
comis	1
desertion	2
providentially	1
unheated	1
supposed	3
legal	1
metus	1
disproving	1
resigns	1
suture	1
lives	2
enamoured	1
propernoun	85
infanabili	1
vesperam	1
nostroque	1
policy	1
reconcilement	1
punishing	1
dulgent	1
passionate	2
wrong	1
teipsum	1
hoc	7
falsehood	1
irradiari	1
interruptions	1
abs	1
bosom	1
tacere	1
station	2
remarked	1
victims	1
inopiam	1
paucis	1
moon	1
transsusa	1
satis	1
ofhis	1
is	117
bishop	4
iosorme	1
calling	1
hang	1
ithenij	1
eloquentiae	1
qualia	1
approbation	2
oculatum	1
progressive	1
disposed	2
common	5
sole	1
probability	1
men	16
dicendi	2
abhor	1
misapplication	1
bonam	3
bellum	2
true	7
opinion	5
dim	1
pristinæ	1
acquiesce	1
tis	1
officio	1
viros	1
duty	5
ilbe	1
protestantium	1
word	2
firmante	1
reinforce	1
erasmus	1
vindicavit	1
pen	2
quæ	7
iikolumitatem	1
fence	1
introduces	2
paulatim	1
opened	1
pardon	1
naturally	4
os	7
impression	1
forgot	2
injuria	1
gerens	1
historiam	1
pane	1
viro	3
temples	1
fondness	3
lumine	1
use	12
double	2
dum	2
mcaque	1
elaborate	1
civitatis	1
tumultu	1
youngest	1
argumenta	1
house	8
affect	1
adeuntem	1
abjiciam	1
virtutis	1
sketch	1
inveterati	1
title	5
intimating	1
introduction	1
betrayed	2
prophetically	1
nvaiuv	1
interpolated	1
since	8
elucere	1
immo	1
greeks	2
benevolent	3
simple	1
relented	1
haddon	1
lectionemque	1
tfiis	1
places	1
dies	1
enemy	5
army	1
spurn	1
exulted	1
latitude	1
slaughter	1
literal	1
liberty	23
utter	1
circle	1
fort	3
ji'eque	1
libens	3
discernment	1
redactos	1
orbs	1
fancy	3
ki	1
tranquillity	1
majority	1
tantam	1
ji>i	1
protection	3
fair	2
presents	1
protestant	4
earth	4
does	4
martin	1
willingly	1
ridicule	3
report	1
sell	1
finding	2
singularly	2
blandimenta	1
originated	1
desirous	1
parnassus	1
compact	1
yourself	3
fatiguing	1
never	11
clemency	1
tune	1
natare	1
accept	1
then	8
disgusting	1
amicum*	1
justified	3
poflem	1
remark	7
quotquot	1
next	6
laudi	1
immittere	1
reique	1
turn	5
during	3
committee	1
favourite	3
eve	1
glorious	1
confidence	2
volitare	1
munera	1
treatise	3
ti	1
sanguine	5
acknowledge	1
saw	3
expressly	1
destroyed	3
nobis	4
friend	17
solvendo	1
gratis	3
patriae	2
majore	1
last	3
concerned	2
gratia	1
fortitude	2
citizen	1
regard	6
regret	1
occupations	1
omnium	4
defence	21
wished	3
thevenot	1
excellent	1
terrors	1
torpentem	1
unfortunately	1
novelist	1
incorrupt	1
depended	1
rumour	2
disputes	3
avoid	2
minant	1
no	38
non	27
aboleretur	1
itaque	2
inconveniences	1
almighty	1
perficere	1
existimarem	1
removed	1
insolent	1
pledged	1
font	1
ira	1
compares	1
fed	1
extinguished	1
labo	1
fenton	2
bird	1
gentem	1
omnem	2
occasionally	2
proposes	1
fori	1
abundantly	2
impeach	1
rcs	1
tu	2
sonnet	3
hall	1
powers	9
characteristic	4
inflicted	1
envenomed	1
together	2
endeared	3
thinks	2
unison	1
acquire	1
unconquerable	1
sjentio	1
liberate	1
promoted	1
maxim	3
tutor	1
necessary	1
persisted	4
verum	3
præcunte	1
tametsi	2
that	252
railing	1
books	3
mc	1
multo	2
ordinance	1
feelings	1
descruerunt	1
bring	1
usurpation	5
extraordinary	4
magna	2
occasion	8
nations	3
depreciate	1
gained	2
theologians	1
eadem	1
beyond	1
etiam	7
sought	2
drive	1
vir	3
itself	3
michaelmas	1
outrageously	1
list	1
destiny	1
christus	1
extensive	2
ascertained	1
loc^tutlj	1
eulogy	6
articles	1
light	4
domestic	7
king	16
resolute	3
thousand	2
intactum	1
ipsi	3
co	5
outward	1
liberally	1
orator	1
condescend	1
severest	4
anarchy	1
viderctur	1
consectis	1
quidem	8
corruptions	1
consiliis	1
contrary	7
acrimonious	1
losing	1
meltorem	1
concordia	1
tiam	1
genere	1
fend	1
p^rinde	1
bestowed	9
appearance	1
aliquot	3
remarkable	2
irreverently	1
ita	3
magnus	1
admirers	1
dogma	2
shone	1
anew	1
lavishing	1
answers	1
religious	5
days	4
desinant	1
sanguinis	1
aching	1
conjugio	1
country	17
tenderness	2
potestas	1
sentiendurn	1
seffus	1
enormous	1
k£u*i\	1
literati	1
remembrance	2
thje	1
pursued	1
laid	2
destroyer	1
injurious	2
change	2
backwards	1
plenitude	1
eight	1
remedy	1
principal	2
governor	1
keep	1
diligent	1
somnia	1
purified	1
soften	1
shows	4
inferior	4
particle	1
narrative	1
reflections	1
sinas	1
brilliant	1
honore	1
uncandid	1
transcribe	2
dicitur	1
least	5
subservient	1
rapid	1
nisi	2
durst	2
him	75
portrait	4
delineation	1
starts	1
fraterna	1
duped	1
mane	1
contraried	1
forgive	1
dedecorosum	1
attingere	1
totius	1
obscuritate	1
believe	7
once	1
s	4
unhappy	1
arts	1
civil	5
observes	1
found	10
ca	1
intimates	1
utmost	4
deformed	2
inflexible	2
denique	4
insignem	1
mea	3
written	9
tissimi	1
ipfis	1
deplored	1
melancholy	2
experiri	1
legum	1
multi	1
characteristics	1
cirjuspiam	1
recording	1
except	2
makes	1
clarius	1
vivatne	1
wrath	1
debilitari	1
morte	1
latter	2
old	4
arguments	3
weary	1
insirmiflimus	1
siusopibus	1
expressive	1
lise	1
actually	1
military	4
agreed	1
master	1
emboldened	1
comitiis	1
unrestrained	1
attain	1
ob	1
factio	1
duntaxat	1
hypocrisy	2
aut	13
strength	1
deem	1
consummari	1
naming	1
uanc	1
again	7
directing	1
three	8
excitare	1
exists	1
burden	1
than	34
winter	1
reading	2
volume	2
cædem	1
steer	1
lander	1
continuance	1
et	49
degrees	3
polishing	1
gentle	1
morality	4
their	45
observed	3
harmony	1
monarchy	2
ct	1
adipiscenda	1
those	22
idolised	1
heaviness	2
expense	1
discord	2
low	1
strong	3
communicative	1
ducit	1
usage	2
saying	2
displays	1
persecutors	1
indebted	3
annihilating	1
libertate	4
præclaram	1
gratification	3
restoration	1
wherever	1
cease	1
servant	4
editor	2
sustain	1
proclaim	1
pursuing	1
by	149
strictly	1
gravius	1
prædicare	1
intererat	1
partly	5
dould	1
sharper	1
one	22
intercession	2
usual	2
attained	1
equidem	1
posse	1
accustomed	1
commoda	1
dismissed	2
essex	1
liberorum	1
cultivate	1
pylades	1
dismiss	1
collated	1
alarming	1
iscausas	1
sit	3
inserting	1
dissolute	1
saviour	1
read	6
view	9
secunda	1
republic	4
cancel	1
visceraque	1
judgement	5
sycophant	2
amicus	1
€t	1
candidly	1
obnoxios	1
event	2
lion	1
what	34
considering	3
advertisement	1
desensio	1
contributed	1
morning	2
has	28
compono	1
visible	1
withdraw	1
imrr.otus	1
exerted	3
coolness	1
benevolentia	2
o	4
lit	1
wonders	1
graver	1
multitude	1
grievances	1
blind	7
ners	1
resolved	1
surpassed	1
splendour	1
says	7
reflected	1
alludes	4
required	3
creature	1
went	2
royalist	2
circuit	1
sortiter	1
severity	2
tuum	1
populos	1
why	3
loved	2
add	1
over	5
repeatedly	1
object	5
endeavours	3
pis	1
showing	2
militate	1
eorum	2
pietasj	1
caught	1
leads	1
dost	1
oppressive	1
disgrace	1
rough	1
ended	1
reason	8
affected	4
relation	2
fraud	1
potentiae	1
refuted	3
sergeant	1
resolutely	1
applause	3
reject	3
barbican	2
ten	1
robber	1
ya	1
malevolence	3
embittered	1
indignation	1
religion	7
rancour	2
affecting	2
quitted	2
laws	5
ardent	1
veneration	2
writers	2
servility	4
mana	1
intimidate	1
single	1
demonstrated	1
hinc	1
charming	1
honores	1
express	1
debemus	1
producing	1
void	1
manifest	6
consisted	1
effectual	1
less	7
intense	2
meis	1
argue	1
seeking	4
melior	1
ylof$£fto	1
certainly	4
her	24
manners	3
aliorum	1
field	1
universal	2
calumnies	2
time	25
steady	1
impigrum	1
greater	2
rege	1
cross	1
hero	3
rim	1
vexari	1
particles	1
four	2
mentions	4
fail	4
forehead	1
vivid	1
finished	1
ratus	1
ready	3
loving	1
indigent	1
stint	1
xt	2
sentiment	5
statim	1
quem	2
guests	1
forward	2
tutelary	1
filial	2
active	2
suit	1
iniquius	1
heaven	6
tendency	1
respicere	1
venerable	1
medico	1
closed	1
were	53
afflicted	1
vicissim	1
romance	1
mighty	1
enmity	2
ocular	1
christian	4
ecclesiasticam	1
expectare	1
quandoquidem	2
sinistri	1
intrepidurn	1
terris	1
keen	1
violatam	1
characters	3
laboribus	1
nos	1
turkish	2
vigorous	1
miretur	1
pursues	1
usque	2
ultima	2
congratulate	1
stu>l	1
militares	1
præscrtim	2
petition	1
for	109
skinner	1
words	6
already	2
speaks	4
iicxrics	1
remained	1
treasonable	1
claim	1
descended	1
tetrachordon	1
ballad	1
quid	15
londinum	1
apartments	1
commotion	1
majus	1
want	4
peculiar	5
redress	1
son	6
contempt	6
lege	1
follow	1
petentem	1
converted	1
likely	2
honourable	6
bringing	1
concluded	1
fitentium	1
scrvitutem	1
flattering	2
evidence	2
animated	2
possessed	6
forgotten	1
cui	1
proper	1
parents	2
proportioned	1
raised	1
plus	3
good	15
lawyers	1
peculiarly	6
paro	1
mei	1
habento	1
learn	1
execrable	1
gain	1
could	16
unsuspecting	1
r>dui&bd»£k/ioi	1
disposition	1
merus	1
theologian	1
inalterutrum	1
defined	1
oppressed	1
advocate	4
esset	1
foreign	5
ideas	4
felt	4
recollect	2
confined	3
luminum	1
vulgar	3
transigi	1
incident	1
infuses	1
told	1
escutcheon	1
carptim	1
business	3
expositions	1
faint	2
disdaining	1
sita	1
adherents	1
shot	1
reli	1
app	1
patron	2
proprius	1
honourably	4
indulged	2
haud	3
gui4e	1
capital	1
measure	1
ore	1
rigid	1
quamdiu	1
curiae	1
wedlock	1
nus	1
government	5
pathetic	1
nothing	5
earn	2
expedient	1
embalmed	1
fancied	1
solet	1
reasonably	3
period	6
quentissimi	1
deus	1
render	3
vindication	4
unchangeable	1
militaris	1
il	2
earthly	1
^oi^^kiibiuai	1
nemo	8
optatius	1
legislators	2
vehemence	3
integrity	6
videntem	1
consuevifte	1
sumus	2
spot	2
lo	1
grace	1
interesting	5
herein	1
gallant	1
admire	1
or	60
cheerfully	1
papists	1
faction	1
demosthenes	2
my	53
mr	3
aborta	1
taught	1
expjorabit	1
amiable	2
admitting	1
produce	3
like	3
tyranny	6
teiubris	1
fe	1
forgave	1
arise	3
oppression	2
onward	1
pro	9
whether	8
prudence	1
emergency	1
pcricula	1
stranger	1
incidents	1
divinitus	1
primis	1
love	3
sane	1
certe	1
avaucof	1
short	2
excepted	1
allowable	1
officer	1
truly	2
libertatis	3
coijx	1
spirit	25
publication	7
ferocity	1
plot	1
enabled	2
parliamentary	1
manisest	1
patriotic	3
contends	1
magistratum	1
rc	1
pains	1
poliit	1
sleeps	1
exult	1
rival	1
sailed	1
preliminary	1
farther	2
e	1
tutclam	1
it	140
correspondent	2
combatants	1
afterwards	6
cogi	1
fully	1
alitmi	1
guide	2
ere	1
scope	1
cernere	1
continebam	1
preservation	1
ergo	3
certain	2
speck	1
solis	1
exhausted	1
despectior	1
regis	1
indignissi	1
invested	1
incessant	2
infelicity	1
recupcrandi	1
trance	1
savent	1
intention	4
form	1
as	176
observe	3
lissimum	1
royal	2
gra	1
tantundem	1
discordant	1
eeet	1
rebellion	5
cit	1
profanation	1
puting	1
theideiinea*	1
convert	1
pravis	1
sustained	1
admonition	1
ribaldry	1
proceedings	1
camp	1
continuing	4
however	16
infirmity	3
esteeming	1
addressed	7
mathematically	1
monarch	2
tandem	1
eloquent	9
gives	3
specks	1
reverential	1
charity	1
ecclesiasrefonnatas	1
constitutum	1
endeavour	2
lar	1
just	11
after	22
regent	1
cranmer	1
rife	1
principally	1
pursuits	2
imbecillitatem	1
applying	1
commiseration	1
fatal	2
enumerate	1
towards	5
obligations	1
colores	1
sim	3
ditbito	1
composing	1
study	6
beheld	3
against	36
mere	2
mortals	1
illiberal	1
recent	3
have	75
noticed	1
probably	5
converti	1
received	13
tcstimoniis	1
dedi	1
privates	1
pcsi'um	1
summo	1
tinguishable	1
opem	1
thq	1
sailing	1
morbi	1
understanding	1
revive	2
ovantem	1
antiquam	1
failing	2
so	56
assertors	1
signally	1
fervid	3
include	2
accomplished	3
obstinate	1
sacit	1
victot	1
took	3
receive	3
professed	1
weight	1
parses	1
comeliness	1
archbishop	1
scholar	1
civilem	1
insigni	1
materfamilias	1
wretched	1
bonos	1
trying	1
real	6
dread	1
takes	1
beauty	1
lectode	1
perpetuo	3
mca	1
stave	1
animique	1
mankind	2
find	10
spirits	1
anxious	1
whitsuntide	1
possem	2
summary	1
redimere	1
prayer	3
visum	2
wherein	2
talks	1
fiend	1
verba	1
ik	1
suspicion	2
sentence	4
sortis	1
hie	2
omnia	3
nobleness	1
meque	3
presbyterian	2
gratulerettir	1
honestissimum	1
stiew	1
externas	1
controversy	4
attempt	4
putting	1
valemus	1
visiting	1
suis	1
inex	1
attacked	1
able	4
excuse	2
lawyer	1
divina	1
mist	1
acquaintance	4
cum	20
learned	6
proceeds	2
prevalence	3
calls	1
lucis	1
otio	1
quit	1
eo	3
following	10
intra	1
phantom	1
becomes	1
really	4
quiet	1
coepiflem	1
ad	19
dishonoured	1
superstition	1
blood	2
gratam	1
determined	1
auctiorem	1
either	8
hereby	2
cities	1
test	1
huic	1
reproved	1
envoy	1
encounter	1
statui	1
suadendo	1
cflem	1
mil	3
tain	1
vindicating	1
terms	3
live	2
upon	13
q	2
oppugnanda	1
abhorjere	1
might	32
ademptunx	1
thjus	1
submissive	1
tuerer	1
viderem	1
seen	3
individual	3
convicted	1
political	17
jurisdiction	1
attaining	1
favouring	1
fervent	1
dishonour	1
illud	4
about	2
prove	3
ministers	1
inform	1
homage	2
garden	2
uno	1
sovereigns	1
flatters	1
contrived	2
nullum	3
fleets	1
subsequent	3
beneficence	2
countries	1
mam	1
merely	2
esteem	6
videntur	2
verse	3
sentire	1
between	2
tax	1
serious	2
hardly	6
omissions	1
councils	1
sendenda	1
themselves	4
desideret	1
tdj	1
modoacceperis	1
atroci	1
reddere	1
ever	13
made	11
excutfent	1
dimovere	1
vis	3
commodi	1
energetic	1
small	2
quanta	1
tcm	1
writings	4
nieis	1
ingratitude	1
steeping	1
opening	3
long	11
awake	1
solante	1
cause	13
into	16
courteous	1
suffer	4
sketches	1
sixth	1
expose	3
status	1
was	134
intellects	1
sibi	3
sugere	1
immortal	2
commending	1
benefit	2
candid	2
aforesaid	1
production	5
citius	1
vocat	1
delineates	1
habere	2
faculties	1
nonindigent^co	1
regere	1
ought	4
tronum	1
firm	3
bawl	1
eu!itnp*i	1
translate	1
reach	1
insensible	1
iac	1
favour	4
prevail	1
cognitos	1
represented	2
lighter	1
temporary	1
unveiled	1
there	13
stoned	1
interrupt	1
invaded	1
observatur	1
understood	2
hominum	2
mould	3
despised	1
alluding	1
forth	3
ame	1
childhood	1
whose	8
elegance	3
strictures	1
mentioning	1
member	2
demonstrate	1
mecum	1
refute	2
particular	6
strongly	1
disarmed	1
cultivated	1
lavished	2
asserts	1
suaui	1
malignity	3
valere	1
tempore	4
chequered	1
resentment	1
feet	2
quidam	1
abundc	1
scriptis	1
generousty	1
design	5
objurganda	1
divine	4
amiscrim	1
peritia	1
southeast	15
sanctior	1
passi	1
singere	1
nunc	8
hitherto	2
major-general	1
gloriofius	1
glow	1
tale	1
applauded	2
theseus	1
reclined	1
eligible	2
omnino	1
deathbed	1
efle	1
ambientem	1
third	2
irksome	1
opponent	3
perverse	1
season	2
licence	3
unus	1
civi	1
decent	1
imputation	2
principles	5
diser	1
can	21
interval	3
propter	2
important	3
know	4
gratitude	6
4»snfcilxil	1
down	2
t	5
immediately	2
wrought	1
fall	1
enveloped	1
deserved	2
nor	9
insinuate	1
situation	3
associate	1
dejtcexe	1
tua	1
solum	3
advocates	1
power	12
acquiescam	1
lethalibus	1
conjecture	2
conformity	1
insult	2
illustration	1
door	3
desert	2
uriel	1
near	2
touch	1
calamity	3
sincerest	2
soliciting	1
correspondence	1
nobler	1
fictions	1
augusta	1
critic	3
waller	1
dicum	1
cellor	1
sooner	1
set	4
greatest	3
dissembled	1
struggles	1
under	20
selected	1
commenced	1
citis	1
satisfaction	2
^ofnplexieri	1
historians	1
truth	13
fairly	2
pitiable	1
vindictive	1
atque	30
nion	1
source	4
maxima	2
anecdotes	1
continue	1
vires	2
pervert	1
insirmitate	1
success	2
imposition	1
bear	1
day	4
tam	5
valour	1
contemporaries	2
weakness	1
windsor	1
paid	4
j	14
while	8
concerning	4
risen	2
auxilio	1
erat	4
right	7
continues	1
thanking	1
hypocritical	2
serve	2
clementiam	1
purpose	2
englishmen	2
animum	2
enthusiast	2
growth	1
dcxtrorsum	1
dis	2
employed	1
oblatam	1
albenti	1
lu	1
tantem	1
dissolved	1
visionary	1
enim	6
wit	1
liberis	1
soothing	1
proceeding	1
adi	1
scd	1
modern	3
enlightened	2
quisantiquam	1
arrogance	1
tenebrarum	1
ternam	1
concilium	1
indefatigable	1
guidance	1
obscuriores	1
admittit	1
repetitam	1
several	2
placed	1
item	1
facundiam	1
cas	1
ails	1
oc	1
con	6
awakened	1
them	35
occupied	3
visensque	1
alendum	1
persecuted	1
bad	4
monet	1
pertinere	1
accused	3
obviam	1
divines	4
tribute	1
exercitos	1
polemic	1
future	1
frown	1
peril	1
complexion	1
pounds	2
matchless	1
frequently	4
feeing	1
respecting	1
celebrate	1
sensibility	2
moral	3
soldier	1
generi	1
contemn	1
overwhelmed	2
fire	1
remarkably	1
bid	2
moralist	2
priscorum	1
queen	3
ren	1
prime	2
vote	1
verb	1
visu	1
still	12
id	5
tiresome	1
only	31
stowed	1
juvenile	1
reproof	1
infamous	2
always	1
tyrannos	1
signal	4
distinguished	2
instruments	1
strengthen	1
and	475
adeptus	1
sensible	1
calm	1
fane	3
brevi	1
disci	1
perish	2
attack	1
imminutam	1
assembled	1
authors	2
aggregari	1
brother	2
mjiœn	1
teachers	1
sinistrorsum	1
contra	2
highly	4
spring	2
resisted	1
bestow	1
quantum	1
assistance	6
printing	3
permiltted	1
inexpressible	1
cedunt	1
yet	24
talk	1
rests	1
prevent	1
honours	3
full	6
sitting	1
credibly	1
virtutes	1
caution	1
tyrannical	1
cheerful	3
diminished	1
inopinatus	1
amicos	1
solicitation	1
agree	1
silo	1
arose	4
influence	8
evanuerit	1
excelsum	1
requested	2
oath	1
podus	1
make	7
fee	1
p	19
precedence	1
resided	1
tres	2
connexion	1
reluctantly	1
two	9
d'ettt	1
admirable	3
chanced	1
namely	2
ori	1
did	17
world	6
far	12
close	1
having	18
lumen	3
tower	2
unlawful	1
lady	4
horis	1
nationes	1
prosperity	2
new	11
volvente	1
tates	1
manu	1
commonwealth	3
original	1
fight	1
merits	2
doubtless	1
bound	2
sublevat	1
alioi	1
service	5
invisible	1
liceret	1
desence	1
besides	2
fanaticism	1
caelum	1
verses	2
reflorescerc	1
another	6
tenderly	2
oppresiive	1
judges	2
proposito	1
milder	1
national	3
serre	1
regno	1
rectitude	1
lightsome	1
privatain	1
impudentiarn	1
\mchangeable	1
embark	1
tc	2
enemies	6
year	11
unlicenced	1
strange	1
recordationem	1
profane	1
protector	11
primumin	1
likewise	1
potius	1
un	3
parliament	20
tribunal	1
workj	1
enforcing	1
regulate	1
signalised	1
irati	1
penitent	2
woman	2
will	18
order	3
plead	1
detect	1
credit	6
fame	13
bribes	1
aslc	1
absolveram	1
compose	1
vitam	2
learning	3
philanthropy	1
barbarity	1
accurate	1
debt	1
eodemque	1
treacherous	1
ilie	1
laborum	1
jubeo	1
lodging	1
testimony	1
describe	1
nubilavit	1
contumelious	1
vane	2
directed	1
utar	1
justice	11
anonized	1
liber	2
arraigned	1
forgiveness	3
heavy	1
applicable	1
honour	7
sagacity	1
virulence	2
diminishedhence	1
awful	1
confu	1
recusare	1
duaimodo	1
syriac	1
animadverterem	1
petitoris	1
suasi	1
senseless	1
meritorious	3
pasted	1
reputes	1
domineering	1
hunger	2
uteunque	1
achievements	1
temporum	1
vizard	1
resto	1
deprive	1
disclosed	1
obtained	3
fpcm	1
ignorantiam	1
witness	3
fortissimi	1
sollicitam	1
insestissimi	1
cost	1
wilful	1
sense	3
unfriendly	2
resign	1
ran	1
adductis	1
tot	5
iu	1
traces	2
mductus	1
jbhe	1
bacon	1
assuredly	9
borrowed	1
publici	1
manuscript	1
natures	1
componen	1
munus	1
ted	1
neque	9
probity	6
tenure	2
prudent	1
interest	8
elo	1
comfort	4
bravely	1
constituted	1
strife	2
northeast	5
allowing	2
cito	1
gratify	2
calumniatores	1
mental	4
admiral	3
illis	2
constantly	1
decertarunt	1
patris	1
rectissime	1
affects	1
principle	1
overply'd	1
security	2
meritum	1
perpetually	2
ptaihe	1
approving	1
proceed	1
intimate	2
style	2
soon	16
venture	1
cunv	1
jussero	1
omnis	1
pieute	1
black	1
induces	1
meliora	1
savour	1
attention	5
emoluments	2
nicatione	1
performance	5
relations	1
proof	7
june	1
fervour	1
head	1
exposed	3
minitans	1
nation	6
faciendo	1
reverence	1
conceived	2
forcible	3
aliud	1
artifice	2
rolls	1
review	1
course	1
authorities	2
controversial	3
potent	1
race	1
consultation	1
amittat	1
property	2
divino	1
digni	1
cecidit	1
redditura	1
tium	1
minds	3
dei	5
foresee	1
extincto	1
protestations	1
blaze	1
mother	1
intestines	1
ninth	1
displeased	1
cessant	1
voured	1
calculated	2
arduous	3
arid	1
dexterity	1
tractate	1
scientiam	1
impatient	1
ardently	1
su	1
impulse	1
cogitans	1
troubled	1
blot	1
traveller	1
penumero	1
omit	1
distressing	1
who	67
raises	1
sublimity	3
paternal	1
simplicity	2
royalists	4
generally	6
author	27
celebrated	6
prudentially	1
authority	7
illudquesæpe	1
em	1
knowledges	1
reclaim	1
scripture	3
bulk	1
opposition	2
discipline	2
desire	5
on	79
sanctity	1
vindicate	2
honey	2
affundere	1
according	11
keenness	1
dignified	2
unfeduc'd	1
sicklissimus	1
executed	3
humour	1
in	390
victory	1
multisque	1
dishonesty	1
unbolted	1
oxfordshire	1
hosts	1
scudamore	1
called	5
armies	1
distinctus	1
nostras	1
passion	3
glory	4
doctor	1
ruin	2
published	16
much	18
occurrence	1
cerraminc	1
integes	1
temperate	1
locis	1
choice	1
hid	1
put	4
charges	1
continued	5
grecian	2
fraternity	1
inconsistent	3
unde	3
continual	2
sensations	1
consciousness	1
large	3
judiciorum	1
our	18
idoneiun	1
describes	1
charm	1
semper	3
anything	2
attached	2
well	4
deception	2
regularity	1
useful	2
criminal	1
tametli	1
integros	1
utili	1
antehac	1
večtive	1
tender	5
remarks	3
given	5
deunte	1
publish	2
jot	1
around	1
providentiæ	1
mot	1
cited	1
confess	1
questioned	1
extravagantly	1
accuses	1
yea	1
intimacy	3
militiae	1
deducendam	1
sue	1
blois	1
niones	1
evident	3
comfortable	1
repent	2
overtone	1
cernerem	1
post	7
warton	1
ultimis	1
opinor	1
deny	1
adversary	5
cares	1
honesta	1
reprove	1
sola	1
circumstances	2
poet	18
onus	1
deadly	1
vilify	1
triumphed	1
fraught	1
dignius	1
acute	1
aliam	1
inveighing	1
yourselves	1
emerito	1
reign	1
evil	7
introduce	1
idolatry	1
privileges	1
sententia	3
sighed	1
powell	1
invasion	1
a	338
owing	1
quae	2
willingness	1
pos	1
republican	4
preceding	2
ultimately	3
slavery	2
up	7
sometimes	6
fortuna	1
hereafter	2
factu	1
defects	3
plura	1
poignancy	2
inevitably	1
free	5
revolvas	1
gloria	1
begin	1
illas	1
frankly	1
declares	3
renasci	1
medical	1
usura	1
distant	1
contend	1
excited	1
bono	1
this.important	1
topics	1
trusted	1
concerns	2
entertain	1
trial	3
repudiare	1
prohibit	1
idol	2
brought	5
chastised	1
lite	1
watch	1
biliflimæ	1
mi	3
pulpit	1
dolere	1
gravioremcivi	1
cannot	4
smaller	1
insedifle	1
reception	1
instead	7
maxims	1
weak	1
mind	28
tempt	1
jiis	1
plea	1
ilia	6
any	24
surveying	1
when	29
purest	2
understand	1
transition	1
benig	1
modis	1
incurring	1
your	19
fault	1
bitter	3
crime	2
favourable	1
secretly	1
press	2
erga	3
facility	1
vigilare	1
compliment	1
sour	1
discussing	1
french	2
indignantes	1
statesman	2
series	1
sketched	1
apml	1
daughter	5
deque	3
illustrious	5
benevolence	1
feel	1
forgery	1
hither	1
universie	1
cura	1
nescio	1
broad	1
give	4
argumentative	1
apostles	1
poscunt	1
dazzled	1
years	12
daily	1
unconscionable	1
forte	2
cubuerunt	1
difesteem	1
maybe	1
agreeable	1
scarce	1
thereof	1
elated	1
quin	1
fruendum	1
afforded	3
dicere	2
discourage	1
disjunctu	1
largitus	1
representing	2
uttering	1
rash	1
vestibuli	1
ill	6
divert	1
particularly	6
fomnolenta	1
abhorrence	2
address	2
ullam	1
deliver	1
acer	1
doors	1
affording	1
moved	1
possim	1
kindness	5
left	7
believed	2
aqutenessof	1
scriptum	1
leading	2
consistent	1
decrevissent	1
adds	1
solus	1
pretension	1
versaretur	1
anguish	1
affectionate	5
aid	3
infligi	1
rightful	1
plane	2
f	5
potissimum	2
si	22
friendly	2
reduce	1
metropolis	1
beholding	1
i&u>	1
lane	1
demisse	1
injuries	1
from	100
nigricanti	1
affection	6
hortaris	1
gravifsimum	1
humano	1
considered	6
point	5
otii	1
existed	1
anxiety	1
primos	1
perilous	1
containing	1
delights	1
outface	1
vindicated"nis	1
fortassis	1
discussed	1
acquisition	1
nostra	3
stadia	1
appear	9
air	3
employ	2
obliged	1
within	3
happiest	1
humana	1
anteserri	1
unexpected	2
affirm	2
remaining	3
owed	1
alii	3
pension	1
fidelity	1
libros	2
rendered	3
discrimina	1
settlement	2
enumerating	1
vulnus	1
replying	1
bright	3
conversation	2
scotch	1
pleas	1
counteract	1
lines	3
biographers	1
lived	3
rit	1
countenance	2
prerogative	1
skin	1
accufas	1
conjuga	1
invades	1
till	9
provided	1
fooled	1
invigorated	1
obloquy	1
cogito	1
highway	1
cerns	1
pencil	1
recuperandæ	1
lasterion	1
admitted	2
abounding	1
indeed	19
asperity	5
flatteries	1
frugi	1
arabic3digit	16
sorrow	2
poetic	1
perspicacissimus	1
equity	1
tamen	3
application	1
explicui	1
whom'a	1
pious	1
triumph	2
select	1
born	3
esse	8
cæci	1
model	2
impotence	1
now	17
scruples	2
opens	1
religionis	1
placename	40
deserting	1
most	42
minora	1
broken	1
tus	1
protestation	2
uncle	1
including	1
ostenta	1
many	17
flatibusque	1
exhibit	2
flattery	4
main	1
submitted	1
lot	1
attigisse	1
emicare	1
vel	11
proceeded	1
opposed	3
malo	2
scottish	1
haberet	1
conscientious	1
nem	1
der	1
disinterested	2
opulence	2
dexterum	1
dart	1
consequence	3
opi	1
colle&ted	1
sea	1
united	6
printer	1
purposes	1
declining	1
oculis	3
summer	2
end	3
visus	3
sententiam	1
rank	3
expressions	5
longo	1
invidious	1
seldom	3
petty	1
bed	1
le	1
exclaim	2
confinement	1
conscience	5
lost	12
inspired	3
noctu	1
write	3
exertion	1
permission	1
friendship	3
arabic4digit	20
potentitf	1
utility	1
publisher	1
benediction	1
singulari	1
adm	1
vehement	2
rich	2
ff	1
contemptuous	1
vitaul	1
gloom	1
flatter	2
oculo	1
worst	1
rest	1
food	1
different	7
ambassador	3
henceforth	1
parta	1
homo	1
result	1
hac	4
demonstrative	1
gave	8
similitudine	1
verbo	1
decennium	1
indulgent	1
turbulence	2
energy	8
paradoxical	1
literis	1
dispirited	1
exilire	1
blessings	1
description	2
ye	7
hear	1
humanissime	1
mitiores	1
visa	3
conversing	1
latin	15
lamented	1
require	2
system	1
reflect	1
body	1
suited	2
iiunc	1
monitor	1
hospitable	1
seemed	6
nact*	1
husband	2
eminence	2
forti	1
lucid	1
sulturus	1
expect	6
clariffirmis	1
hinder	2
craving	1
flave	1
re	3
sent	2
sinking	1
scm	1
home	2
shame	1
become	1
condition	1
benignius	1
licentiousness	1
goodbye	1
meditation	1
number	2
implere	1
failed	3
autem	1
seret	1
reputabam	1
thorns	2
reality	1
invi	1
wonderful	2
exalted	1
pattern	1
relieving	1
virtuous	1
oculi	3
owe	1
heroism	1
danger	1
dutch	2
ways	2
public	24
tentandum	1
justly	6
amplectiturj	1
revenge	1
withheld	1
liberandam	1
potentate	1
indispensable	1
attic	1
absolve	1
works	20
lie	1
revere	4
sinks	1
lawful	3
goddess	1
oborta	1
assumed	2
wake	1
authoritate	1
abundant	1
perfici	1
siiifle	1
child	3
elaborately	1
nobly	1
generous	5
implorare	1
bene	3
paring	1
writes	1
causa	1
ensuing	1
conflict	1
favoured	1
clear	2
recently	1
ability	1
realise	1
longer	2
oculus	1
morals	2
blast	2
colloquio	1
watching	1
spoke	1
coming	1
incurred	1
entrusted	2
gentis	1
ag>nxfu	1
sa^an	1
jdoubfo	1
defend	1
cromwell	24
anger	3
mood	1
deceived	3
pasiage	1
temper	2
validissimus	1
turks	1
nephew	4
origine	1
ottoman	1
yvho	1
twenty	1
dominions	1
tarn	5
perexigua	1
solemnity	1
hærentem	1
lumpish	1
contemptible	2
sufficiently	7
incelli	1
refutation	1
totam	1
adjoining	1
certissimus	1
copiosumlumen	1
equal	6
human	8
ltudia	1
mask	3
prevented	1
pœnitere	1
quibus	3
mean	6
acquired	5
denied	2
herself	1
adiisti	1
pass	1
multos	1
coarse	2
ey	1
fc	1
multis	2
occasions	1
occupation	2
park	1
tasted	1
urbs	1
twelve	1
latus	1
undisturbed	1
observations	1
tonic	1
grant	1
reputantes	1
ages	1
past	1
oppressi	1
commode	1
indecent	2
sept	1
consirmato	1
suffered	2
exorta	1
attachment	5
altera	1
la	1
tibus	1
7rifi£	1
tish	1
breast	1
ha	1
ecclesiae	1
historical	1
paradise	4
affairs	1
noscit	1
sint	2
animosity	2
crevice	1
suddenly	2
immotum	1
genius	9
take	4
angry	1
philips	5
acts	1
brothers	1
regular	3
displayed	2
vapours	2
harbour	1
celebrity	2
humphry	1
appkufe	1
preface	3
ag	1
suseepisti	1
recompense	1
held	3
presented	1
vapores	1
valetudislem	1
sovereign	1
mical	1
debet	1
cineraceo	1
conseien	1
gloomy	1
estet	2
people	10
invited	1
definition	1
reminds	1
w	5
laus	1
quis	5
cry	2
case	1
suo	1
species	2
father	10
wte	1
unquestionably	1
oculos	2
plinam	1
m	16
deficient	1
exercised	1
hale	1
sincerity	4
expedition	1
habitual	1
hæc	5
memory	1
prima	1
gajida	1
teaching	1
singular	6
adveniens	1
followed	1
hixa	1
plerumque	1
insidiously	1
city	2
libertines	1
argues	1
abode	1
said	2
stias	1
may	45
reunion	1
bendum	1
domi	5
larger	1
th	1
liberal	8
bread	1
supported	7
flatterers	1
folidius	1
emolument	1
excel	1
cautious	1
violated	1
moulin	3
painting	2
appears	6
expected	3
reclinaf	1
cubuisiem	1
piety	7
refused	1
grand	1
ciuceat	1
vigour	4
putem	1
proposed	1
quaedam	1
asserting	2
mentem	2
ceteris	1
strongest	1
instrumental	1
sincere	8
rouses	1
unprofitably	1
poem	2
produced	2
vicem	1
gospel	3
confessed	1
mihi	17
postmodum	1
glaring	1
menaces	1
opera	1
grows	1
minorum	1
gloriose	1
dark	1
divu	1
as'it	1
learnedestof	1
prospicit	1
pioscquaris	1
which	113
cherished	2
concern	1
lead	2
frame	1
justification	1
little	9
ille	2
maximum	1
complaints	1
quicquam	4
betraying	2
studiorum	1
pride	2
toland	2
invective	4
merriment	1
avenged	1
others	9
quamvis	1
recreari	1
charged	1
blameless	1
erant	1
frank	1
hardiness	1
comparison	1
inculcated	1
alius	1
wish	6
foundation	1
cuique	2
contentions	1
used	2
leaves	1
unicam	1
adding	1
best	5
action	1
tron	1
conventum	1
deducit	1
sleepy	1
among	6
his	407
efficacius	1
quodam	1
odium	1
too	8
mum	1
sanxit	1
moderatio	1
english	11
potentates	1
arabic2digit	7
conjuncta	1
lifeblood	1
remove	2
cavalier	1
raro	1
speak	6
obstructed	1
politely	1
industriam	2
council	6
letter	7
nemine	1
jones	1
pour	1
its	15
independent	1
lest	1
touchstone	1
rever	1
inimical	1
arcadia	1
ft	1
appeal	1
higher	1
memorable	1
elevation	1
tranquillise	1
methods	1
mention	3
notum	1
strenuously	1
dispatches	1
nemini	2
absurdity	3
servit	1
shapes	1
compelkns	1
exercitatio	1
nulla	1
prophet	1
internal	1
dtinde	1
selfish	1
poems	2
acquiescat	1
fell	2
ancient	5
laude	1
addicted	1
hell	1
gone	1
fervently	1
here	6
worth	1
ministri	1
control	1
recovering	1
gsoriam	1
srbi	1
resembled	2
family	5
republica	2
excels	1
biennio	1
thinking	1
nuunt	1
story	2
divinavoluntate	1
apparent	1
obtain	2
seu	1
unanswered	1
death	7
court	5
concocting	1
merentes	1
ejufinodi	1
present	2
unfeignedly	1
haunts	1
parte	3
inseriori	1
legentiurp	1
nigror	1
dcfuit	1
diligently	1
imprisoned	2
cordially	1
mistress	1
didicisse	1
i	100
sinners	1
naval	1
freedom	9
uneasy	1
along	1
urbc	1
commendation	1
tried	1
solidly	1
expression	6
minusbenignecensent	1
existence	2
deserted	1
sort	2
value	3
satisfied	1
vivit	1
intimum	1
hopes	1
reproached	2
with	133
audacter	1
associates	1
submit	1
taken	5
persequi	2
debilitate	1
detestation	1
medior	1
hardship	1
though	27
necessity	1
agreement	1
eager	3
refreshed	1
bounded	1
quantas	1
nostros	1
presage	1
munt	1
seriari	1
firmness	2
animo	2
demonstration	1
miseries	1
inclination	1
cur	2
apartment	3
imitating	1
fixed	1
potes	1
unfavourable	1
suisse	1
properly	2
una	1
everything	2
viri	4
urgent	1
whisper	1
lucetnam	1
hos	1
battles	1
concealment	1
vale	1
inveigh	1
tenets	2
aih	1
numine	1
fa	1
arabic1digit	29
designs	1
fortiter	1
been	29
omnefque	1
severus	1
quando	1
fariie	1
nineteen	1
mcis	1
ludus	1
absolute	1
fore	1
libere	1
respectable	1
happy	1
magistratuum	1
bucer	2
recto	2
prope	2
inconsiderable	1
gentj	1
honest	3
guilty	1
minore	1
you	19
spem	1
language	8
doctrinam	1
disregard	1
determine	1
force	3
grateful	1
immotus	1
bull	1
midst	1
philosophy	1
ostendet	1
hi	2
ulla	1
ut	13
imposed	1
darkness	5
est	14
history	1
frugal	2
own	39
easily	4
secure	2
lifeless	1
illustrate	1
blended	1
gratuity	2
ipibrum	1
persuasive	1
taiitum	1
direction	1
tardier	1
unworthily	1
tumult	1
parisian	1
maximis	1
flatterer	1
foreigners	2
concionabundus	1
tantos	1
chosen	5
embarrassed	1
spare	1
urged	2
substantiate	1
actual	1
stylo	1
demigods	1
possum	1
proponi	1
summorum	1
iris	2
employment	1
ungraceful	1
inurbe	1
tit	1
immediate	2
persuasissimum	1
censures	1
toil	2
dux	1
inconclusive	1
depraved	1
president	2
extinction	1
deum	1
dummojo	1
grandfather	1
areopagitica	2
itidem	1
visitetl	1
abundance	1
deditque	1
athenian	5
tanquam	1
thief	2
smallest	2
discern	2
writing	3
conscious	1
thirsting	1
display	3
store	1
prejudice	2
delivered	1
indissolubly	1
line	2
mysterious	1
btlissimus	1
lively	1
inclinable	1
purchased	1
libertatem	3
presuming	1
accidentally	1
woie'tr&ixt	1
shakespeare	1
sing	1
evectuin	1
depreciating	1
parts	1
delight	2
imputed	2
reforming	1
indulgence	1
accomplish	3
else	1
quoddam	1
devotional	1
adjutant	1
cogitationcs	1
abrogated	1
seel	2
natural	4
replied	1
allude	3
oft	3
falls	1
sew	1
infit	1
zeal	4
enterprizes	1
disorder	2
monboddo	1
god	15
acted	2
susttilit	1
publicis	1
persecute	1
upright	2
heroic	1
gate	1
various	7
engaging	7
intellectual	1
videturj	1
literature	4
ainiy	1
paragraph	1
derided	1
deponcrc	1
imagines	1
charms	1
wounds	1
expectationem	1
sufficient	2
licensed	1
they	45
rum	1
lustre	1
eodem	2
r	2
fooling	1
potentia	1
vain	2
sufferings	2
age	3
quas	2
testifies	1
protestants	1
gratuitously	1
sufferer	1
retained	1
observation	3
condemn	1
rnay	1
reclamitarent	1
great	32
unshaken	1
shrink	2
we	47
refuge	1
spei	1
thirty-five	1
adhere	1
terror	1
met	1
pure	3
sublimest	1
whom	36
christians	1
numinis	1
gloriously	1
sic	5
assume	1
times	2
surest	1
iratum	1
compliments	1
patriot	1
prosecto	2
tum	5
breaker	1
arch	1
apostolo	1
entirely	2
mcam	1
possible	6
dr	2
affirmed	1
practice	3
optet	1
libertatcm	1
all	38
scripsissem	1
infinite	1
hate	2
elapsed	1
misfortune	3
out	3
proficiency	1
imminuto	1
totalege	1
would	25
very	20
interdiu	1
frugality	1
admires	1
indiscreet	2
white	1
unbecoming	1
hebescere	1
tumultuarentur	1
where	8
injury	1
quadam	1
drawing	1
impetu	1
farewell	1
clausis	1
visit	3
anguisih	1
interview	1
partiality	1
remotissimas	1
descriptive	1
legatum	1
duce	1
sine	1
erit	1
disadvantages	1
acrimony	1
voluit	1
vos	1
monument	1
chance	2
faith	2
lodged	2
mirth	1
ego	6
anecdote	1
suturum	1
spernere	1
vultus	2
personalname	202
members	1
vocesque	1
vultu	1
sounded	3
subject	8
prae	3
licecet	1
apud	1
annihilate	1
smith	1
imperious	1
scito	1
acting	1
wealth	1
rot	1
vidit	1
accommodated	1
vcl	5
notwithstanding	2
fortunate	1
uti	2
highest	9
preserving	1
pietatis	1
intextus	1
repeat	1
varnish	1
reasonable	1
athenians	1
frugem	1
cæcus	1
let	13
velle	1
invigorate	1
finally	3
fortahis	1
do	7
closes	1
tuarumquein	1
vere	2
pleasure	3
adhuc	3
pay	1
dauntless	1
caligo	2
flourish	2
antiquus	1
fictitious	1
pe	1
man	35
impossible	3
monition	2
ormond	4
plusquam	1
publications	2
statuendum	1
messenger	1
sumptuous	1
younger	2
consecration	1
minus	4
ridiculed	1
du	4
fateorquicquid	1
discrtiorem	1
work	19
effect	5
intercifis	1
see	3
magnanimity	2
lesser	1
tolerabam	1
grievance	1
gesterit	1
tavern	1
patronus	1
christendom	2
provocation	1
infantine	1
afpexiflem	1
honoured	2
morum	1
trahebant	1
forgiven	1
entitled	5
spirited	3
intemperate	3
salutationes	1
infant	1
dissension	2
contention	1
ingratitudo	1
otium	3
magnitude	2
hourly	1
perniciosum	1
totum	1
intimately	1
quoad	1
accounted	1
gravitate	1
revising	1
specimen	1
life	32
if	33
symtomata	1
leyden	1
position	1
deinde	1
preeminent	1
natura	1
tatum	1
liatu	1
ipsa	4
muneris	1
ungenerous	1
angel	2
appointment	2
dummodo	1
accusers	1
deserunt	1
pretty	1
supreme	1
penetrating	1
reverse	1
misery	1
persons	7
fools	1
indignant	1
ijfi	1
printed	2
fervency	1
prevailing	1
married	1
better	7
laborem	1
fake	1
residue	1
rather	10
ground	2
example	7
bitterness	1
enthusiasm	5
chiefly	6
gross	1
enforce	1
privilege	1
summoned	2
moni	1
abortion	1
truest	1
judge	3
tolerantiam	1
some	24
mini	2
consummate	2
particulars	4
facta	1
meaner	1
discussion	1
dc	1
hoped	1
recollection	1
urges	1
rempublicam	1
return	8
u\y	1
bell	1
te	11
he	287
arraign	1
censum	1
expectation	2
assiduously	1
rationi	1
looks	1
savage	2
impositum	1
answering	3
quiddam	1
to.wisli	1
hague	1
pretended	1
ipsos	1
adolescentia	1
vironim	1
clausissem	1
unchristian	1
implore	1
allow	4
engaged	7
mineral	1
late	3
bold	2
hailed	1
imbecility	1
inseparable	1
projector	1
legere	1
persuasion	2
improved	2
asserted	2
call	2
protested	1
essem	1
descriptions	1
sorry	1
apt	2
satirist	1
offered	1
km	1
above	3
admonished	1
placidus	1
repentance	1
same	3
exultation	1
feels	1
marvellous	2
quicken	1
matched	1
fearless	1
alive	1
consiantianv	1
other	11
clergy	3
general	7
mercy	1
speedy	1
accepta	1
magistrate	1
adversaries	1
litre	1
richelieu	1
tonne	1
colonel	3
famous	1
months	2
pope	1
duplicity	1
writer	6
ancestors	3
discover	2
pigere	1
founded	1
differing	1
abstain	1
mortem	1
few	3
publicam	2
marrying	1
escape	1
young'hand	1
loves	2
imbecillis	1
pleasing	2
office	7
repentant	1
latæ	1
names	1
crepat	1
lover	2
tuque	1
ac	10
simul	1
care	1
scribendi	1
valeant.'*	1
decree	1
iijiiljjftjfcafojm	1
fixum	1
omiscrim	1
este	1
sparingly	1
par	2
licentious	2
ventuum	1
often	5
blame	1
examining	1
nitate	1
party	7
suggested	1
defeat	1
corporis	1
precepts	1
fron	1
proseci	1
bodily	1
wasted	1
curandis	1
nominis	1
occasioned	3
article	2
but	80
strenue	1
eloquence	10
perducere	1
folio	1
lis	1
concludes	2
refusal	1
possibly	2
stimulate	1
plain	1
virgilian	1
appeared	9
perhaps	15
credimus	1
magis	1
heat	1
had	98
detested	1
op	1
improbable	2
reputed	1
stripped	1
personage	3
mine	3
allowed	2
wast	1
ingens	1
show	5
er'picbat	1
imposture	1
/fajtt'xci	1
demanded	1
rimulam	1
being	15
freely	1
deprived	1
tell	1
mos	1
increasing	1
bravest	1
request	3
the*charge	1
censure	2
compara	1
prepared	1
problem	1
shall	9
literary	5
whatever	8
imagine	2
knowledge	2
tutelaris	1
eminent	4
catalogue	1
himself	46
murder	1
blackness	1
died	1
fay	1
rejected	1
proportion	2
canon	1
antiquius	2
exquisite	1
stirring	1
^imself	1
christ	3
ubcrius	1
designed	1
saepius	1
testatus	1
early	2
praises	3
manner	2
redressers	1
prodierint	1
conspired	1
humane	1
curiosity	1
phrases	1
sedulo	1
studies	5
jouij	1
agnoscere	1
critics	1
intended	4
courts	1
despotism	1
viderint	1
rewards	1
esie	1
war	1
engage	2
solo	1
sentiments	4
prins	1
serviri	1
frustrate	1
bramhall	1
even	11
ius	1
lay	1
quitur	1
flan	1
ingenium	1
starred	1
apprehend	1
devout	2
direct	1
ærumnas	1
silence	1
bus	1
vulnera	1
derived	1
such	33
thdy	1
un»	1
induced	6
likelihoods	1
opinions	2
dignatur	1
suspect	2
quærenda	1
copious	1
arbitrary	1
come	1
presbyterians	2
imputing	1
ncceilarium	1
renders	1
neglected	2
benevolentiae	1
completely	4
manly	2
providence	2
familiar	1
hoarse	1
treated	2
conferred	1
regions	1
throughout	1
sword	1
obvio	1
honesty	1
preacher	2
discovers	2
tionem	1
deinonstravit	1
fitting	1
thirty-nine	1
occupat	1
quidni	1
reverere	3
exchange	1
sq	1
æque	2
spes	1
unnoticed	1
decoxifle	1
linked	1
pueritia	1
tenebras	1
scornfully	1
ulac	1
thoughts	4
futility	1
dazzle	1
informs	3
accuser	2
fortune	3
appendix	1
duilu	1
beneficent	1
preeminence	1
existimationem	2
contest	1
res	5
offence	2
cibopræscrtim	1
suggestion	1
condescended	1
mentioned	1
atqus	1
inter	3
taste	1
hostility	2
diu	2
quoeunque	1
assigns	1
racinus	1
englishman	1
how	15
perserutabitur	1
ante	1
detentis	1
northern	1
tum'atque	1
literas	1
productions	1
inde	1
first	30
delightful	1
continually	2
changed	1
marvel	1
preparing	1
forcibly	1
aliquantulum	2
therefore	9
prefbyteriani	1
attach'upon	1
hive	1
ascribed	2
sortium	1
eloquently	1
discharged	1
beneath	1
darling	1
cheek	1
blessing	1
meet	1
motley	1
applied	1
conduct	16
she	5
kneeling	1
salmasius	4
voli	1
changes	2
altero	1
acknowledged	2
resugere	1
de	16
videris	1
reproach	2
numerous	1
rhyme	1
cogor	1
conveyed	1
firmiffimo	1
davies	1
rebus	3
bonum	2
passed	1
hypocrites	2
marriage	4
permutare	1
conjux	1
pursue	1
scholars	3
negaverit	1
grow	1
fides	2
relates	5
nec	2
lik.0	1
sight	9
perusing	1
virium	1
calamities	1
sarcastic	2
occurrences	2
effecerit	1
thwarted	1
vuftufyue	1
um	1
trespasses	1
inconsistency	1
eundem	1
spend	1
assertion	1
reconciliation	1
conspiring	1
intervallo	1
content	4
personal	8
advantage	1
mortal	2
prer	1
deeply	2
modum	1
discrucior	1
vero	1
foul	3
excess	1
tristis	1
vacationem	1
blemish	1
grounded	1
causes	1
ia	1
exasperated	1
candle	1
suppress	1
colour	1
thirty	1
defective	1
heard	2
virum	1
theory	1
injures	1
safe	1
nihilo	1
persuaded	3
secret	3
quoque	6
outrageous	1
motive	2
wider	1
|»erson	1
pur	1
spectior	1
conve	1
voluptatum	1
intelligere	1
viore	1
island	1
qui	7
certificate	1
endowments	1
abridgment	1
should	17
ployment	1
edoctum	1
wicked	1
endure	1
periods	1
intrepidity	1
courage	3
plied	1
equally	2
promiscuously	1
pernicious	1
meos	1
base	2
geimanum	1
roll	1
facto	2
overwhelming	1
pervolvendis	1
thanks	1
fit	2
praesertim	2
consilio	2
rise	1
im	2
fulfil	1
nostri	1
distinguishable	1
orders	1
sunt	3
ambition	2
pursuit	3
infernal	1
dtcendo	1
offices	1
tyrant	2
church	5
whatsoever	1
benignitatem	1
superior	3
assembly	1
animi	1
prævidere	1
nient	1
using	1
reformed	1
living	1
parietes	1
closing	1
tempora	1
quasi	7
record	1
informed	1
physician	2
healthy	1
be	104
plight	1
habetj	1
preparations	1
department	1
nurse	1
wisdom	7
art	2
facerem	1
backward	1
faithful	5
fectly	1
aliis	2
praising	4
servile	5
deluded	2
seat	2
quemquam	1
cure	2
sententiae	1
advice	1
confident	2
disturbed	1
gravari	1
moderate	1
eye	5
per	9
correspondents	1
dnd	1
private	7
passages	1
means	2
estimation	3
adsint	1
sublime	4
exterarum	1
exerat	1
ipso	2
ex	3
reddidere	1
pa	2
consonant	3
exhortation	1
deeper	1
suspend	1
consult	1
ecce	1
turned	2
explained	1
institutio	1
oculum	1
book	12
both	16
commons	2
affirmare	1
regretted	1
