dur	1
an	144
declared	1
streams	1
hateful	1
merchandise	1
invasion	1
warmed	1
perceived	11
sub	1
imagination	11
superstition	1
possess	6
sum	1
purple	1
cannot	21
opportunities	1
acknowledgments	1
ºtherefore	2
liked	1
sufficed	1
pence	1
server	1
wine	2
punish	4
dignitary	1
houses	1
score	1
masquerade	2
indigestion	1
hallam	3
pretence	3
gilpin	7
request	3
thou	27
alone	8
union	2
divulged	1
remain	5
depart	3
instances	2
thunder	1
thought	21
kind	9
duties	5
incoherent	3
goodness	6
enraged	1
throw	4
pleasant	4
seems	2
improper	2
regions	4
beseech	1
caliph	1
cool	2
straights	1
became	22
notice	5
assiduous	2
connubial	1
speeches	2
perseverance	2
son-in-law	3
justify	2
expe&ted	2
prize	2
autumn	1
signifies	1
load	2
part	24
borrow	1
character	5
children	20
theirs	3
treat	3
awaken	1
elucidate	1
charms	8
poets	2
dragon	1
states	1
jećt	2
introduced	2
hill	2
discovered	13
every	42
tyrants	2
conspicuous	4
such	60
paleness	1
observing	4
inlaw	1
mail	1
tables	2
enlarged	1
charmed	2
patience	5
father’s	3
performing	2
encouraged	4
undivided	1
leisure	1
account	8
provocation	1
inspire	4
promise	7
hysterics	1
dignity	2
candour	1
powerful	4
divide	1
aimed	2
exchanged	2
wife	23
refreshment	1
astonishment	4
revelation	1
reply	1
clasped	1
health	8
putting	2
posterity	1
speech	1
addresses	5
especially	1
pleasure	18
dispositions	2
attribute	1
daggers	3
confess	8
deserve	5
ceal	1
incapable	2
advise	3
eleventh	1
seri	1
defended	1
govern	1
series	1
arabicprice	1
resumed	2
obscured	1
restored	3
sure	3
retinue	1
intimately	1
joy	9
diligence	2
filly	1
noblest	1
enamoured	3
thorn	1
captain	4
news	7
discovery	3
emptied	1
glided	1
whence	2
hydras	1
idle	1
noise	4
accompanied	3
intentioned	1
successful	2
hatred	2
scream	1
utterly	2
harsh	1
suspected	4
overflows	1
care	19
readers	2
tenaciously	1
five	8
statue	1
grief	5
again	13
luxurious	1
tremblingly	1
plausible	2
relieving	1
amon	1
advised	1
parties	4
tigers	3
town	5
ingeniously	1
neither	10
somebody	1
income	3
sees	1
inherited	2
ordained	1
scat	1
refle&tion	2
proofs	2
smiling	5
knowledge	11
confounded	2
circumstanced	1
waves	3
inhabitants	1
feels	2
humanity	4
affable	1
at	173
hope	12
dire&t	1
lombards	1
maintained	1
elevated	1
reječted	1
shed	1
soldiers	1
reigned	1
through	18
sunk	1
state	6
principal	1
drawing	1
lords	1
pronounced	3
louder	1
ungrateful	2
alloy	1
detected	1
spoken	4
avidity	2
seat	2
reputation	7
great	45
affords	3
services	2
objećt	8
devotion	4
felicity	2
sweeter	1
congratulations	1
engage	2
shrubbery	1
richer	1
approaching	4
everybody	3
razan	1
paying	2
baghdad	1
compliment	1
moored	1
computing	1
cattle	1
acknowledgement	1
added	9
wines	3
sullenly	1
each	13
inter	1
not	236
formed	2
commission	4
efforts	2
alley	1
commodiously	1
moderation	1
dwelled	1
miscarrying	1
ingratitude	3
deviation	1
embarked	5
described	4
enjoys	2
deed	2
contemned	2
burleigh	1
egerton	15
dream	5
kings	4
effectually	1
resolutions	1
afraid	7
expatiate	1
happened	4
say	11
portion	6
exactly	4
easter	1
imploring	1
fal–	1
ones	4
sake	5
generously	1
chagrin	3
renouncing	1
felt	10
virtue	20
indubitably	1
fellows	1
instantaneously	1
self-denial	1
vicifitude	1
declare	2
dispatched	1
prodigality	1
shoe	1
weather	2
suspense	4
making	7
joined	6
signior	1
fabulous	2
act	7
proved	5
succour	1
changing	2
º	10
labour	4
unexpectedly	1
languished	1
pain	11
apostolic	1
pardoned	1
betwixt	1
generosity	3
forget	7
think	35
charge	5
seasons	1
errors	2
literary	1
superiority	2
busy	3
levees	1
whirl	1
crisis	1
fountain	22
opening	1
money	10
splendid	1
rated	1
circumstance	3
cam	1
computation	1
heaven	9
sincere	5
aurora	2
majesty	1
empire	2
delicate	1
spirits	4
prayer	3
mingled	1
worthy	11
vexation	1
thinly	1
gaining	2
dispraising	1
am	67
lips	3
river	6
discharge	1
buried	1
meditating	1
wood	3
brutal	1
repented	1
foolish	3
rose	3
gentleman	14
intercourse	1
richly	2
me	312
happily	2
rokh	2
plurality	1
depends	1
talismans	1
cavity	2
carazan	1
secured	2
passions	10
benefit	1
annual	1
warmly	1
insensible	2
ran	2
tempted	3
lovers	2
meditate	1
acceptable	1
feet	4
timid	1
because	22
amused	1
reproaches	2
reposing	1
subječts	2
quite	8
fićtion	2
florid	1
door	5
explain	6
done	23
isle	5
bustling	1
objećts	2
determining	1
still	18
mighty	2
command	4
maid	6
bubble	1
succeeding	1
times	7
conversed	1
accuse	4
compliances	1
wated	2
distress	3
gaw	1
formerly	4
mah	1
virtues	5
ºrre	1
soothes	1
wean	1
behaviour	13
miracles	1
constant	3
arm	5
instructed	1
íhip	1
make	45
having	29
detection	1
counsel	1
repeated	5
compassion	6
acquainted	8
belove	1
nervous	1
pression	1
poetry	1
share	5
rid	3
solid	1
deter	1
independence	3
levity	2
locks	1
need	4
weltering	1
delicious	6
lying	2
judged	1
slightest	1
law	2
fury	4
uninterrupted	1
deceiving	1
useless	1
landed	1
appetites	1
contine	1
could	89
convincing	1
perceiving	4
situations	2
passage	2
letters	2
knife	1
trouble	7
geese	1
repudiated	1
proceed	3
hand	23
scene	4
relate	5
fops	1
deserves	2
valet	1
telling	5
transaction	1
eyes	24
earnestness	1
ring	1
confirmation	2
round	6
duration	1
out	35
tado	1
talked	2
caresses	1
whizzing	1
task	1
also	7
horse	7
accepted	2
way	13
agreeably	1
strangle	2
extremely	3
supplications	1
inconsistencies	1
disquietude	1
chilled	2
reduced	1
accommodation	1
otherwise	6
remind	2
concealing	1
priety	1
conceal	3
open	7
eagerly	2
carefully	1
chastisement	1
meal	4
qualified	1
looked	13
wing	1
example	9
estimable	2
expresses	1
ardour	2
intoxication	1
cast	3
estimate	1
feeling	3
receiving	1
extract	1
known	7
liament	2
branching	1
marry	9
hurry	1
reflečtion	1
hath	11
upwards	2
reluctance	1
regarded	1
craggy	1
second	6
neigbourhood	1
pal	2
fisherman	1
wrote	3
heir	3
laughed	5
scrupled	1
extending	1
coquette	1
absolutely	2
blade	1
kinds	1
concise	1
bed	6
settled	2
turned	5
alighting	1
starving	1
temple	2
emperor	6
debating	1
would	103
labours	3
sunday	1
chains	1
dined	1
ruminate	1
romannumeral	66
servants	6
stories	2
composition	2
punétuality	1
caused	1
importance	2
told	20
ranked	1
u	20
deconomy	1
us	51
composed	2
poniard	1
penetrated	2
determination	1
disposed	2
derive	1
evening	7
forester	2
barnard	3
huge	1
declaring	2
snatch	1
renown	1
plea	3
bore	3
manner	25
marks	2
praise	7
surrounded	1
senate	1
sound	2
frail	1
fourteen	1
unpunished	1
evinced	1
remorse	1
titles	1
pistachoes	1
finest	4
atone	1
brother	4
includes	2
spend	3
lessen	1
finances	1
blue	4
search	9
disguised	1
deprived	3
inflićted	2
inhabited	1
tottering	1
impetuosity	1
survive	1
verdure	1
beside	2
greatly	5
ili	1
advances	2
expeditious	1
attempted	1
ceylon	4
odes	1
st	3
extorting	2
bedev	1
lingering	1
thinking	2
solicited	1
bribes	1
province	1
returned	9
composure	1
alas	5
absurd	1
sullied	1
motion	1
physicians	2
established	1
sir	42
length	5
aëted	1
knavish	1
contemptible	2
unmoved	1
boasted	1
disguise	1
friendship	5
deceive	3
philosophy	2
prime	2
enable	2
youth	7
began	17
inclined	2
indies	1
snarles	1
p’’	1
want	8
unhappily	1
illegitimate	1
youngst	1
despicable	1
constitution	2
tame	1
smile	4
peevish	1
success	8
shoes	2
rivalling	1
these	49
yonder	4
refined	1
shouldst	1
asord	1
regard	12
must	25
contempt	6
virulent	1
misconduct	1
top	3
robe	1
disordered	2
exhibiting	1
taller	1
fortnight	2
exist	2
diverted	1
swear	1
concealed	3
apprehensive	1
abuse	1
pay	6
hearing	5
touched	3
stimulates	1
see	35
pretext	2
rage	4
honourable	1
usurer	1
enlivened	1
mortification	1
begin	3
habit	2
buy	1
designs	1
islands	2
committed	1
white	2
mostly	1
valley	2
affections	3
hired	1
happiness	12
keys	1
things	17
serenity	2
immense	2
bag	3
came	26
horrid	3
clamour	1
happens	1
this	217
discover	6
testified	1
myself	70
pull	1
pray	3
youthful	2
habib	2
flićtions	1
discovering	3
drowned	2
nay	6
toils	1
yielded	1
haughtily	1
strange	4
woes	2
enough	24
glowing	3
hairs	1
turns	2
levelled	1
sailors	2
hunted	1
devouring	3
animated	2
cannon	1
easy	6
returning	4
paragraphs	1
dreams	2
wounded	2
revolve	1
heathen	1
confirmed	4
behave	1
shading	1
nursed	1
chaise	1
almost	17
desty	1
sabres	3
intercede	1
degree	9
precept	2
exulting	1
sº	1
burst	4
meanness	1
endeavoured	5
sitting	3
quick	1
attentive	2
speaking	7
assuming	2
plagues	1
advantage	10
progress	4
remotest	1
dead	3
voice	7
occasioned	6
teeth	2
periods	1
oz	1
sacred	2
conceiving	2
flow	4
horror	7
caution	3
masters	1
star	1
beds	1
blow	3
infatuated	1
italian	1
decide	1
weeks	4
promote	4
promised	5
delighting	1
magnificent	2
wanton	1
name	14
theni	1
silent	2
entertained	5
negle&ted	1
k	1
moment	22
jealousy	3
arrival	4
warmth	3
the	1781
eaten	3
hug	1
person	22
tree	4
obeyed	2
high	4
about	20
eldest	2
friends	11
fie&t	1
whomsoever	1
confidants	1
extremity	1
eat	11
adulation	3
pre	1
stated	1
purity	1
precious	2
flowing	1
solitude	4
let	25
afflićted	1
pupils	1
perfection	1
ftrućt	1
enervate	1
humoured	1
rector	2
without	58
treasure	3
presence	8
gravely	1
obscure	2
consented	3
generous	10
rude	1
gratified	3
indiscretion	1
bottom	2
dale	1
desires	8
preserver	2
perfect	3
longing	1
impresfion	1
mode	2
adoption	2
appointed	2
h	9
gain	6
soul	6
twelfth	1
ç	1
cover	4
seem	6
persuading	1
trust	5
purse	2
convinced	5
winning	1
confused	1
tyrant	1
diverting	1
teased	1
beard	2
affirms	1
circumspect	2
related	6
contains	1
g	38
sec	1
kindled	1
forest	1
praised	2
whereas	1
qualities	3
blush	2
examine	1
tales	6
adopted	1
lacedemonian	1
hides	1
supposed	8
ar	1
sonde	2
served	2
lives	4
broke	4
propernoun	200
vices	4
unwary	1
walk	5
embraced	4
means	18
remainder	2
hundred	8
wretched	3
regain	1
showed	8
sleeve	1
passionate	2
smote	1
necessities	1
wrong	5
subjects	2
sweetness	3
oppressed	5
breath	3
rivulet	1
bosom	5
kissed	2
weaknesses	3
extricate	1
ornament	2
impenitence	1
tears	6
allies	1
moon	2
pleased	15
agitated	4
terested	1
rival	2
perfeótion	1
betrays	2
inculcate	1
prompting	1
farm	1
coldness	2
infidelity	1
vićtim	1
hospitable	2
surnamed	1
thorough	1
contempuous	1
undeceive	1
naked	3
parish	2
send	5
agreeable	11
lil	1
hence	2
probability	1
reporter	1
men	34
waking	2
accompany	1
true	17
forbade	1
opinion	12
attending	2
tasks	1
duty	7
educated	3
army	7
helped	1
logic	1
ing	4
mind	31
unhoped	1
pardon	1
fortunes	1
hoped	2
proposition	1
righteousness	1
impression	3
forgot	1
fumes	1
possessor	2
probation	1
gentlemen	4
digest	1
temples	1
fondness	2
dissertations	1
resolution	14
respect	5
use	9
supernatural	1
repair	1
agitations	1
gained	6
advanced	4
antiquated	1
realised	1
caligula	1
enchanted	2
ch	1
augmenting	1
lady	39
gaze	1
wrongs	2
laid	8
doses	1
parishioners	2
stately	1
gardens	2
propensity	4
forgive	3
believe	17
avoided	4
ate	1
young	28
enumerated	1
deplored	1
sequel	1
fit	6
corrupt	1
county	1
ob	3
mere	2
played	3
idea	5
places	2
eu	1
correction	1
look	6
forms	5
antics	1
deliverer	1
mechanism	1
flattered	2
reëtor	1
slaughter	1
inflict	1
liberty	11
utter	1
prevailed	7
endea	1
hackney	1
happen	3
fashionable	1
lučtance	1
fancy	8
tranquillity	4
deep	3
scholar	1
hospitality	5
requires	2
ecstasy	1
protection	3
deli–	1
fair	4
presents	3
gratifying	1
capricious	1
earth	12
does	8
permit	5
cold	2
threatens	2
ridicule	1
sell	1
equal	5
singularly	1
pangs	1
battle	4
intercessions	1
shades	2
indigent	1
pined	1
herds	1
approached	7
help	8
pitch	1
never	35
amer	4
clemency	1
faces	1
warrest	1
then	40
reside	1
visage	1
experienced	1
wouldst	1
god’s	1
flattering	2
next	12
imprudently	1
instruct	2
turn	9
scheme	3
favourite	3
eve	1
glorious	3
confidence	5
vice	4
good-natured	1
crimes	2
happier	1
acknowledge	5
supplying	1
despair	10
saw	17
infidel	1
destroyed	1
taught	7
battery	1
friend	18
i’ll	1
mild	1
banished	1
last	19
niece	1
fortitude	5
pointed	2
rested	1
ornaments	1
os	1
occupations	1
malice	1
total	1
stir	1
defence	3
ruling	1
irretrievable	1
growing	2
delighted	2
unanimously	1
listen	3
stayed	1
physiognomy	1
deceit	1
vichnou	1
dearer	2
marvellous	1
cheer	1
expand	1
depended	1
chara&ter	1
te	1
avoid	4
ačtions	3
no	101
shade	1
prepossessed	1
inconveniences	1
alps	1
insatiable	1
invite	2
tartary	1
schemes	3
removed	3
len	1
insolent	1
pretend	1
schoolfellows	2
numbered	1
betimes	1
unfelt	1
fixty	1
ease	5
heated	1
fed	1
northwest	1
departed	2
bird	3
dićtated	1
ashamed	2
instructor	2
occasionally	2
finds	2
plant	1
wanted	8
relish	3
thanked	2
born	4
forerunner	1
temporary	3
shoulder	1
owe	2
good-humoured	1
conquer	2
perfidy	3
hall	1
seek	2
powers	1
danger	4
excite	2
pledge	1
correct	1
electing	1
tiger	1
successively	1
acquire	2
barred	1
ways	1
screamed	1
ground	4
precaution	1
maxim	1
necessary	5
persisted	3
asleep	2
retarded	1
epitaph	1
connoisseur	1
guess	2
that	437
books	1
veil	3
active	1
plumb	1
darts	1
landscape	1
amidst	1
feelings	2
strict	2
softening	1
further	4
awoke	1
promising	1
occasion	8
nations	1
contained	1
praśtice	1
her’s	2
sought	2
drive	3
heighten	1
itself	7
michaelmas	1
minister	1
flood	1
extensive	3
youngest	2
protested	1
condućt	11
king	12
indian	1
thousand	13
yesterday	2
approved	1
order	11
house	17
spacious	3
bleeding	1
divorce	3
idiots	1
co	3
accustom	1
plundering	1
orator	1
coldly	1
indulge	6
impart	2
meridian	1
bows	1
earnestly	2
vital	1
excursions	1
contrary	9
fund	2
situated	2
indolent	1
behind	2
tumours	1
walls	1
convince	9
shoulders	2
exposed	4
flew	3
filling	1
bestowed	2
appearance	3
remarkable	1
expiring	1
civilly	1
ačted	2
refusing	3
losses	1
girl	1
creatures	2
thus	26
admirers	2
profession	2
simply	1
hungry	3
armies	1
disappeared	1
answers	1
days	16
oblique	1
trifles	1
tender	9
around	2
tenderness	6
obstacle	3
enormous	1
reserve	1
society	14
artificial	1
degraded	2
affluent	2
crudence	1
pursued	5
betrayed	2
shalt	2
injurious	3
change	6
magna	1
remote	1
humourously	1
saluted	3
detained	2
mamma	2
daily	2
tumultuous	1
heroes	2
keep	3
french	2
sigh	4
phocion	1
mount	1
affair	8
shells	2
fragments	1
cupid	1
perform	1
collision	1
displeasing	2
labourers	1
studied	1
slow	1
riot	1
addition	1
least	17
lived	9
afflićtion	2
shown	2
elečted	1
closest	1
since	7
opens	1
limits	1
leap	1
island	16
approach	5
once	9
s	35
school	2
unhappy	6
arts	1
seemingly	1
worthless	1
ourselves	12
found	24
effer	1
fifty	7
pelopidas	1
inflexible	1
likewise	8
involuntary	1
written	1
beauties	2
torrent	2
faithfully	2
encourage	4
melancholy	2
schoolmaster	1
except	7
neighbourhood	7
latter	5
old	26
gold	8
arguments	2
acquaint	3
insolence	1
offspring	1
vain	11
distrust	2
vexed	1
consenting	1
agreed	2
master	26
killed	2
touches	1
attain	2
cherishing	1
ears	2
severities	1
travelling	1
poison	2
hypocrisy	1
nicely	1
compassionate	1
greedily	1
insignificance	1
memory	2
niceness	1
panted	1
accessary	1
intercept	1
rain	1
three	13
muffled	1
soft	1
ability	2
wretchedness	1
winter	2
abyss	1
will	85
accusers	1
fellow	2
word	2
adventure	7
frosts	1
too	30
consummation	1
dies	1
degrees	4
gentle	1
morality	1
their	69
combat	3
harmony	1
pill	1
convenient	1
those	39
concurred	1
expense	1
unembarrassed	1
strong	6
drudging	1
offers	1
usage	1
saying	3
nothing	19
monarch	4
indebted	1
gratification	2
insight	1
partiality	1
sight	8
cease	4
servant	2
emotions	2
sails	1
lighted	2
insiduous	1
foible	1
by	194
eternity	3
poems	1
wandering	1
partly	4
termed	1
plenty	1
robbers	1
throwing	3
fits	1
intentions	4
sharper	1
justifiable	1
thoughtful	1
else	2
usual	4
attained	1
bent	1
amuse	1
across	1
building	2
rather	15
own	39
eminently	1
pierced	3
sink	1
dedications	1
strength	5
glitter	2
falsehood	1
brightness	2
view	4
harmless	1
meaning	2
sweepings	1
obliges	1
admonishing	1
mahomet	3
laughing	3
lovely	6
palace	10
equally	5
event	2
quantity	4
possessing	3
ridiculous	3
souse	1
amorous	1
contributed	5
morning	5
has	44
displeased	2
equipage	2
prepare	1
visible	3
insure	1
situation	7
withdraw	1
silk	2
inseparable	1
assisting	1
prejudices	1
apt	1
above	3
tormented	2
fifteen	1
alive	3
practised	1
caesar	3
grievances	1
voices	1
devoured	2
nostrils	1
resolved	15
rational	4
play	1
amusements	1
assassins	1
happening	1
if	80
lodging	1
departure	6
required	3
creature	4
went	11
expostulates	1
fay	1
connected	1
exchange	2
loved	4
recorded	2
over	18
silly	2
infinitely	1
torment	2
cannae	2
environed	1
object	1
understand	6
highroad	1
contenting	1
endeavours	2
invented	1
behaving	1
consequently	2
neighbours	1
caught	2
wondered	2
sudden	6
braving	1
cf	1
disgrace	3
repast	3
avert	1
ended	2
reason	24
garret	1
affected	6
lesson	1
athenians	3
slights	1
palate	1
esteemed	1
greatness	2
resolutely	1
applause	2
than	83
threaten	1
listening	1
kindly	1
connexions	1
adorable	1
essay	1
improprieties	1
az	1
religion	10
drinker	1
safety	1
tolerable	1
quitted	4
laws	1
ardent	1
station	3
recovery	1
present	21
avails	1
obtains	1
general	8
exhort	1
mouth	6
charming	5
similes	1
snug	1
willingly	1
execution	1
particulars	1
unaccountable	1
prayed	4
regiment	1
forbear	1
malady	1
enthusiastic	1
author	1
addićted	4
lover’s	1
seeking	2
uneasiness	3
amusement	1
certainly	6
unfortunate	6
her	234
manners	3
abovementioned	1
field	2
prey	1
universal	3
dress	5
pyramid	1
madam	9
receiver	1
greater	15
momentary	1
former	9
cross	1
hero	6
necessarily	1
heruli	1
four	1
embroidered	1
herbert’s	1
prompted	3
are	99
cabinet	1
rights	2
finished	5
spirit	2
giddy	2
sighing	1
ready	8
patch	1
loving	3
desirous	3
contemplating	2
imbibe	1
attendance	1
forward	2
confident	3
approbation	1
in	556
reiterated	1
enabled	1
yourself	11
propriety	2
i'll	1
carry	9
impatience	4
tendency	1
compliance	1
carlisle	1
storm	4
closed	1
were	99
preference	1
romance	3
conjure	1
largest	2
ingenuously	1
rekh	1
undertake	2
linen	3
loaded	3
ship	8
honour	14
consumption	1
scourge	1
box	1
rthough	1
bags	1
stood	4
catching	1
terminated	1
eleētors	1
vigorous	1
cards	1
owes	2
parsimony	2
accept	4
six	1
lover	12
everyday	1
awkwardness	1
cloud	1
for	258
hatches	2
cardinal	1
words	15
produce	3
already	3
entertaining	2
started	2
adored	1
bathe	1
remained	3
struck	11
claim	1
descended	2
tired	2
apartments	2
warm	4
inform	9
refusal	3
pebble	6
renewing	2
son	26
abhorred	1
bounty	3
converted	1
likely	3
nearer	1
privilege	1
concluded	1
comes	1
glowed	1
snares	1
parried	1
direéted	1
dreaded	1
leave	16
mountain	4
denies	1
fresh	3
discerning	1
horses	1
cup	2
snatched	2
chief	4
proportioned	1
raised	3
apply	1
humours	1
good	39
filled	10
deepen	1
blushed	1
park	1
library	3
assurance	2
avarice	2
invent	1
pračtibility	1
famine	1
remains	1
punished	3
egotism	2
disappointed	1
unsuspecting	1
im–	2
inordinate	1
discarded	1
bone	1
ideas	5
heartily	2
peace	4
lambeth	1
vulgar	2
transports	2
intrigues	2
desirable	1
refuse	1
fabricius	1
business	8
faults	1
canterbury	1
impossible	8
trumpet	1
sealed	1
discouraging	1
tone	3
patron	5
complied	1
executing	3
governors	1
combatants	1
condescension	1
created	1
fame	4
increase	6
frippery	1
desired	9
measure	4
threatening	1
blunt	1
advice	4
wall	1
government	1
pathetic	1
scarcity	1
ought	12
together	9
accouat	1
guest	1
poor	12
fancied	3
advantageous	2
private	3
period	2
obtained	4
dialogue	1
stream	2
storms	2
vindication	1
sighs	2
indignity	1
il	1
readily	3
tremble	1
cheat	2
raillery	1
overjoyed	1
multitude	3
hours	6
claudius	1
description	4
allotted	1
gallant	1
or	94
cabals	1
distemper	1
listened	4
mr	36
complication	1
wives	2
baneful	1
expressly	1
low	4
amiable	3
habitation	4
majesty’s	1
enliven	1
like	31
bespoke	1
violently	3
liable	2
forgave	2
pits	3
certain	14
schools	1
conditions	1
oppression	1
frightful	1
furnish	1
spent	2
whether	7
exceeded	2
meannesses	1
prudence	4
seven	2
ordinary	5
stranger	7
add	2
ingenuity	1
disrespectfully	1
industrious	1
covetous	1
love	42
bo	1
beloved	5
detested	1
inflexibly	1
short	16
excepted	1
imaginest	2
less	16
dressed	4
truly	5
transported	4
prompt	2
tered	2
doublet	1
issued	1
company	10
vagaries	2
accustoming	1
wants	2
pains	1
land	4
shilling	1
parents	4
sailed	3
luminary	1
farther	4
danced	1
e	111
exclaimed	4
it	259
correspondent	2
scipio	1
afterwards	5
fearing	1
picture	2
guide	4
ere	1
grace	1
admire	5
time	54
sunshine	1
exaggerated	1
darkness	8
outside	1
incidents	4
displeasure	2
disapproved	1
fićtions	1
couldest	1
rapidity	1
defeated	1
praćtice	1
unwilling	2
fully	5
circumspective	1
prized	2
vortex	1
disgust	5
stifling	1
deplorable	1
assured	5
intention	4
form	6
rank	3
scarcely	2
as	237
observe	12
mahometan	4
frequented	1
thither	2
colour	1
social	3
nursery	1
heresies	1
reinstated	1
deputy	1
glan	2
excellent	4
attracts	1
plants	1
pretending	1
herself	18
recess	1
sale	1
tore	4
offer	2
flat	2
accepting	1
camp	1
perceive	10
however	26
treasures	1
mayb	1
addressed	2
breaking	1
aunt	2
eloquent	1
riches	8
folding	1
sentences	1
charity	2
endeavour	6
follow	8
hardly	3
d	21
uniform	1
nights	1
fleeeery	1
yawn	1
difficult	4
applying	1
worth	3
affairs	6
obligations	2
alluding	1
fate	6
softly	1
study	3
alteration	3
beheld	10
glimmering	2
against	17
bah	1
thunders	1
duplicity	2
labourcd	1
have	214
joys	1
fix	4
probably	2
received	22
contriving	1
suddenly	5
jingle	1
rays	1
surprise	6
sparkled	1
observed	11
purpose	4
capriciously	1
crept	1
method	4
reserved	3
so	143
them	85
intend	2
include	1
airs	1
accomplished	2
waked	1
margin	2
plays	1
bank	1
take	25
insensibly	2
fails	1
judging	2
archbishop	1
reasoned	2
resplendent	1
knew	11
highest	2
lost	13
pale	1
roupees	2
real	10
takes	1
beauty	6
leaving	1
relation	4
secretly	1
week	1
mankind	3
find	24
cared	1
habits	5
worship	2
anxious	1
bosoms	2
venture	2
beasts	3
themistocles	2
prisoner	1
abroad	2
wherein	2
commanding	1
figure	1
unutterable	1
earnest	1
formidable	1
rule	1
belonging	1
accomplishments	3
truth	7
party	1
lengths	1
worse	1
frantic	1
tho’	2
zealous	2
fruits	6
dreamers	2
feure	1
access	1
wretch	7
temerity	1
dreadful	6
rolling	1
af	2
led	4
falling	2
visiting	1
ten	6
turning	6
arriving	1
able	9
surat	9
penetration	1
intemperance	2
starve	1
ele	1
explaining	1
percent	1
learned	2
wisdom	3
feather	2
choosing	1
hidden	1
contračt	1
calls	1
rook	1
peer’s	1
deeply	2
displease	1
reddened	1
lamp	1
quit	1
following	9
uneasinesses	1
epilogues	1
becomes	2
shrink	2
comparisons	1
winds	2
night	19
attends	1
doth	1
antidote	1
blood	3
benefices	2
determined	8
affront	1
either	14
concerned	2
alleviated	1
undertaking	2
reproved	1
fºot	1
loquacious	1
miraculous	1
injuring	1
live	6
mistakes	2
chariot	1
hinted	2
decency	1
middle	1
greediness	1
sopha	1
appear	6
accent	2
gives	1
stunned	1
submissive	2
benefited	1
snow	2
perfeót	2
sleep	4
revelling	1
individual	1
firm	1
rapturous	1
dishonour	1
haousch	1
sister	1
dumb	1
innocent	7
rapacity	1
affectation	4
logues	1
conversations	1
hunger	5
ungenerous	3
garden	7
effervescence	1
converts	1
absent	1
repose	3
positiveness	1
subsequent	2
countries	1
sail	5
alluring	2
agesilaus	1
esteem	2
verse	1
shield	1
just	13
tax	1
serious	1
companions	4
detaining	1
mountains	2
malt	1
themselves	14
disagreeable	2
hurried	1
nature	22
back	3
yours	4
languor	1
rhe	1
actuated	1
ever	24
operations	1
paint	2
reflection	1
small	3
communicated	1
travelled	1
permits	1
separated	1
long	32
awake	1
husbandmen	1
endearing	1
my	447
pigeons	1
villains	1
suffer	6
signs	3
hearts	2
fainted	1
javelin	1
expose	4
gentleness	2
was	416
attributed	1
ultimate	1
encumbent	1
endeavouring	4
dismayed	1
disdainful	1
eternal	3
cut	2
half	4
flame	2
lose	3
cincinnatus	1
thing	3
restless	1
path	3
barn	1
fashion	1
frenzy	1
prospect	2
ransacking	1
adventures	4
jećtion	1
exercised	1
exerted	1
remember	6
reach	3
dangers	4
spite	4
favour	9
prevail	2
pleasures	4
prodigy	1
represented	3
quenched	1
common	6
there	59
decree	1
approaches	1
nuptials	4
merchants	1
conquest	2
understood	4
insnared	1
incline	1
despised	4
divorced	2
views	2
respectful	1
ious	1
tremendous	1
trembling	3
siege	1
elegance	1
loathing	1
proposal	4
whenever	3
acres	1
families	2
haunt	1
foreseen	2
dern	1
y	13
rooks	1
shakespeare	1
commencement	1
indissoluble	1
neglect	1
contribute	2
spread	1
resentment	5
wounds	2
memories	1
ordered	9
curiosities	1
design	5
sparingly	1
capuchin	1
renew	1
unseasonably	1
eustace	3
southeast	1
contraćted	1
father	50
image	1
east-india	1
hitherto	4
chair	3
salutiferous	5
glow	1
tale	5
odour	1
events	4
blessing	2
aćtion	1
diversifying	1
distant	3
collet	1
complete	1
pearl	3
third	3
irksome	1
runs	2
magnanimity	1
thy	19
buying	1
attention	10
principles	1
arrow	1
can	48
interval	3
important	2
know	17
gratitude	7
summoned	1
t	45
immediately	12
hazardous	1
equalled	1
strangers	3
fall	3
pupil	1
deserved	3
nor	21
sphere	1
scot	1
liberal	2
disposal	2
direct	2
gallantry	1
contemplation	1
whole	14
getting	1
volubility	1
power	29
spot	1
plans	1
luxuriant	1
holy	1
street	1
uninhabited	1
presumption	1
room	9
sincerity	3
testimonies	1
near	6
touch	1
show	6
palamon	21
crime	4
improved	1
noon	1
murder	2
uninhabitable	1
origin	2
insisted	1
stroke	2
sooner	9
set	15
greatest	13
merchant	4
opulent	1
malversation	1
questions	2
despise	6
satisfaction	7
modern	1
inquired	1
ambassadors	1
assiduity	3
enjoy	9
source	5
clay	1
title	2
continue	7
heightened	1
evidently	2
debased	1
radiance	1
offence	1
injured	3
pićturing	1
covered	5
thirteen	1
forty	3
menial	1
convey	1
employ	2
fail	4
bear	3
mes	1
confers	1
preached	1
weakness	4
paid	6
while	29
induced	1
er	2
risen	1
irrecoverable	1
connivance	1
tolerably	1
unceasing	1
variety	5
glad	3
guardians	4
followed	8
proportionate	1
moderate	1
unmarried	1
beckoned	1
glanmore’s	1
tha	1
countenances	2
intolerable	1
agonies	1
heads	1
visionary	2
altogether	1
wit	4
abhorrence	1
gradual	1
administer	1
proceeding	3
tended	1
votaries	2
throne	4
entire	1
clearly	1
tº	1
arrived	8
shocking	5
innocence	2
tampers	1
stretched	3
several	9
resolve	4
o'clock	1
latin	1
worldly	1
con	1
awakened	1
said	88
perpetual	1
fine	10
shuddered	1
ravishing	1
emulation	4
he	432
tribute	1
pearls	4
rejećted	1
future	5
dissolute	1
experience	5
pounds	7
rokhs	1
frequently	7
being	44
prince	1
sensibility	1
moral	4
pentameters	1
humble	1
overwhelmed	3
fire	5
deprecate	1
start	2
imagined	8
quickly	1
bid	2
queen	2
conclusion	2
indifference	3
diversify	1
heroine	1
neck	3
took	27
only	47
walks	1
usually	2
supplied	1
sources	2
always	16
doubt	15
front	2
explanation	2
temptation	3
instant	6
tedious	2
clothes	3
severing	1
proper	15
sensible	12
maternal	1
eyess	1
vićtory	3
sheuld	1
before	34
wanting	1
perish	3
loaf	1
spark	1
reflet	2
is	219
silver	3
illes	1
vicinity	1
delay	1
quartered	1
teachers	1
than'she	1
lions	1
irresistible	1
dropped	1
highly	2
wish	15
minds	2
table	7
produćt	1
beyond	6
emphasis	1
assistance	7
sparing	1
adjacent	1
early	1
elds	2
yet	37
traitor	2
cause	7
prevent	3
honours	1
full	5
succeed	2
perfectly	1
wait	7
freedoms	1
cheerful	2
diminished	1
petitioned	1
unspeakable	1
mathematicians	1
liberality	2
warning	2
arose	2
capacious	2
dainties	1
glorified	1
oath	1
fretful	1
colouring	1
vacuity	1
away	6
offended	2
transačtions	1
connexion	1
squire	1
two	21
evident	2
creation	1
charitable	3
did	34
world	19
far	16
close	1
to	1205
bushels	2
persuade	3
rhetoric	1
female	1
enter	1
conjugal	1
wandered	1
parental	1
derby	1
prosperity	4
new	12
estate	3
join	3
painted	3
muse	1
modish	1
finding	6
fight	10
~~~1––––	1
doubtless	1
bound	1
vanished	1
mangled	1
whims	1
rate	1
service	6
invisible	1
aching	1
plough	1
provide	5
besides	6
audience	1
circumstances	4
singing	1
instance	1
surprising	3
charged	6
farces	1
clothed	1
dear	14
impatient	3
absurdities	1
offering	3
personalname	62
condućting	1
folly	11
insinuation	1
infancy	1
compelled	3
steel	1
error	2
steadfastly	1
resolute	1
habitable	1
dreadfully	2
embark	1
distance	5
unacquainted	1
beams	1
helpless	2
year	11
tragedies	1
demands	1
protector	1
communicate	1
ca	1
guards	3
miserable	4
ou	2
uncommonly	1
interruption	1
mine	17
patriotism	1
coquetry	3
ah	2
woman	21
ear	1
minority	1
clouds	3
~~sºrrº	1
thrust	1
detect	2
gave	19
destined	2
sex	3
attaches	1
expire	1
withdrawn	1
considerations	1
disapprove	1
philanthropy	1
sacrifice	2
barbarity	1
renewed	1
protračt	1
selfishness	4
gladly	1
along	5
petrified	1
many	22
splendour	2
engagements	1
imitation	2
alarmed	3
irresolute	2
breast	2
describe	2
exquisitely	1
hark	1
punishment	8
smoke	1
leaping	1
pressing	2
bancroft	1
exclamation	2
fears	7
justice	11
scenery	2
fruit	2
materially	1
instinét	1
fast	2
considerable	3
congratulated	1
produced	4
compatible	1
aëtions	1
whom	40
sorrow	1
armed	2
yes	5
farce	1
discoverable	1
sagacity	1
red	1
epaminondas	2
iman	1
inexpressibly	1
height	1
imitate	3
senseless	1
meritorious	2
lord’s	1
sweetmeats	1
fills	1
vanishing	1
unattempted	1
comedies	1
intended	5
ceconomist	1
severely	4
imply	1
insinuating	1
fly	1
suspicion	2
whipped	1
intelligence	4
breeze	1
troops	1
buted	1
thirst	4
sun	6
cringes	1
continuance	1
dissolve	1
tying	1
convert	2
sacrifices	1
gentile	3
south	2
mien	1
dry	2
smallpox	1
disprove	1
ends	1
undoubtedly	3
wind	4
proportion	2
receive	3
advantages	2
world’s	1
medices	1
restores	1
hus	1
applicable	1
probity	1
officious	1
prudent	1
interest	5
comfort	1
extol	1
peculiar	2
requisite	1
gratify	2
gather	1
minutes	1
zada	1
mental	1
beginning	2
desire	13
participate	1
constantly	2
do	44
choose	3
stars	2
breach	1
suffering	2
made	69
address	1
unreasonable	2
chimaera	1
perpetually	1
driven	3
off	8
faculties	2
offending	1
expel	1
intimate	1
domino	1
soon	22
cries	1
softest	1
cherish	1
hint	2
potions	1
grieved	1
shaken	1
favous	1
nomination	1
coxcomb	3
season	3
subjećt	6
rewarded	2
chamber	4
contain	1
painful	3
proof	1
abstained	1
staid	1
procure	4
head	9
fend	1
mistaken	2
praises	2
citizens	2
slight	1
reverence	2
conceived	2
forcible	1
artifice	1
sit	3
productive	1
judge	7
wearied	1
preceding	1
grudge	1
card	1
namely	1
potent	1
stričtly	1
thanºthis	1
property	1
ghost	1
hoarded	1
nerves	1
morsel	2
accumulated	1
distinguished	4
posted	1
preferment	1
indulging	1
protestations	3
impaired	1
mother	6
resided	1
terrible	1
perfeótly	1
banish	1
good-humour	1
infinitude	1
piled	1
undergone	1
skies	2
retreat	3
expenditure	1
intervals	2
traveller	2
acquaintances	1
dens	1
omit	1
curious	1
who	122
raises	1
sublimity	1
mischievous	1
simplicity	3
fortunately	1
cedar	1
generally	5
pluckings	1
celebrated	3
north	1
authority	2
hundreds	1
side	4
motives	5
bulk	1
opposition	1
sad	1
demanded	1
on	93
principle	2
rečtitude	1
sabre	4
elected	1
suspicions	1
brandy	1
according	4
keenness	1
dignified	1
going	20
openness	1
ty–	1
acquaintance	1
sentiment	1
filent	4
coat	1
monster	3
condućtors	1
forbidding	1
shady	1
admired	2
learn	3
merciful	2
magnificently	1
called	9
facuaris	1
contentment	1
glory	3
port	4
ruin	1
published	2
much	35
temperate	1
parcelled	1
hid	2
put	13
evil	2
continued	9
rightly	1
holding	1
band	1
legacy	2
groom	1
moreton	1
continual	4
sensations	2
trial	1
stealing	1
complaisance	3
distrustful	1
soured	1
paetus	4
describes	1
pronounce	2
honourably	1
fear	14
excessive	2
anything	9
attached	1
well	28
delusions	1
representing	1
employed	5
shape	2
demon	1
remarks	2
badness	1
dread	4
prodigious	3
uproar	1
self-love	1
meadow	1
questioned	2
alleys	1
totally	4
eulogium	1
yield	2
distributed	1
placename	33
flutter	1
borders	1
ball	1
repent	2
abilities	6
post	1
embodying	1
acclamations	1
youths	1
nine	1
fowled	1
discourse	4
increased	8
imperfect	1
asked	10
custom	4
poet	6
ashore	1
loud	2
pastorals	1
hanged	1
actions	4
stronger	1
subsist	2
vol	4
fishermen	2
ao	1
yourselves	3
tomorrow	2
really	2
reign	2
consis	1
introduce	2
restore	1
withstand	1
faintings	1
transparent	2
allaying	1
sat	3
gross	1
owing	1
rigorous	1
prove	3
remembrance	1
temperance	5
mourn	1
mariners	1
slavery	3
up	33
irrevocable	1
soothed	1
hereafter	2
tie	1
conducted	1
interfering	1
welcome	3
nayb	1
defects	1
darkened	1
entertains	1
presenting	1
held	2
stay	2
twenty-seven	1
free	4
people	15
cry	1
numberless	1
criminal	1
abode	2
restrained	1
concerts	1
capital	1
excited	1
hard	2
behead	1
dresses	1
cilig	1
tongue	1
centre	1
piece	3
facility	2
large	16
ed	1
absence	1
comet	1
acuteness	1
disturb	2
expectation	1
brought	12
incertainty	1
queens	1
represent	1
rein	1
entrance	2
faouaris	1
refle&ting	2
accident	5
traverse	3
his	370
sweet	3
pro	2
attempts	1
journey	4
mistress	9
afflićting	1
keeping	1
excessively	1
our	73
bridge	5
saved	2
sledsastly	1
tempt	1
incite	1
astonish	1
childish	2
protests	1
instrućtion	3
settle	2
unfrequented	1
effusions	1
causes	4
worst	1
clad	1
your	105
fault	6
prolonged	1
favourable	3
host	6
lodgings	1
rely	1
awaked	2
bespeak	1
commanded	2
wer	1
line	1
mahometanism	2
gazettes	1
quantities	1
life	36
consternation	1
god	9
heroic	1
accounts	3
insipid	1
tinsel	1
benevolence	4
feel	9
hither	1
engaging	1
don't	2
loose	2
though	56
denote	1
give	25
exalted	3
ačtivity	2
stop	1
years	14
eight	6
spared	1
loft	1
economy	3
sofa	2
guilt	4
concerning	3
scarce	3
notwithstanding	6
elated	1
choler	1
bar	1
informed	9
unbroken	1
useful	2
uttering	1
rash	1
taste	3
thrown	1
matter	3
ill	15
omitted	1
particularly	9
crowd	1
becoming	2
grew	5
recover	1
splashes	1
doors	2
convićtion	2
moved	1
grotto	2
hands	8
grasp	1
pigeon	1
kindness	7
left	28
believed	3
savage	1
solicitations	1
signification	1
upon	71
anguish	1
difficulty	4
affectionate	2
fo	1
office	2
f	16
laurels	1
examining	1
employing	1
prevarication	1
sofas	1
salutife	1
hurt	1
provision	4
injuries	2
it’s	1
assist	3
suppose	5
affection	16
entertainment	2
listens	1
blessed	2
grove	2
commendable	1
point	8
revolutions	1
escaped	3
perilous	1
toast	1
introducing	2
delights	5
consistently	1
de	1
remembered	3
traitors	1
crystal	2
anxieties	3
acquisition	1
fain	2
paused	1
maudlin	1
inconsiderable	2
impetuous	1
obliged	7
answered	21
might	30
counted	1
its	31
farewell	2
patient	1
usurp	1
miser	1
unexpected	2
miss	4
inflićt	2
ba	1
owed	1
fontenoy	1
unnumbered	1
nevertheless	1
why	7
scruple	2
rendered	6
mile	1
aris	1
directly	2
boasts	1
travellers	1
conversation	12
unworthy	6
fensations	1
seen	12
banishment	1
lines	1
succession	3
competency	1
beak	1
sever	1
skin	1
perplexed	1
tasting	2
preserve	2
till	21
rent	2
customs	2
fatal	2
accession	1
cerning	1
narrative	3
satisfying	1
store	1
accusing	1
sense	6
dissembling	1
pencil	1
fulfil	2
possibility	1
transport	4
swimming	1
raisins	1
arabic3digit	1
agony	1
claimed	1
train	1
vacancy	3
pure	2
readings	1
application	2
mystery	3
visier	1
pious	1
triumph	1
consent	8
ny	1
doctrine	1
respects	1
knowing	4
java	2
cond	2
meetings	1
pitable	1
infantry	1
tempers	1
advancing	1
broken	1
shining	2
impetuously	1
mo–	2
divided	2
amour	3
feasting	1
instantly	4
ranny	1
pirate	3
flattery	4
cowardice	2
submitted	1
impenetrable	2
serves	1
lot	1
admitted	3
thyself	3
strićt	4
proceeded	3
extravagance	2
accordingly	4
foot	4
assert	1
waited	5
obey	3
breathed	2
idleness	1
knows	2
5oo	1
deječtion	1
privy	1
feigned	1
profusion	4
poetical	1
chiefly	2
goes	1
charaćters	2
scenes	2
united	1
birth	3
purposes	2
misfortune	3
summer	1
end	12
breathe	2
famous	3
pockets	1
surrender	1
reader	3
sullen	2
seldom	3
petty	1
negle&t	1
slept	3
le	1
reckoned	1
encouraging	1
capacity	2
rigid	2
inspired	6
airy	1
write	3
flatters	2
summon	1
wonder	1
figures	2
planned	1
permission	2
vanity	23
arabic4digit	1
so-so	1
magnificence	2
commit	2
oblig	1
coqgetry	1
rich	8
bad	3
prayers	2
inducement	1
flatter	4
aware	1
despising	1
readiness	1
rest	16
condemned	5
different	9
right	10
oats	1
ann	1
result	1
complain	3
thracians	1
cyprian	1
indulgent	1
utmost	4
injustice	6
sold	1
articles	1
merely	2
afflićtions	1
wide	1
flowers	2
sword	3
dragged	1
incur	1
choice	2
hear	9
careful	3
azibah’s	2
princess	1
politics	1
palpably	1
larger	1
win	1
agitation	5
require	3
system	1
body	8
brute	1
abandoned	2
grandeur	2
hang	1
wrinkles	1
false	6
complained	1
seemed	18
husband	17
eminence	2
yard	1
proclaimed	2
face	8
gently	1
apartment	6
chanting	1
benevolent	3
re	6
saving	1
sent	13
sinking	1
assurances	3
home	10
exercise	3
become	20
gradually	1
condition	8
quiet	2
natured	1
number	4
failed	3
kill	1
reality	5
wished	6
burning	1
wonderful	1
wander	1
elapse	1
girls	2
pattern	1
thee	22
grasped	1
domestic	1
invincible	2
virtuous	4
ari	1
abandon	2
neat	1
shrines	1
public	7
begging	1
almighty	2
upbraiding	2
bring	8
revenge	5
ox	1
persians	1
plan	2
lie	3
begged	4
goddess	1
delicacies	1
exclusive	1
swallowed	2
wake	1
taking	6
penalties	1
soften	1
preserved	1
single	1
child	18
nobly	1
execute	1
rudely	1
rising	1
manufactured	1
ask	5
build	2
dislike	1
refiftless	1
azi	1
colle&ting	2
mournfully	1
finger	2
favoured	2
basin	1
inadvertently	1
surgeon	1
projećts	1
longer	13
innumerable	3
prompts	1
check	1
passionately	1
slid	1
thoroughly	2
spoke	7
admonitions	1
handing	1
upbraid	1
hair	3
entrusted	3
accosted	1
read	14
reminded	1
ceremony	1
distraćted	1
kicking	1
defend	1
expect	7
anger	1
mood	1
ignorant	5
slave	11
tradesman	2
appetite	1
bark	1
transačt	1
weary	5
catch	1
nephew	1
na	1
watered	1
twenty	3
effects	10
marble	2
beings	2
demons	1
extra	1
courtesy	1
sufficiently	6
roman	2
abjure	2
giving	10
covetousness	2
match	1
abjured	1
amassed	1
advertisements	1
victim	1
redundancies	1
desirest	1
human	6
authentic	1
tricks	1
ponder	1
prevented	3
con–	1
mean	8
acquired	7
locking	1
possession	6
fright	1
pass	5
houghton	4
tints	1
region	1
foibles	1
ward	1
although	5
expenses	1
quarrel	1
tasted	1
wishing	5
mildly	1
twelve	4
meet	4
tells	1
observations	2
grant	1
final	1
hoisted	1
past	3
inscription	2
aboulf	1
playing	2
winged	1
robes	1
ninety	2
attachment	3
biography	1
insignificant	2
relating	1
streets	2
syllables	1
pračtice	1
rebellion	1
smiled	1
paradise	2
walked	3
charaćter	4
towards	16
render	11
numidian	1
capti	1
genius	6
combed	1
angry	3
obječts	2
assemble	1
acts	1
furnished	3
sentence	5
vapours	1
companies	1
harbour	1
industry	4
courage	8
wholesome	1
aggravate	1
die	3
prefaces	1
batavia	1
permitted	5
untračtable	1
q	3
recompense	2
gems	1
presented	7
ance	1
navigation	1
leagues	1
disturbing	1
attacks	1
hangings	1
wholly	3
distributing	1
forego	1
messenger	1
gloomy	1
essentially	1
invited	2
w	6
lodge	1
particular	10
case	3
commander	1
road	1
species	1
bounds	1
carried	6
scholastic	1
iilta	1
dispose	1
dissipation	3
m	17
follower	1
vicious	4
boys	4
selfish	2
endued	1
expedition	1
shone	1
destrućtion	1
bidding	1
pathetically	1
teaching	1
tossed	1
sultaness	1
freedom	4
singular	1
northward	1
caravan	3
behold	8
hoar	1
deeds	1
city	18
refle&ted	6
placed	6
follies	1
yº	1
rendering	1
cows	1
nest	1
properly	2
chatted	1
blinded	1
quitting	1
vast	4
peaceful	1
bread	2
supported	2
importunate	1
deceived	3
scorn	1
arabian	1
loads	1
cruelty	3
cautious	1
proffer	1
respe&ts	1
expected	7
day	37
procured	5
ample	1
refused	8
poker	1
spartan	2
grand	2
vigour	1
dazzled	2
proposed	2
adoration	1
neighbour	1
unite	1
darting	1
reigns	1
oblige	3
shrine	1
explosion	1
laughter	1
curtsied	1
bow	3
oh	2
crying	1
confessed	4
shadows	1
glaring	1
opera	1
trusted	1
fired	2
flies	1
pursue	1
confider	1
boy	6
reached	1
which	236
knees	1
palm	3
lead	4
little	41
gaming	2
liquor	2
commands	3
quarter	2
pride	7
west	1
credible	1
others	25
englishman	2
reading	10
curtains	1
branches	1
comparison	2
pleasantry	2
discretion	3
sometimes	11
raise	4
grow	2
naturally	2
granted	1
used	6
cares	4
cæsar	1
dare	3
best	12
action	4
window	1
tenderly	1
ş	1
ibe	1
among	13
altitudes	1
golconda’s	1
applauding	1
voyage	8
dangerous	6
placid	1
qualification	1
embracing	2
unfaithful	1
reproach	4
bitter	1
sending	2
english	1
hideous	2
arabic2digit	10
numerous	4
arising	1
embassy	1
valuable	1
scattered	1
speak	8
suffers	1
fooleries	1
sumatra	1
restraint	1
idolatry	1
drank	4
oustone	1
greek	1
letter	4
corner	5
anxiety	5
sólitude	1
fragrance	2
epithet	1
surprised	7
charta	1
lest	2
descend	1
down	18
afternoon	3
appeal	1
forsake	2
despair.’	1
guests	1
methods	2
mention	3
gew	1
strenuously	1
light	14
describing	2
absurdity	3
arises	1
diffuse	3
beholding	1
stupendous	1
earl	2
eating	2
gaiety	2
prophet	7
daring	1
dirty	1
obstruction	1
tlls	1
afflićtive	1
sterling	1
fell	15
eager	3
get	4
embers	1
fathers	1
gone	5
sounded	1
here	15
china	1
generations	1
walking	3
motive	4
priests	1
resembled	1
family	15
jealous	1
self	1
generality	1
undertook	1
performed	2
story	11
marius	3
apparent	1
countenance	9
obtain	6
ai	1
death	14
direét	1
perplexity	1
merit	5
obliging	5
princes	1
arrangements	1
verge	1
exquisite	1
searched	1
east	4
eighteen	1
disposition	6
rushed	2
accidental	1
something	15
doing	8
persian	2
kept	6
elder	1
uneasy	1
secrecy	1
hour	4
commendation	1
fished	1
movable	1
proceedings	1
missed	1
existence	3
bodies	2
instead	10
atom	2
destroy	3
deserted	3
sort	3
value	3
recolle&tion	2
satisfied	6
hopes	17
treatment	1
with	328
unlucky	2
parterres	1
weak	12
taken	15
p	4
commerce	1
detestation	1
alliance	1
maidservant	1
overpower	1
necessity	3
detain	1
rear	1
comply	2
admiration	8
senses	6
waters	3
traders	1
salubrious	1
cady	2
periphrasis	1
i	891
flamed	1
invaded	1
variegated	1
conceited	1
firmness	2
tisfy	1
torches	2
eastern	3
subsists	1
inclination	4
cur	2
improving	1
fixed	5
sect	1
captivate	1
imagining	1
setting	1
everything	11
hannibal	4
dying	2
rapture	2
whisper	1
spare	3
coast	1
intermixed	1
exceedingly	6
prescribed	1
animals	1
tenets	1
lord	7
lycurgus	1
arabic1digit	45
unremitted	1
insincerity	1
been	67
audacity	1
enemy	3
nineteen	1
guineas	3
ladies	6
plank	1
any	54
respectable	4
happy	19
paw	1
furniture	2
seed	1
globe	1
provisions	6
falstaff	1
when	96
acknowledgements	1
cordial	2
very	67
stratagem	2
language	5
imaginary	2
counter	1
determine	6
force	6
distracted	1
grateful	1
cautiously	1
hexameters	1
reconciliation	1
forsook	1
midst	8
guessing	1
sa–	1
aboard	3
ministry	1
wings	1
enslaved	1
imposed	1
whoever	2
est	1
attend	4
cruel	2
sorts	1
compliments	4
whose	10
easily	8
employ–	1
secure	1
parent	2
angel	2
arrogance	1
retire	2
essays	1
personal	2
chara&teristic	1
spleen	1
plucked	2
insupportable	2
a&tion	1
idolater	1
facts	2
rejećt	1
tumult	2
prisoners	1
satire	1
villain	1
pair	1
imperceptible	1
stock	1
timidity	1
now	27
cultivating	1
chosen	3
envy	2
spurned	1
romans	2
infamous	1
impatiences	1
green	1
contesting	1
encouragement	1
pulled	2
slaves	9
employment	1
curse	1
southwest	1
allowed	1
wiser	1
immediate	2
moments	1
reversed	1
garrisons	1
whatever	5
adore	2
interrupted	6
rememberance	1
drove	1
surer	1
dew	1
struggling	2
wishes	5
of	1254
exhilaration	1
creed	1
submit	4
ablest	1
furious	2
slope	1
willing	4
smiles	2
drew	11
thoughts	4
intrigue	1
writing	2
conscious	2
emotion	5
viewed	1
z	1
delivered	6
intimating	1
seriously	1
baye	1
lively	3
dreaming	1
vanishes	1
surviving	1
decrease	1
accidentally	1
incident	2
sober	1
enjoyments	3
renounce	3
complainings	1
parts	1
delight	11
imputed	1
accomplish	1
preceptor	1
wicked	4
tent	1
threw	1
shut	1
heart	24
killer	1
malignity	1
assembly	2
promises	3
heroism	1
freaks	1
admirably	1
treasurer	3
augmented	2
fle&ting	1
sting	1
none	7
disorder	3
inconsiderate	1
acted	1
profit	2
probable	5
intercepted	2
poultry	1
gate	4
various	1
arms	7
persist	1
conflićt	2
comrades	1
liveries	1
aim	1
prologues	1
diamond	1
month’s	1
insulting	1
illustrious	2
nail	1
goods	1
feared	2
sufficient	5
superstitiously	1
they	76
disquiet	2
lustre	1
tops	1
r	58
dairy	1
amazing	2
laurentius	1
wept	3
sour	1
looking	2
parted	1
fe&tion	1
age	11
temper	9
dealings	1
plentiful	1
bashaw	2
gathering	2
ancient	3
artaxerxes	2
honey	1
nice	1
ima	1
we	149
inclemency	1
alsº	1
shaped	1
terror	6
met	5
condućted	8
meant	2
diversion	2
evułd	1
ebullitions	1
orders	9
instrument	1
conduct	3
satirical	3
native	1
resources	1
control	1
boldly	1
american	1
patriot	1
enchanting	2
regret	3
rock	4
frights	1
hiring	2
stopped	2
entirely	5
honest	2
support	1
possible	7
rented	1
pestilence	1
epic	1
banks	1
companion	2
all	112
follows	1
whirlwind	1
hate	3
elapsed	1
narrow	3
enterprizing	1
you	308
positive	4
hot	1
vapour	2
misfortunes	5
frugality	1
boat	1
where	30
injury	6
redoubled	1
pretends	1
beautiful	13
pitied	1
suffered	3
baths	1
visit	6
education	7
disadvantages	1
sacrificed	5
managed	1
arrive	1
reward	4
astonished	4
until	1
irresistibly	1
grumbled	1
novel	2
remark	1
chance	1
faith	5
turnings	1
break	3
refresh	2
purchase	1
mischief	1
dissatisfaction	1
pressed	4
ride	1
anecdote	1
overcame	2
disappointment	1
agree	2
war	4
modestly	1
screened	1
fierce	2
mirth	1
enriched	2
says	1
capable	9
cham	1
consisted	1
sheath	1
kneeled	1
dash	1
wealth	15
associate	2
believing	2
joining	1
fortunate	4
elegies	1
prostrate	1
repeat	3
hay	1
enjoyed	1
obječt	1
grown	1
regular	1
answer	14
deck	1
wound	2
coming	3
run	2
divine	2
resented	2
degenerate	1
more	79
month	1
allay	1
palpitates	1
ingenious	1
included	1
lamenting	1
opened	6
man	69
apo	1
nauseous	1
indifferent	2
boldness	1
affect	2
unravel	1
country	18
younger	1
satires	1
lasted	1
whilst	2
ridiculed	1
minute	3
move	1
superfluous	1
work	2
effect	6
guarded	1
devour	1
appearing	2
bending	2
assistants	1
socrates	1
habited	1
strangely	2
adapted	2
cups	1
dwells	1
sea	11
vehemence	1
manhood	1
philosophers	2
shrivelled	1
unknown	3
despairing	1
inclinations	4
conjećtures	1
stored	1
resistance	2
entitled	1
gulf	2
infant	5
what	99
elegant	1
extraordinary	10
wretches	1
place	14
daughters	2
frequent	1
attentively	3
career	1
diversions	2
attended	3
haram	1
beforehand	1
passion	21
crooked	2
instruction	2
hold	7
severe	6
fiery	1
soever	4
fustian	1
cady’s	1
page	1
considering	1
admirer	1
dinner	1
unwearied	1
contrast	2
illustrate	1
pastoral	1
counsellor	1
pretty	2
supreme	1
expired	1
reverse	1
persons	7
deliver	1
romantic	7
bade	2
approve	3
inclines	1
married	4
better	16
sages	2
recovered	1
opposite	3
afford	1
interested	3
history	10
forbid	1
music	1
err	1
repine	1
flºranger	1
bequeathed	1
substantial	1
hooked	1
oppose	2
enfeeble	1
vows	1
receptacle	1
presently	8
succeeded	5
crowded	1
aristides	8
amusing	2
inconsistently	1
pretences	1
isles	1
thine	3
loss	2
some	69
horrors	1
express	3
reception	6
cravings	1
adoring	1
org	1
pause	1
n	51
pećted	1
step	1
recollection	1
murmur	1
minded	1
wrought	1
return	16
placing	1
invention	1
dreary	1
precipice	2
pistol	1
prostrated	1
examples	6
possessed	7
gryphons	1
looks	1
peculiarly	1
despaired	1
casting	1
cavalry	1
pearlin	1
pretended	3
sharp	2
grey	2
subječt	1
opportunity	10
accompanies	1
scanning	1
engaged	1
alarm	1
thick	4
late	1
seas	6
gathered	1
imaginable	1
cruelly	1
unexperienced	1
uncertain	1
ham	2
inconsi–	1
call	6
unable	2
fatigue	2
vessel	10
heiress	1
unnecessary	1
resigned	1
conceive	4
sorry	3
o	37
directing	1
decorum	2
offered	5
noble	3
violence	2
inconstancy	1
topic	1
dram	1
oxen	1
repentance	1
same	29
torments	3
rush	1
shame	2
wonders	2
deities	1
fox	1
finely	1
hasten	2
borough	1
other	47
upstairs	1
thrice	2
flagelet	1
mercy	1
insensibility	1
wealthy	3
rarities	1
imbecility	2
agra	1
archons	1
makes	5
reads	2
extort	1
cunning	2
quote	1
trees	2
seeing	7
adamant	1
virgin	1
alarming	1
tance	1
mosque	2
favours	2
incredible	1
terms	4
corn	1
worshipping	1
few	12
candle	1
marrying	1
escape	2
assuring	1
messalina	1
pleasing	2
intolerably	1
calmly	1
blunder	1
names	2
into	67
apparel	1
preponderate	1
stoics	1
implored	1
prescribe	1
course	7
rack	1
reasons	6
bestow	3
extended	3
gasping	1
starting	1
refreshing	1
aou	1
par	1
stole	1
himself	39
rioting	1
often	14
blame	2
unassisted	1
voyages	1
trade	1
eleven	1
defeat	1
desert	1
precepts	1
persevering	1
derate	1
spring	4
concerted	1
unhof	1
phantasm	1
assure	1
pensive	1
but	192
eloquence	1
shipping	1
folio	1
upbraided	1
authors	1
mutual	4
rs	1
admit	2
possibly	2
fiétitious	1
plain	1
perfidious	2
appeared	14
perhaps	11
freed	1
poverty	3
sole	3
had	277
gothic	1
antiquity	1
op	1
censure	1
bishopric	2
swore	1
recommend	3
branch	1
heaped	1
size	1
rope	2
unless	3
accused	1
influence	11
flesh	1
enjoyment	4
noćturnal	1
sionate	1
drink	2
women	12
another	11
pistols	2
vićtors	1
tell	12
wilt	1
forces	1
feign	1
legislator	1
obtaining	2
feathers	1
prepared	3
visited	4
tortured	1
lightning	1
living	8
first	24
imagine	3
suspended	3
eminent	2
rural	2
shudder	2
attempt	3
excluded	1
unbelievers	1
heightens	1
tumbling	1
died	4
propose	2
proclamation	1
from	132
attract	1
legally	1
es	1
caprice	1
stubborn	1
indulged	1
designed	3
intimacy	3
depraved	1
secret	10
throughout	1
presumed	2
interrupting	4
fatigued	1
curiosity	5
board	1
snows	1
contented	2
prohibits	1
inquire	1
mutually	1
crown	1
frankness	1
executed	4
tempest	2
midnight	1
desperate	1
brook	1
sentiments	7
intent	1
court	1
iron	1
even	17
shivering	1
exhorted	1
lay	1
gnaws	1
deny	2
withdrew	1
violent	11
miseries	2
beneath	3
grave	1
lifted	3
given	21
henceforth	1
silence	4
derived	3
monstrous	2
apprehend	2
scientific	1
guilty	7
shillings	3
behaved	3
mrs	13
suspect	4
divert	2
unprofitable	1
copious	1
daughter	18
come	21
difference	3
lately	6
enriching	1
visions	1
adds	1
neglected	1
steal	1
adherence	2
forced	2
familiar	2
scrupulous	4
treated	6
nails	3
assemblage	1
consulting	1
passed	17
deemed	1
jested	1
nose	1
dancing	2
dependance	1
improvement	1
satisfy	3
antagonist	2
bowed	1
fitting	4
swiftness	1
papers	1
shifting	1
enemies	1
subsided	1
rolled	1
got	6
vary	1
consequence	8
unawares	1
coquettes	1
vićtuals	1
amazed	1
fetched	2
torch	1
merits	1
fortune	31
sovereign	1
perishing	1
beneficent	1
undertaken	2
gay	2
lies	1
healthiest	1
eased	1
reversion	1
water	9
res	2
between	13
distrusted	1
camillus	1
condescended	2
discharging	1
shall	47
discourses	1
supposition	1
clear	2
indeed	17
hurries	2
dissuade	1
frugal	1
crossed	1
how	33
sublime	1
bulla	7
humour	4
after	54
skilful	1
undressing	1
dost	2
musulman	3
familiarity	1
avow	1
delightful	5
continually	7
changed	3
hyperbolical	1
forcibly	1
edges	1
therefore	23
local	1
inferences	1
politeness	1
leopards	4
thin	1
and	1147
modesty	2
enlivening	1
air	21
soldier	1
whither	3
cheek	1
mysterious	1
seized	5
boundless	3
alter	1
she	190
balance	1
predestination	1
understanding	2
dark	3
bantam	2
pyrrhus	2
acknowledged	2
within	8
astonishing	2
somewhat	1
calm	1
troublesome	2
witty	1
talons	2
forth	4
condemn	3
apprehensions	1
happiest	1
gazed	1
everlasting	2
ho	1
rigour	3
deserts	2
rester	1
graces	1
desolate	1
heavens	1
question	1
a	702
angelot	1
universally	2
perusing	1
aspire	1
conclude	1
harpsichord	1
occurrences	1
dissuaded	1
entreated	1
deal	2
abortive	1
linked	1
inconsistency	1
one	97
commiserate	1
impossibility	2
assertion	1
asfiduous	1
shortest	1
compass	1
doomed	1
content	3
disbelieve	1
wise	3
mortal	1
confusion	6
interpret	2
shop	2
tends	1
beauteous	1
resource	1
coronation	1
vifiers	1
multiply	1
tearing	1
hast	9
refle&tions	2
significant	1
due	3
steps	2
palatable	1
under	20
soblind	1
heard	11
engraven	1
stairs	1
go	20
persuaded	5
pit	2
dates	2
unnatural	2
lake	3
allowance	2
radiant	1
gifts	1
magic	1
embrace	1
cobblers	2
subject	2
resist	3
stupidity	1
aversion	1
delivering	1
distill	1
mediocrity	1
weighty	1
cruelties	1
should	61
fidelity	1
entered	5
jewels	2
disengaged	1
promoting	2
pittance	1
election	1
coats	1
biting	1
porter	2
thank	2
pieces	5
ester	1
difficulties	2
freezing	1
directed	2
resent	1
calculated	1
consider	4
swelled	1
caprices	1
closet	1
delicacy	1
thanks	3
kingdom	3
farmers	1
proud	1
dearly	1
peremptorily	1
gift	2
distinét	1
strićtest	2
beware	2
rise	3
richest	2
supply	1
orphan	1
indignation	4
avenues	1
fourth	1
ambition	7
brown	1
please	4
reconciled	2
offices	1
prevalent	2
church	1
alleviates	1
plainly	1
paul’s	1
superior	7
during	7
inflammable	1
produćtive	1
consideration	2
b	10
distressed	1
natural	8
increasing	3
restoring	1
converse	2
replied	27
merited	1
forgiving	1
increases	1
destructive	2
deserving	1
record	1
crew	2
physician	1
may	24
be	180
commonwealth	1
genii	2
preparations	1
arafat	2
nurse	3
most	66
art	14
compas	1
faithful	2
painters	1
apprehension	1
servile	2
pity	10
crave	1
wild	7
serve	3
floor	1
him	242
constancy	2
disturbed	3
book	1
eye	6
evade	1
frank	1
cheeks	1
provoked	1
intreats	1
elopement	1
vocation	1
enterprizes	1
unex	1
ss	1
cakes	1
pageantry	1
concern	7
gan	1
worlds	1
cried	13
brain	2
deeper	1
extent	2
anfuered	1
sultan	11
lo	1
marriage	12
mounted	3
castles	1
ensure	1
claims	1
lieutenant	2
both	14
aspect	4
heats	1
consult	1
divides	1
consequences	4
