brooded	1
an	49
declared	1
perceived	10
imagination	4
fashion	1
preserve	5
till	19
remarkable	1
manage	4
barbarities	1
saltwater	1
muftiply'd	1
cove	1
punish	1
altogether	3
directions	1
swam	2
pretence	1
thou	4
reproving	1
wear	5
contrive	1
and'the	1
thunder	1
thought	39
quandary	1
fcr	1
kind	19
cattle	1
token	3
throw	3
pleasant	5
seems	8
improper	1
became	6
acknowledgment	2
occasions	6
rare	1
viz	15
salt	6
amongst	1
straw	2
legs	1
load	3
part	36
goatskin	1
seif	1
gauge	1
accommodations	1
need	1
ihe	1
hill	22
rhef	1
yards	4
discovered	5
every	17
beach	2
overlooks	1
observing	1
purely	1
efpy'd	1
e^fthi	1
subjection	1
patience	1
performing	1
encouraged	4
leisure	1
eaten	4
barley	2
eyfcvgave	1
account	10
gnd	1
arrows	3
st	1
wife	2
motion	2
cell	1
hifik	1
revelation	1
relish	2
health	1
putting	4
neithet	1
ordinarily	2
discharged	3
especially	10
workers	1
pound	3
weeks	3
obedience	1
brave	1
place	65
incapable	1
advise	1
merry	2
gloaths	1
trie	1
t'other	1
weapons	1
tyre	1
arabicprice	2
hearfully	1
tb	1
restored	2
sure	8
philistines	1
moot	2
m.d	1
pots	2
joy	3
kindled	2
hurt	5
intending	1
ships	5
seaman	2
comfortable	3
discovery	4
whence	9
noise	6
cross	5
affliction	3
improvements	2
suspected	1
negroes	2
he	313
five	6
grief	2
dirt	1
crimes	2
purfud	1
sacrificing	1
flash	1
snare	1
hanging	3
neither	5
blazed	1
sign	2
teacbu	1
confounded	1
instances	1
inhabitants	2
retribution	1
humanity	1
devour	3
at	178
hope	2
walls	1
flew	2
jf	1
poliible	1
through	9
state	3
whereof	1
hree	1
affair	2
acted	4
spoken	2
tepeated	1
uses	2
ot	4
strike	1
whim	1
services	1
sliap'd	1
felicity	1
engage	2
trice	1
paying	1
ama'zd	1
angry'mai	1
stock.still	1
nature	17
added	2
fuller	1
ave	2
each	7
not	248
dwelled	2
venomous	1
described	2
maps	1
truce	1
cap	1
interv.en'd	1
dream	5
effectually	1
resolutions	3
afraid	2
happened	4
say	13
exactly	2
forward	3
nos	1
al	3
aptest	1
roof	4
terror	2
ones	2
sake	1
like	38
brushwood	1
nie	1
felt	4
pt	1
maker	2
got	11
fellows	1
dispatched	1
seensd	1
whom	4
making	25
dejection	1
joined	2
act	4
gale	1
labour	7
pain	1
died	3
teacher	1
pardoned	1
communication	1
enclosure	4
stooped	1
exhausted	2
forget	2
offer	2
charge	3
triumphant	2
learnd	1
f*ryl%ak>	1
pitched	3
rtaken	1
nights	1
money	2
ibme	1
consolation	1
attempting	1
undiscovered	1
dt	1
spirits	7
prayer	1
meddle	1
delude	1
am	4
lips	1
river	4
tt	1
buried	2
wood	18
degeneracy	2
satis	1
foolish	1
middle	4
me	309
reveal	1
mam	3
perfect	3
cavity	2
itbut	1
secured	3
passions	5
benefit	1
hastily	2
warmly	2
cutting	3
consider	6
tut	1
tempted	1
foresaw	2
feet	11
because	9
pressed	1
reposing	1
quite	11
kill	30
rainy	4
door	7
explain	3
done	24
seamen	1
penitents	1
dip	1
tolerably	1
spake	1
ahxf	1
hawk	2
only	28
em	1
please	1
formerly	4
ikl	1
fr	1
in'my	1
unjustly	1
ripped	1
resisted	2
hide	4
rotten	2
christian	8
abandoned	1
arm	1
instructed	1
repeating	2
having	25
actions	1
join	1
haveopen'd	1
suggested	1
habiting	1
share	2
visits	1
doubting	2
conveniences	2
all	173
accident	1
toon	1
law	4
fury	2
instructing	1
useless	1
landed	6
handsome	2
anu	1
doubt	7
flesh	13
perceiving	1
wild	9
ignorance	2
trouble	3
dull	3
eagerness	1
proceed	1
hand	18
telling	1
eyes	14
ist^d	1
round	5
try	3
frequent	4
angels	2
outragiousan	1
lput	1
talked	1
doutrt	1
captivity	1
prmnary	1
also	14
way	56
hands	22
fall	9
discourse	9
speed	2
otherwise	1
sivfi	1
conceal	2
barbarous	7
open	7
last	24
fowl	2
looked	17
housliold	1
thic	1
conte	1
fav'd	1
crowd	1
went'away	1
receiving	1
cafe	6
f	13
known	5
dead	5
sport	1
hurry	1
bigger	1
tides	1
eoidci	1
miss	1
toi	1
tention	1
stand	7
wafd	1
handy	1
laughed	1
aras	1
timber	1
scrupled	1
wocd	1
absolutely	1
slaves	1
injury	1
bed	1
settled	3
turned	7
fellow-creatures	1
ferment	1
idols	1
romannumeral	20
seisin	1
esteemed	1
exercise	1
told	32
u	2
rules	1
speculations	1
us	25
lays	3
anywhere	2
passing	1
composed	2
solitariness	1
fever	1
nock'd	1
evening	1
nly	1
prayers	2
shad	1
plea	1
fumy	1
surpnz'd	1
ef	1
ib	1
harbour	2
unpunished	1
boar	1
swearing	1
silver	1
liv'din	1
fvl	1
blue	1
candles	4
soft	1
inhabited	2
impetuosity	2
fim&h'lxr	1
hazard	3
greatly	3
expecting	1
nose	1
outer	4
attempted	6
hewing	1
livjd	1
thinking	1
luck	1
alas	1
qood	1
shouted	1
cleverly	1
length	8
reconcile	1
feast	7
bac	1
incidents	1
enable	2
began	39
inclined	1
although	1
want	6
washing	1
sin	3
of	842
wont	1
wish	6
ap	3
shoes	2
firc	1
fancies	1
these	79
yonder	2
hart	1
tfeould	1
size	2
must	24
executioners	1
meat	6
shake	1
top	9
ttme	1
irresistibly	1
reproaching	1
fortnight	1
measures	5
diverted	1
points	2
speech	1
thankful	6
remainder	2
more	99
see	18
ga	1
step	1
diversions	1
question	3
ea	1
fools	1
designs	4
miv	1
committed	1
white	9
furbisti'd	1
mast	4
friday	88
happiness	1
early	1
dispositions	2
came	63
horrid	2
helpful	1
this	222
discover	5
intolerably	1
myself	77
ago	1
pray	8
refreshing	1
tl	2
hastened	1
nay	9
confess	3
suffering	1
enough	21
setup	1
leave	4
cannon	2
easy	9
innermost	1
condemned	3
wounded	8
arbitrary	1
nevitably	1
harg'd	1
pafstp|$	1
shelter	3
hesitation	1
hung	3
almost	15
testimony	2
degree	5
silt	1
doings	1
mark	4
fleet	1
endeavoured	2
quick	2
speaking	2
innocence	1
horror.of	1
>ust	1
worships	1
teeth	2
temptations	1
not.discuss	1
holes	2
horror	7
caution	1
blow	5
prepaid	1
mistake	2
leaning	1
promised	1
eastward	1
you	39
bushes	1
name	5
reeds	1
kilsd	2
k	1
pipe	1
warmth	1
good	36
the	1284
enterprise	1
swan	3
person	2
high	5
stick	3
dition	1
fined	1
pull?d	1
extremity	1
incredible	1
requir	1
tation	1
precious	1
ladder	8
let	26
iway	1
hyd	1
shook	1
>racings	1
plantations	1
forgetting	1
uncomfortably	1
kids	3
presence	2
seignior	1
land	8
generous	1
busy	1
reflecting	1
bottom	3
triumph	1
ieve	1
seventeen	3
desires	3
preserver	1
firm	1
older	1
consciences	2
surpriz"d	1
forwards	1
soever	2
h	3
soul	10
fact	1
solver	1
glasses	1
plunging	1
thankfully	1
speedily	1
confused	1
w'd	1
teiribly	1
bars	1
piould	1
cur'dmy	1
related	2
vtfhat	1
sonny	1
adventure	1
sec	1
parcel	1
chill	1
twice	1
assistant	1
convincd	1
kettle	1
ly	1
cursd	1
supposed	4
ar	2
ess	1
particulat	1
lives	1
broke	2
propernoun	99
pear'd	2
lawfulness	1
policy	2
disappointments	2
hundred	5
wretched	2
loaden	4
showed	7
muskets	6
wrong	4
subjects	1
sweetness	1
profitable	1
nooko	1
mong	1
savages	30
feeding	1
tears	2
allies	1
moon	2
pleased	7
agitated	2
befallen	1
prepared	4
is	57
rushing	1
longing	1
calling	2
forehead	1
troubles	1
naked	6
send	3
lose	2
men	32
waking	1
exen	1
redeem	1
true	6
opinion	1
dim	1
tis	2
duty	6
oft	2
thatched	2
rom	2
cookery	1
ing	1
fence	3
mind	35
goat	5
pardon	1
naturally	1
os	8
impression	4
needs	2
ings	1
resolution	4
respect	1
guess	2
double	3
carriage	1
gained	1
rigging	1
rowing	1
house	2
guiana	1
enter	2
sand	5
nd	1
society	1
laid	18
affectionately	1
chests	4
since	3
believe	14
young	8
frpra	1
ears	1
impossible	4
beer	2
impaflablej	1
places	3
dram	2
look	17
enemy	6
slaughter	1
liberty	2
circle	3
fort	2
fashionable	1
fancy	1
wool	1
•beea.a	1
protection	3
sudden	2
fair	1
white.bearded	1
blit	1
earth	2
does	2
enclosures	1
willingly	1
footsteps	2
finding	3
nauseate	1
battle	4
milking	1
thousands	1
wifely	1
yourself	1
itj	1
pitch	2
never	37
then	69
hills	1
bul	1
astonishment	2
next	17
thereabouts	1
mm	1
scheme	2
habitation	9
glorious	1
cleared	1
ti	1
acknowledge	4
saw	31
gunpowder	2
i.look'd	1
destroyed	1
butchers	1
taught	5
friend	1
caribbees	1
cockpit	1
cannibal	1
rites	1
pointed	4
stir	4
defence	4
penned	2
needles	1
growing	1
delighted	2
listen	1
stayed	2
wonderful	1
deceit	1
service	1
vomit	1
premeditate	1
spit	2
six	8
spies	1
cheer	1
disputes	2
avoid	2
no	112
delayed	1
shade	2
mischiefs	1
feill'd	1
curious	1
puzzltl	1
removed	3
unknown	1
pretend	1
vitiated	1
numbered	1
inquiries	1
ease	3
repose	1
fed	2
bird	4
miscarry	1
plant	2
wanted	5
banquet	1
space	1
observation	2
shoulder	2
pursu'dthe	1
convenience	1
hall	2
seek	1
powers	3
brace	1
tallow	1
tree	14
barred	1
aver	1
precaution	1
pair	5
necessary	5
invo	1
planters	1
convey	1
use	15
untie	1
veil	1
dig	4
talking	3
darts	2
contention	1
apace	2
potter	1
wandered	1
maturely	1
further	1
always	18
beaten	1
nations	5
remote	2
knowest	1
dence	1
beyond	9
sought	1
drive	3
itself	6
bones	5
calmer	1
husbandry	1
dwelling	1
alk'd	8
european	3
light	7
king	1
indian	2
thousand	8
was.afraid'to~see	1
order	9
sound	6
sublunary	1
co	1
wipe	1
prospective	2
bows	1
earnestly	4
savingly	1
resignation	3
fund	1
provided	6
behind	5
palms	1
convince	1
commend	1
fend	3
conceived	1
fase	1
appearance	6
spective	2
elcap'd	1
wills	1
j.nd	1
cats	1
rest	11
mow	1
livei	1
answers	1
religious	3
days	6
sufser'd	2
glass	8
country	15
tenderness	1
loud	1
reserve	1
sciz'd	1
remembrance	1
fittest	1
rea	1
pursued	3
devil	14
brew	1
daily	2
bled	1
governor	2
keep	9
diligent	1
footstool	1
assist	2
plague	1
escaped	2
reflections	4
employ	1
studied	1
why	15
least	22
lived	16
laths	1
durst	3
skill	2
handle	2
provoked	1
hollowed	1
*°4	1
approach	2
once	11
lhew'd'him	1
unhappy	1
prisoners	7
awhile	1
found	47
row	2
utmost	5
lain	2
tonne	1
ask	1
wondering	1
melancholy	2
fenced	1
returns	2
bee	1
latter	1
old	14
arguments	3
desolate	1
weary	2
hewed	1
lise	2
actually	1
master	12
killed	12
listened	2
contrivances	4
butjenjoy'd	1
memory	2
naming	1
bn	1
again	58
ah	1
rain	1
struggled	1
three	43
wave	1
bottles	2
blew	2
mans	5
women	1
exerting	1
reading	4
volume	1
shirts	1
misehiefing	1
too	22
degrees	1
bottle	4
their	89
observed	13
fluently	1
convenient	3
those	25
rooting	1
eyguvd	1
low	7
strong	13
saying	2
fetch	5
needed	3
dozen	3
wpundjng	1
sight	14
•inia^part	1
servant	3
cared	3
bag	2
pursuing	1
sorely	1
by	139
fays	22
meantime	1
plenty	1
daring	1
else	2
usual	6
drowned	3
bent	2
additional	1
paddled	1
inch	2
sire	1
unless	6
indians	1
sacrificed	1
strength	3
inhumane	6
view	6
amaz	1
stocked	1
meaning	4
ideas	1
judgement	1
obliges	1
venter	1
sticking	1
digging	2
laughing	1
equally	2
event	1
poles	2
what	95
fruitless	2
ridiculous	1
cargoes	1
renewed	1
sanctifier	1
morning	10
has	6
harder	1
pro	2
out	89
apt	1
signals	4
examples	1
fifteen	3
alive	1
practised	1
laying	7
deep	3
devoured	2
resolved	14
rational	2
eleven	1
submission	2
advantage	3
rowed	1
reflected	3
creature	18
went	42
fay	19
tonk	1
sleven	1
lay	19
presently	8
over	38
lend	1
infinitely	2
pressure	2
object	3
constant	4
showing	1
crossed	1
vages	2
omnipotence	1
ket	1
brutish	2
ended	1
reason	17
nightlong	1
awkardly	1
capitulated	1
string	2
ftpm/uch	1
than	83
listening	1
sunk	1
indignation	2
religion	6
safety	3
tolerable	1
be	152
veneration	1
present	13
barbarians	3
single	1
short	5
guns	6
scabbard	1
jived	1
execution	2
strangest	1
bought	2
officer	1
under	16
fastened	1
seeking	1
tarn	1
amusement	1
certainly	7
cruelty	1
hast	1
herej	1
refrain	1
beating	1
aye	2
ugly	2
dress	1
turf	1
greater	5
former	5
inwardly	1
fainting	1
necessarily	3
four	8
paddling	1
fail	4
n	5
prompted	2
are	20
finished	1
ready	9
loving	2
fwer'd	1
argued	2
lock	1
pome	1
hap	2
vault	1
springs	2
belt	5
carry	8
heaven	10
suggest	2
niceties	1
lat'th<	1
kid	5
help	8
were	124
handed	1
smaller	2
mighty	4
roasting	1
undertake	1
linen	3
loaded	10
boards	1
ship	18
tome	2
could	131
bags	1
sides	3
stood	8
butcher	1
second	5
current	7
starving	1
for	249
words	7
already	1
started	2
aside	1
remained	1
eastern	1
search	2
tired	2
attacking	1
frames	1
foresail	1
bap	1
uneasy	2
son	1
conjectures	1
likely	2
nearer	6
bringing	4
wcod	1
concluded	3
comes	2
apprehensions	8
evidence	1
diseover'd	2
stock	3
inquiry	2
wreck	8
fresh	4
affur'd	1
careless	1
unjustifiable	1
raised	1
apply	1
eternal	1
wellcloath'd	1
instruct	3
weigh	1
abate	1
learn	3
gain	1
convinced	1
ithers	1
price	1
oppressed	1
pas	1
ken	2
heartily	1
peace	2
fiat	1
abated	1
frighted	7
planter	1
mercies	1
waste	1
business	12
eve	1
faint	2
retired	3
shot	16
discouraging	1
complied	1
gotten	3
fencing	1
created	1
eed	1
increase	1
enpugh	1
measure	1
worshipped	2
advice	1
sinning	1
wall	14
government	4
nothing	37
together	11
fancied	1
disputed	1
intended	4
information	1
uied	1
cooler	1
impressions	2
cooking	1
juinp'd	1
molish	1
cheat	1
forsaken	1
thence	2
hours	6
servitude	1
description	2
or	180
cheerfully	1
ver	3
imaginable	3
distemper	1
my	471
afflictions	1
mo	2
rent	1
fellow	12
delivers	1
creatures	14
fe	2
ages	2
sink	1
awaj	1
the>mouth	1
thankfulness	4
frightful	1
spent	2
whether	14
equivalent	1
prudence	1
seven	5
ordinary	1
murdering	1
add	1
lugged	1
necessitated	1
love	6
boats	7
mouth	10
excepted	1
less	13
hellish	3
monsters	1
gcd	1
spirit	9
abominable	1
company	4
toward	1
pect	1
theni	1
ycur	1
casuist	1
pains	2
sailed	2
farther	12
e	2
isaw	1
tonnes	1
it	383
afterwards	11
inside	5
fully	1
guide	6
lœ	1
grace	1
ivory	1
certain	8
outside	2
narrow	1
ammunition	2
grare	1
committing	1
bake	1
underground	1
softness	1
shirt	1
ran	8
bands	1
seasons	2
comforts	1
as	369
observe	11
frequented	1
colour	3
tipped	1
accidental	1
breed	1
pistol	8
conscience	1
monstrous	1
posture	6
fmilh'd	1
flat	3
pressings	1
same	15
drawers	3
perceive	5
however	22
cable	1
pleasantly	2
forbade	1
da	1
ect	1
gives	1
stuck	1
waked	2
about	57
exceedingly	1
follow	2
after	62
stepped	1
d	15
svcbboat	1
seated	1
floor	1
so'1.contriv'd	1
cut	13
lll	1
worth	3
affairs	3
fate	3
equal	1
wist	1
against	8
mere	8
kiltd	1
have	97
fix	2
received	2
trembled	3
contriving	1
surprise	8
understanding	2
save	5
purpose	5
knocked	4
method	1
so	221
obligation	2
them	210
fearful	1
coal	2
dried	1
mights	1
one	94
took	30
receive	2
extravagant	1
wooden	5
met	5
scholar	2
ui	1
praying	3
tiles	1
lost	9
them.had	1
ground	18
served	1
real	1
stark	1
takes	2
amaa	1
fentencd	1
stave	1
week	2
natives	1
mankind	3
find	19
convincm	1
reflection	2
expressed	1
murderers	3
covering	1
fyht	1
ruined	1
prisoner	2
abroad	5
pistols'wrth	1
wherein	1
vehture	1
figure	1
desiring	1
richer	1
earnest	3
formidable	1
rule	1
heels	1
truth	1
lkream	1
fridays	2
driving	1
sheep	1
reconciling	1
knew	27
wretch	3
black	2
attempt	4
poring	1
falling	4
ten	6
attacked	2
due	4
able	13
lets	2
clung	1
redue'd	1
stratas	1
wpuld	1
mist	1
semicircle	1
trees	7
learned	4
a	487
occ/ion	1
dextrous	1
calls	1
priestcraft	1
lamp	1
following	2
pld	1
vas	1
sort	1
quiet	2
winds	1
ad	1
blood	10
disturb	1
raged	1
either	9
pagans	1
undertaking	1
reproved	1
pros	1
ventured	2
boughs	1
breaking	2
live	11
upon	149
captive	1
goto	1
rose	1
infbrm'd	1
malice	2
appear	2
intimations	1
stunned	1
pan	2
seen	17
tortoise	1
dismal	2
destruction	7
marched	2
spending	1
solved	1
pumping	1
pilot	1
innocent	6
humility	1
burning	2
homage	2
noted	1
le	2
contrived	1
dancing	2
countries	1
sail	7
merely	2
inteuigence	1
larger	2
pass	6
just	18
serious	3
twas	1
malt	1
themselves	4
plump	1
back	22
male	1
ever	19
made	87
countryseat	1
asking	1
small	12
cargo	3
disficult	1
long	20
awake	1
agreeable	1
into	68
m	4
arid'began	1
hearts	1
gun	15
pr	1
was	457
bread	9
hashappessd	1
endeavouring	1
original	3
half	10
familiarly	1
branches	1
raise	1
securely	1
vpmited	1
governs	1
remove	1
norse	1
ought	8
milk	4
get	19
reach	3
postures	1
spite	1
yentionfor	1
occurred	4
mvst.resolve	1
course	4
lighter	1
troubled	1
there	102
higher	1
refreshed	1
defend	3
understood	11
mould	4
think	17
overruling	1
views	1
ame	2
angry	4
it'was	1
whose	8
weapon	3
burnt	1
acres	1
pipes	1
naturalists	1
rejoic	1
y	6
sober	1
venj	1
continent	4
softly	3
spread	2
comrades	1
nail	1
temper	5
im^fe	1
prospect	1
renew	1
deprives	1
castle	12
disturbs	1
southeast	3
father	4
terribly	1
sixteenth	2
war	5
events	1
notion	6
eicept	1
complete	3
roek	1
third	4
runs	1
hardy	1
principles	3
„c	1
arrow	1
can	7
gzhc*s	1
huddled	1
know	32
descended	1
history	1
t	12
immediately	12
victors	1
wrought	1
naturalised	1
wrongs	1
nor	14
direct	5
clergy	2
goats	8
hammock	1
getting	3
seeing	9
power	9
spot	3
ijlandeven	1
dictate	1
holy	1
room	4
testimonies	1
december	1
touch	2
show	1
memento	1
nil	1
knows	1
examined	1
amazement	1
sooner	4
note	1
greatest	4
mitted	1
perplexities	1
questions	3
bidding	1
satisfaction	4
loofd	1
inquired	3
miserably	1
clay	1
cannot	6
inclinations	1
boom	1
asleep	1
offence	2
yellow	1
covered	4
rue	1
forty	1
bear	2
day	23
singular	2
split	1
j	23
while	30
sparkled	1
guilty	1
fourth	1
vivacity	1
glad	5
serve	2
that	503
beckoned	4
tha	1
suitable	1
return'dto	1
aloud	1
foremost	1
hearten'd	1
abhorrence	5
fright	5
tended	1
throne	1
enlightened	1
fought	2
kneed	1
arrived	1
several	12
resolve	2
oc	1
con	1
said	55
ebb	1
fine	2
tou	2
brow	1
debated	1
future	1
exposed	1
ramble	1
frequently	4
feeing	3
thither	12
countrymen	1
humble	2
*5«	1
exceeding	3
pogr	1
my'boat	1
imagined	9
lavger	1
bid	9
conclusion	2
haste	3
/ery	1
awkward	1
still	21
below	1
distress	6
byy	1
broth	3
stowed	1
usually	1
rejoye'd	1
signal	2
thickned	2
tedious	1
raisins	2
proper	4
sensible	1
calm	4
fortnights	1
offered	2
before	67
wanting	4
perish	1
attack	5
traded	1
repeat	1
shoret>y	1
sensibly	1
brother	1
delay	3
testify	1
articulately	1
tame	4
pointing	8
caribs	1
oing	1
slept	2
inexpressible	2
yet	39
offend	2
talk	5
cause	5
unea	1
prevent	3
harvest	1
full	13
sitting	3
clapped	2
perfectly	10
wait	1
overrule	1
wedges	1
level	1
slowly	1
unspeakable	1
hole	4
rambling	1
make	50
fee	23
away	21
two	85
flood	4
did	69
perspective	2
far	17
close	13
to	1031
wculd	1
*$>5	1
cavers	1
simple	2
comfort	2
new	11
repeated	1
happen	2
leaving	1
handful	1
aud	1
bless	1
reft	1
fight	7
acquainted	2
doubtless	1
bound	3
doubloons	1
mangled	1
rate	1
poorer	1
invisible	2
schemes	3
provide	1
besides	5
cafi	1
surprising	1
fingers	2
judges	1
personalname	6
deliverance	7
checked	1
print	3
dreadfully	1
ty	1
enemies	8
ana	1
year	9
tain'd	2
ca	1
likewise	3
miserable	8
anxious	3
penitent	1
bible	1
will	13
coloured	1
fosture	1
nicaragua	1
supra	1
venture	8
considerations	1
compose	1
debt	1
sincere	2
cornfields	1
stern	1
bloody	8
describe	4
prep	1
smoke	4
fellow-creature	1
awkard	1
reaches	1
easing	1
daylight	1
justice	5
lying	3
fruit	1
fast	4
considerable	2
this'way	1
heavy	1
ml	1
filfd	1
peeping	2
fat	1
jmprpving	1
yes	16
casks	1
fortune	1
cedar	1
noiice	1
sweetmeats	1
anchor	3
gospel	2
ruins	1
poor	27
obtained	1
severely	1
anding	1
pot	4
fly	4
suspicion	1
cost	4
resign	1
resist	3
sun	2
swords	4
continuance	1
andaivd	1
tying	1
discomposure	3
assisted	1
pie	1
inhabiting	1
enclose	1
dry	5
clambered	1
elonging	1
wind	5
feed	2
surrounded	2
chest	3
abundant	1
ballets	1
rice	3
dreadful	9
aim	2
thaf	1
strife	1
northeast	1
haizy	1
gather	1
minutes	1
woody	1
beginning	1
constantly	3
concealed	3
on	108
wonderfully	2
comforting	1
security	3
seenui	1
driven	9
off	25
faculties	1
tools	1
comforted	3
gunner	2
asurprise	1
soon	11
cries	1
whenever	2
hint	2
limbs	1
sick	1
jbe	1
season	3
attention	1
performance	1
proof	2
southern	1
loes	1
fervour	1
head	18
concern	5
precautions	2
nation	20
slight	1
led	2
consuming	1
right	4
earthen	1
sit	3
vfau	1
unembodied	1
slugs	2
certainty	1
abridgment	1
race	1
stronger	2
largest	1
die	5
bestowed	2
fatigued	1
commands	1
mother	1
terrible	4
seriousness	1
world	18
umbrella	1
arid	3
oroo	1
lkin	1
dexterity	1
impatient	3
retreat	3
voyage	10
west	3
fortification	4
qf	1
ndt	1
beast	1
who	54
poilible	1
sleep	7
straggling	1
generally	1
merriment	1
north	3
authority	1
scripture	4
opposition	1
sad	2
desire	8
stars	3
principle	1
consequently	5
conquered	1
gravel	1
according	1
mygun	1
going	23
sasee	1
astonilh'd	1
openness	1
fitch	1
recover	3
victory	1
coat	2
orj	1
admired	1
merciful	1
equity	1
called	16
shadow	2
given	4
doctor	1
ruin	3
much	70
i.pere	1
choice	1
hid	2
put	20
yeast	1
continued	5
upon.my	1
continual	1
cast	6
wo	1
our	34
fear	10
thex	1
anything	14
afternoon	1
well	53
useful	3
ill	1
shape	3
puinea	1
engagement	1
dread	2
bare	2
obliged	3
acting	1
fisting	1
special	1
grapes	1
lied	1
placename	16
>elieve	1
evident	1
critically	1
repent	3
meant	6
thickets	1
post	1
neeeflarily	1
hoot	2
trapdoor	1
haunted	1
filled	7
asked	13
custom	2
ust	2
loaves	1
mv	1
sins	2
preach'dfrom	1
stakes	1
soundly	1
really	10
evil	4
disaster	2
landing	2
sat	4
bower	2
stitching	1
cave	11
shun	1
grant	1
hereafter	1
above	15
smiled	3
furnished	2
jpy.own	1
held	6
inevitably	2
atp'^^jffld	1
mutton	2
people	23
betray	1
reckon	2
hard	6
east	3
anniversary	1
piece	19
ms	1
large	13
musket	3
absence	2
herd	2
expectation	3
eat	27
watch	4
entrance	3
tied	2
roy	2
jside	1
lore	1
increased	2
instead	5
weak	2
cables	1
bra	1
saved	9
jesus	6
sean'd	1
mining	1
easi	1
cy'd	1
any	88
when	98
longed	1
worst	3
mad	1
your	6
wronged	1
english	2
walks	1
press	2
qualified	1
sop	1
sour	1
ihowing	1
life	29
consternation	1
god	65
whirled	1
ir	1
feel	1
hither	6
christians	2
loose	2
broad	2
give	13
framed	1
stop	1
years	25
eight	3
spared	1
staying	1
anc	1
lights	1
leaden	1
scarce	3
notwithstanding	2
nv	1
speak	14
errand	1
taste	2
thrown	1
matter	4
employed	1
particularly	7
waken	1
grew	2
doors	1
moved	2
ray	4
pigeon	1
kindness	1
left	18
instructors	1
savage	27
fan	1
cautions	1
tfipught	1
ve	1
auyd	1
mistakes	1
difficulty	3
stem	1
gods	1
eame	1
•meddle	1
deliver	3
bt	1
ihaking	1
tofight	1
baking	1
provision	2
smisd	1
solitary	3
tiling	1
suppose	4
affection	4
entertainment	1
blessed	3
beseeching	1
grove	5
point	6
preservation	3
perform	1
miniature	1
float	1
flock	4
favourites	1
anxieties	1
product	1
hundreds	1
within	13
might	89
its	7
deal	11
hath	1
criminals	1
remaining	1
fidelity	1
intelligence	2
mile	1
alvd	1
powder	5
discovers	3
bright	1
iv'd	1
whatsoever	2
hutch	1
beckond	1
go	50
ine	1
skin	3
perplexed	1
stied	1
stewed	1
slave	1
liked	2
customs	4
*4*	2
sently	1
sense	4
lor	1
possibility	6
worked	2
swimming	1
indeed	26
primitive	1
arabic3digit	17
handstand	1
albeit	1
sorrow	1
wrapped	1
hatchets	1
letting	2
trinidad	1
ij	1
ina	1
born	1
doctrine	3
knowing	3
xamuckee	1
listed	1
shat	1
dwell	2
most	19
broken	2
shining	1
tinderbox	1
divided	2
4r<yns	1
iould	1
many	40
frog	2
compassion	1
main	8
submitted	1
fours	1
lot	2
disability	1
hatched	1
scem'd	1
accordingly	6
foot	15
waited	3
obey	1
heap	2
suspended	1
yotmg	1
fairly	2
doctrines	1
sea	28
twinkled	1
loosing	1
thus	22
being	50
end	8
skulls	3
s	7
skirt	1
corps	1
allpeople	1
dog	1
reckoned	2
na	1
inspired	1
eating	3
wonder	1
figures	1
diet	1
casts	1
£ursion	1
commit	3
particularly.eminent	1
subsequent	1
ftient	1
prpbably	1
bad	9
va	1
shore	38
aware	1
*«4	1
mediator	1
food	1
of'november	1
belonged	6
portuguese	2
complain	1
distract	1
bullet	3
fifty	2
energy	1
/oyage	1
ttyere	1
tempters	1
dragged	2
companies	1
hear	10
copper	1
require	1
body	9
station	3
frighting	1
particulars	1
biit	1
complained	2
seemed	9
jumped	2
husband	1
fortifications	1
signed	1
face	5
running	10
mainland	4
hii	1
punifi	1
re	1
saving	6
sent	2
home	14
victuals	1
become	2
gradually	1
condition	15
number	5
hprria	1
hoes	1
hot	1
wished	1
sleeves	1
2dly	1
teaching	1
thee	2
flying	1
invincible	1
eighty	1
danger	13
launched	1
ways	7
public	2
walking	2
march	2
bring	14
revenge	2
millions	2
chopped	1
thicket	1
works	2
lie	2
iniquity	1
lawful	1
assect	1
hey	1
stores	1
none	5
spectacle	2
preserved	2
child	2
hare	1
cation	1
rising	3
pleases	2
gestures	3
covenant	1
longer	4
r.jij	1
innumerable	1
debate	1
tide	8
spoke	4
burr	2
coming	12
hair	1
read	2
ceremony	1
w	8
ie	1
amusements	1
ignorant	3
justify	3
olive	1
onfin'd	1
receivd	1
catch	1
ardent	2
cornerd	1
twenty	19
uneasiness	4
charcoal	2
resting	1
sufficiently	3
roman	1
themoon	1
giving	3
tread	1
victim	4
struck	1
human	2
swift	2
undo	1
prevented	1
little	54
mean	15
possession	1
obedient	1
night	16
presently'saw	1
quarrel	1
virginians	1
private	3
joul	1
twelve	2
up	74
usefulness	1
vigilant	1
sets	4
handily	1
swim	3
sands	1
bunch	1
begun	1
rebellion	1
breast	1
steps	2
historical	1
dear	1
towards	11
sedate	1
escaping	2
take	25
disposition	4
cloth	1
jumping	1
hollowing	1
pours	1
courage	3
executioner	3
shoot	10
q	2
thickness	1
gems	2
frigate	2
presented	6
edge	2
stay	4
rushes	1
mountains	2
wholly	2
overrun	1
searching	2
depend	1
sights	1
woods	8
lodge	1
creep	2
particular	4
case	3
invade	1
paper	1
bounds	1
carried	13
suffer	2
bottomless	1
signs	13
sincerity	2
expedition	2
pensive	2
shall	6
wais	1
followed	4
caravan	1
tip	1
placed	2
calfd	2
may	17
telt	1
properly	1
blinded	1
th	1
vast	2
meet	2
supported	1
her	26
moment	6
lood	1
cautious	2
fcitation	1
expected	2
scorched	1
vigour	2
downhill	1
proposed	3
embodied	1
calendar	1
express	1
along	6
planting	1
clothes	3
worse	4
crying	1
tongue	2
scout	1
fired	8
wilful	1
pursue	2
sometime	1
boy	1
reached	1
which	212
knees	3
lusty	1
tfter	1
acto	1
gasp	1
distinguished	1
flep	1
quarter	2
surround	1
satisfied	3
residence	2
simplicity	1
fled	4
prudential	1
others	4
butchery	1
charged	1
had	347
serene	2
omnipotent	1
withstood	1
hankering	3
sp	1
blrfed	1
sometimes	14
takirig	1
foundation	4
grow	1
used	9
relieved	1
glazed	1
circumstances	4
dare	3
best	8
action	3
stones	2
sweat	1
among	7
his	148
steer	2
bearded	6
ladders	5
embracing	1
alteration	1
understand	19
bullets	5
crime	3
vestiges	1
arabic2digit	19
ccck	1
prayed	1
teachee	1
built	1
cloudy	1
brought	18
grounds	2
drank	1
shedding	2
corner	3
remember	1
expert	1
plantation	1
hwws	1
lest	6
merciless	1
down	52
boot	1
ft	1
saj	1
forsake	1
siir/j	1
jifl	1
notice	1
stages	1
methods	1
mention	1
uncommon	1
aflist	1
quickly	4
ta	2
fieast	1
afloat	1
booty	1
strait	3
currents	6
mi	1
fell	11
wirh	1
reflect	1
expect	3
gone	10
pne	1
here	27
recovering	1
comely	1
family	2
self	1
marked	2
story	4
apparent	1
obtain	1
ha	1
seldom	4
attempts	1
tawny	2
pumps	1
sullenness	1
paces	1
eighteen	2
expense	2
circumspect	1
wnich	1
something	9
gave	28
ic	1
i	1213
kept	18
freedom	1
hour	3
formed	2
bodies	6
value	2
cbrij	1
common	1
hopes	4
instruction	4
with	238
rapidness	1
sending	1
comparing	2
taken	21
p	4
detestation	1
though	49
necessity	3
eager	4
hunt	1
waters	1
entirely	8
smell	1
fpr	1
cither	2
cany	1
shewm	1
aiid	1
draw	2
miseries	2
inclination	4
fixed	1
snares	2
carries	1
imagining	1
setting	6
everything	11
grain	1
planted	3
now	71
coast	7
mtarily	1
lord	2
gonr	1
tho'the	1
arabic1digit	67
grown	2
shut	1
stout	1
capacities	1
probable	3
nineteen	1
assaulting	1
slander	1
lavages	1
happy	3
clinch	1
provisions	2
honest	3
fogs	1
cordial	1
contriv	1
fowling	6
jngjt	1
force	1
grateful	2
seeming	1
midst	1
side	32
ut	1
irefs'd	1
weli	1
therprint	1
cruel	1
own	38
easily	7
secure	2
instant	2
fcould	1
twentieth	2
sails	3
oue	1
religions	2
drops	1
hanger	1
swiftness	4
canoe	11
standing	4
osfer'd	1
founded	1
cake	1
waiting	1
dreamed	3
ning	1
encouragement	1
pulled	2
jevil	1
employment	1
southwest	1
reader	2
immediate	1
pistols	5
turtle	2
whatever	2
hrisiiam	1
surly	1
wandering	1
spaniards	6
nourish	1
dew	1
strewed	1
wishes	1
strokes	1
leadhg	1
behaved	1
direction	1
fit	7
abundance	2
refervd	1
drew	1
thoughts	39
„nn\a	1
thirty	6
viewed	1
store	1
delivered	3
flasks	1
notions	5
ivto	1
aslt'd	1
form	3
evglijj	1
fa	1
axes	1
assertion	1
content	2
confusion	1
parts	5
fitted	2
success	1
sovereignty	1
aversion	2
cruelties	1
wicked	3
tent	3
threw	4
hollow	5
been	88
heart	6
asion	1
natural	3
pursuers	1
yelling	1
falls	1
sew	1
funk	3
disorder	1
fii'd	1
ftom	1
sot	4
upright	1
except	6
arms	9
hold	6
po	1
salvation	3
boil	1
root	1
belong	1
nohops	1
wounds	1
crushed	1
parrot	5
sufficient	3
piice	1
they	172
rum	4
r	8
catched	1
in.england	1
kitvd	1
looking	7
preparation	1
ruled	1
dug	2
design	10
smiling	1
mastered	1
tnj	1
abandonm	1
ambuscade	1
great	94
eave	1
we	79
divine	3
managing	1
brutality	2
offences	1
brain	1
heads	2
atas	1
weather	5
plifliingit	1
mentiond	1
conduct	2
times	11
big	8
requirsd	1
comrade	1
aired	2
regret	1
rock	5
qould	1
frights	2
stopped	4
devouring	3
possible	17
tour	2
hints	1
practice	3
sincerely	1
intention	1
cnter'd	1
companion	4
stress	1
follows	2
infinite	1
entertained	4
grotto	1
moving	1
pocket	4
projects	1
ox	1
bitter	1
very	104
boat	47
db	1
unfeigned	1
where	55
pott	1
abcut	1
finish	1
willing	5
hadkill'd	1
in	447
guiltiness	1
shipwright	1
astonished	2
deposit	1
sine	2
passage	2
vain	1
galled	1
vacant	1
faith	1
pur	1
saviour	3
wet	1
mischief	1
fame	19
bury	3
distance	8
fierce	2
says	6
capable	1
yir	1
consisted	1
voice	1
kneeled	3
murdered	1
discomforted	1
enghfo	1
wealth	1
confusions	1
flumbercl	1
pf	2
delivering	2
highest	3
arraignthe	1
anted	1
hay	1
self-preservation	1
sharpness	1
insomuch	1
paddle	2
answer	3
afier	1
anpther	1
muses	1
wound	2
do	70
run	15
agent	1
hangers	1
storm	1
ocean	2
pleasure	4
hence	1
terrifying	1
opened	2
man	35
nauseous	2
bppose	1
advanced	1
idolaters	1
finishing	1
tes	6
lasted	1
shipwreck	1
work	19
effect	4
age	2
turn	6
en	2
strangely	1
adapted	1
casual	2
hut	2
marks	2
sow	1
haling	1
windward	1
formal	1
gulf	1
reformation	1
fallen	7
extraordinary	5
wretches	16
np	1
apartment	1
sticks	2
intimately	1
quantity	5
attended	2
shoulders	1
rudder	3
if	104
io	1
adapt	1
fiery	1
ind	1
quitting	1
tor	2
tpgethet	1
considering	5
comfortably	1
loading	2
neceflary'to	1
stockings	1
pretty	5
supreme	1
belly	1
rny	2
misery	4
persons	2
aria	1
offers	1
prevailing	1
everywhere	1
recovered	4
bend	1
resentments	1
rather	11
hatchet	3
gratitude	1
depending	1
redemption	3
mate	1
drop	1
welcome	3
ambush	1
damp	2
issue	1
teach	4
judge	4
utp	1
needless	1
some	80
jealousy	2
idsj	1
pause	2
discussion	1
reflux	1
return	3
caused	1
enmity	1
invention	2
visible	1
butonfc	1
anxiety	2
tmv	1
folly	1
manythings	1
possessed	1
hunting	1
looks	1
access	1
bow	3
compare	1
souls	3
ex	2
pretended	2
sharp	1
harm	1
draught	2
without	32
jerkin	1
death	5
allow	1
thick	10
late	2
bold	2
gathered	1
impending	1
things	36
defiance	1
time	74
call	18
relief	4
fatigue	1
vessel	1
sorry	1
o	9
directing	1
changed	1
wink	1
violence	2
happily	2
excellent	1
repentance	3
fay'st	1
head.would	1
experience	3
other	62
gullets	1
general	2
charging	1
example	1
worship	2
oftener	1
months	4
lands	1
wearing	1
instrument	1
corn	5
few	1
handsome'pise	1
escape	12
names	2
cogi	1
dock	2
ac	1
disfe	1
care	7
quench	1
cheerful	1
reasons	2
eowplain	1
judgments	2
whole	16
dcxtroufly	1
twenty-five	1
fire	28
destroy	4
himself	18
thing	23
often	14
•i	1
pmploy'd	1
hah	1
contemplation	1
defeat	1
vasa	1
bowels	1
limb	2
occasioned	1
wringing	1
but	218
vtfe	1
sinesses	1
dun	1
folio	1
bungling	1
possibly	4
plain	3
mouths	1
appeared	7
perhaps	21
south	1
governing	1
near	26
oar	1
musing	4
conversed	1
underwood	1
circumvent	1
branch	1
mine	5
wast	1
strange	6
crusoe	1
boiled	1
lick	1
undermost	1
drink	2
introduces	1
another	29
using	1
tell	17
tp	5
flow	1
obtaining	1
punishments	1
diamonds	1
lightning	1
first	47
imagine	3
knowledge	18
trembling	1
murder	1
dangers	5
hy	1
sa	1
easier	1
from	100
fiscal	1
mounting	1
christ	5
impracticable	1
ture	1
reasonable	1
secret	11
ascribe	1
minute	2
humane	11
lggs	1
curiosity	1
board	6
word	19
contented	1
inquire	1
barbary	1
realising	1
desperate	2
rev	1
canoes	11
frame	3
returning	1
sentiments	1
even	18
wheri	1
loved	2
burn	2
during	2
violent	1
considered	2
set	21
grave	2
silence	1
cpm^	1
miles	2
such	58
thicker	1
inhumanity	1
jleads	1
suspect	1
convened	1
compared	2
tokens	1
come	53
difference	1
pulling	3
mens	1
renders	1
gyb'd	1
completely	1
manly	1
providence	21
get'at	1
handkerchiefs	1
familiar	3
nurse	1
directly	5
beat	5
sword	11
honesty	1
traps	1
satisfy	2
avenue	1
intercessor	1
fitting	2
bits	1
rapid	1
sq	1
vessels	1
fai|	1
consequence	1
tall	2
killing	2
amazed	7
fetched	4
barrel	1
nsupportable	1
foe	1
outstripped	1
water	16
between	16
meaned	2
returned	1
mentioned	5
itoccur'd	1
surprised	4
taking	4
conceptions	1
firing	2
supposition	2
clear	6
fustic	1
fruitful	1
z	1
how	62
destroying	1
humour	1
devourd	1
stomach	4
relating	1
walked	4
delightful	1
continually	4
causing	1
doing	7
preparing	1
oser	1
therefore	9
haled	1
sputter	2
thin	1
and	1100
seriously	3
onwards	1
whither	5
blessing	2
hoped	1
alter	1
applied	2
she	13
kneeling	1
dark	3
lerceiv'd	1
hint.if	1
answered	1
myrafts	1
cafes	1
tw	1
dam	1
•which	1
everlasting	1
marclsd	1
purchased	1
boisd	1
cheese	1
chop	1
redeemer	1
whiskers	1
excepting	1
national	4
calmness	1
unlucky	1
conclude	2
killso	1
affections	3
vance	1
abortive	1
pleasantest	1
sevetal	1
seed	1
spoiled	1
compass	5
wise	1
fraud	1
jp	1
rocks	1
belonging	1
foul	1
kind'of	1
inert	1
but.meer	1
kilfd	1
alone	5
hat	2
candle	1
mes	1
whiah	1
pints	1
suffered	1
spaniard	6
safe	5
sparkling	1
persuaded	1
pit	1
would	113
unnatural	2
gold	4
hurried	1
perishing	1
subject	3
cakes	1
stupidity	1
island	61
imprint	1
flags	2
scraped	1
unarmed	2
month	4
should	64
entered	4
troops	1
fi	2
beckon	1
pieces	21
difficulties	1
better	16
navigation	1
girdle	2
thanks	4
kingdom	2
bit	1
opportunity	2
whiles	1
sedately	1
rise	1
countryman	1
supply	2
occasion	15
orders	1
+\iin	1
poll	1
launch	3
ry	2
conversation	2
courses	1
church	1
club	1
plainly	8
superior	1
seel	1
verily	2
consideration	2
distressed	1
freely	1
increasing	1
living	6
converse	1
occurr	1
closing	1
manner	12
l.might	1
jus	1
shpt	1
hini	1
blanket	1
sixteen	1
art	1
backward	1
faithful	1
antic	1
unseen	2
pity	3
englishman	1
creek	7
stated	2
him	291
ofteruhad	1
mail	1
eye	1
per	1
iday	2
means	14
scared	1
pulse	1
heard	5
sailor	1
knife	1
traordinary	1
promiscuously	1
cooked	1
countenance	3
mttter'd	1
loth	3
lo	1
explained	2
mounted	2
careful	2
assisting	1
nc	1
both	13
aspect	1
