an	38
declared	2
mission	2
agncsv	1
throw	4
emotions	1
superstition	3
possess	2
support	3
redouble	1
arms	7
deserve	1
pretence	1
alone	4
union	4
remain	1
depart	1
waves	2
sorrows	1
maintained	1
thought	9
engage	1
colours	2
curse	1
goodness	2
perceived	2
assured	2
prepossession	1
imagination	1
unacceptable	1
became	5
opening	1
shock	1
son-in-law	1
released	1
dukedom	1
load	1
part	4
retain	1
character	7
children	2
lust	3
immaculate	1
della	1
need	3
slightest	3
ihe	2
herkneesby	1
discovered	4
every	22
deadened	1
deign	2
cemetery	2
rr	2
craggy	1
frantic	1
encouraged	2
decline	1
leisure	1
passing	1
arrived	1
account	2
inspire	4
promise	1
unavailing	3
powerful	1
answer	3
exchanged	1
wife	2
motion	2
cell	7
siness	1
hispaniola	1
clasped	2
atmospheres	1
tear	2
health	4
imminent	1
addresses	2
diseases	2
educationof	1
yielded	1
cojv	1
brave	1
profession	1
prying	1
resumed	1
restored	2
sure	1
uu	1
hirrr	1
influenced	1
barely	1
noblest	1
news	1
discovery	1
lose	3
conducted	1
noise	1
accompanied	3
convinces	1
yon	3
papers	1
r.sl.'uti	1
utterly	2
suspected	2
idea	11
he	224
cold	3
statue	1
grief	5
luxurious	3
lap	1
crimes	3
flash	2
leaving	1
illicit	1
repressed	3
neither	4
scorning	1
sign	1
pledge	1
proofs	1
petitioner	3
enjoyed	1
vice	1
towers	1
blaze	1
at	57
hope	3
walls	2
refinement	1
thunder	2
shocked	1
jf	1
through	5
state	1
affair	1
pronounced	5
babes	1
ungrateful	3
let	5
spoken	1
lament	2
ot	1
reputation	3
crucifix	1
devotion	2
veils	1
bli&	1
parting	2
relieve	1
column	2
dries	1
adifcovery	1
paying	1
sire	1
nature	3
slies	1
led	1
added	3
unconsciously	1
pushed	1
capuchins	1
familiar	1
each	3
not	74
efforts	2
deviation	1
seems	2
thronged	1
resolutions	1
ease	1
offenders	1
say	3
portion	1
warrant	1
feeing	2
alt	2
roof	2
imploring	1
without	24
hef	1
festoons	1
striking	1
generously	1
merit	2
sanction	3
instantly	2
readiness	1
self-denial	1
subterraneous	3
threatening	1
eerely	1
joined	1
pixy	1
haughty	1
talents	3
changing	1
gale	2
sailor	1
plot	1
generosity	3
exhausted	1
forget	3
think	9
disgust	3
lofty	1
errors	4
superiority	3
native	7
circumstance	1
vaunted	1
sincere	2
consolation	1
suns	1
still'under	1
argument	2
spirits	2
lot	1
glade	1
worthy	1
am	14
lips	6
river	1
desigqs	1
wood	1
brutal	1
malady	2
foolish	1
rose	5
duke	8
preferred	1
sister	13
me	83
reveal	1
depends	2
amongst	1
closely	1
secured	1
passions	7
disdainful	1
warmly	1
consider	7
heighten	1
severe	5
feet	1
timid	2
because	1
moss	1
reproaches	3
kill	1
door	16
amounted	1
done	2
seduction	2
ffacy	1
penitents	3
revolution	1
marquis	13
luckily	1
hen	1
distress	1
owns	1
•constitution	1
virtues	4
fr	1
constant	1
combating	1
instructed	1
make	4
fullness	1
yonr	1
to	396
join	1
acquainted	1
murcia	2
share	3
solid	1
deter	1
supplied	1
denying	1
repetition	1
impaired	1
all	29
accident	1
fly	2
trust	2
dreading	1
appetites	1
stronger	2
undoubtedly	1
perceiving	1
wild	2
ignorance	1
frequent	2
proceed	1
hand	8
grieved	2
telling	1
transaction	1
obscures	1
earnestness	2
round	2
try	1
bowers	1
narrow	1
induce	1
caresses	1
expecting	1
task	1
also	3
lihall	1
cor	1
hands	3
ihski	1
damned	1
supplications	1
father-in-law	1
discourse	1
alliance	1
misfortune	1
skilled	1
concealing	3
ivy	1
implicit	1
conceal	7
open	2
carefully	4
dote	1
strictness	1
pious	1
looked	4
crimson	1
penance	2
mansion	1
expresses	1
ardour	1
sakue	1
crowd	1
shed	1
known	4
persecution	1
marry	2
noble	3
reluctance	1
unworthy	1
monks	4
wanderer	1
heir	3
trace	1
maintain	1
conscience	2
sr	1
redoubled	3
result	1
romannumeral	25
chanting	1
importance	1
told	1
artd	1
uninstructed	1
decided	3
domestic	1
us	9
penetrated	1
passionately	1
ignorant	6
siicj	1
swift	1
bore	1
>6%	1
crowned	1
seductions.'i	1
unfetninine	1
offender	1
fourteen	1
firstt	1
impressed	3
remorse	1
perju■fjr	1
families	2
admit	2
blue	1
native.land	1
night	13
medicine	1
interference	1
st	15
slashing	1
returned	9
composure	1
alas	2
ploughs	1
physicians	2
madding	1
expectation	1
discontinued	1
boasted	1
disguise	1
friendship	2
feast	1
deceive	1
ii.he.r	1
youth	6
began	2
grand	1
moments	7
sin	1
of	363
peculiar	1
constitution	3
illness	3
smile	2
ap	2
cnfortunately	1
these	15
yonder	1
must	19
admiration	2
researches	1
sincerely	4
follows	2
reported	1
fantastic	1
twined	1
atonement.can	1
voluntary	1
measures	2
rleft	1
*<*5	1
swear	1
decisive	1
played	1
apprehensive	1
abuse	1
fears	1
hearing	2
touched	1
see	5
punishing	2
rage	2
regained	2
pressed	3
question	2
yew	1
slashed	1
conform	1
incensed	2
islands	1
committed	1
friday	1
happiness	4
early	1
possesses	1
immense	1
absence	3
confessional	1
this	55
discover	2
depravity	1
listened	2
myself	11
pray	2
whole	1
discovering	1
hastened	5
nay	2
obedience	1
members	2
woes	1
enough	1
unruffled	1
breath	1
indulged	1
interrupting	1
easy	2
returning	1
monastic	1
dreams	1
graves	1
fields	1
rapid	1
hesitation	1
contracted	1
hung	1
confide	1
mandate	3
burst	1
meanness	1
endeavoured	1
succeed	1
quick	2
attentive	2
innocence	1
progress	1
men	3
dead	1
gavehim	1
burying	2
ready	1
perceives	1
star	1
**f.you	1
infatuated	1
bell	2
decide	1
promised	4
magnificent	1
ambitious	1
wanton	2
name	4
plunged	1
silent	4
mult	1
k	7
arrival	1
warmth	1
the	625
person	7
obeyed	1
high	2
friends	8
ji	2
positively	1
purity	1
precious	2
acted	1
approaching	1
lower	1
perfection	2
shudder	2
presence	5
obscure	3
generous	1
reflecting	1
indiscretion	1
renewal	1
desires	4
preserver	1
exemplary	1
h	8
soul	2
haye	1
fact	1
propped	1
rendered.me	1
ordering	1
objects	2
confused	1
rendering	1
related	2
bloom	2
tremble	5
ened	1
qualities	3
blush	1
praise	3
constitutions	1
supposed	1
admits	1
served	1
caverns	5
propernoun	41
unsatisfied	1
hoges	1
halls	1
remainder	1
wretched	2
well-known	3
earthquake	1
subjects	2
6peb	1
falsehood	1
reluctantly	2
bosom	14
ornament	1
tears	8
moon	1
pleased	1
agitated	2
agreeable	1
is	54
embarrassment	1
rejoiced	1
thorough	1
qualifications	1
false	1
send	1
prepared	4
scornful	1
probability	1
rigorous	1
movements	1
sickness	1
abhor	1
accompany	1
true	4
opinion	9
vulgar	1
attending	1
educated	1
army	1
rings	1
features	1
report	1
ing	2
mind	9
pardon	3
unlocked	4
*7*	1
naturally	4
os	1
impression	4
forgot	3
fondness	1
resolution	3
respect	2
«pqn	1
repair	1
frowning	1
gained	2
refuse	1
nourished	1
youngest	1
house	3
ch	2
awe	2
confer	1
society	4
betrayed	1
incontinence	3
m.p	1
since	11
forgive	3
believe	3
detaining	1
beauties	1
impossible	1
look	4
of.the	1
liberty	1
prevailed	2
happen	1
fashionable	1
fancy	2
tranquillity	1
deep	1
enterprises	1
inseo	1
gild	1
protection	4
sudden	4
fair	3
monkj	1
five	2
willingly	1
thaq	1
finding	1
ternas	1
rioted	1
nearthestair	1
solemn	3
yourself	5
help	1
prevents	1
never	22
tri	1
fide	1
honourably	1
then	24
justified	1
remark	1
flattering	1
next	8
filled	5
scheme	1
below	1
confidence	4
overtook	1
sanguine	1
acknowledge	2
despair	4
saw	5
nuns	5
destroyed	1
friend	10
topped	1
last	4
fortitude	2
intoxicated	1
*tfas#	1
total	2
growing	2
warn	1
listen	1
desired	5
terrors	1
trembled	3
deceit	1
hut	1
unfortunately	3
fever	2
mortal	1
revengeful	1
te	1
avoid	2
no	68
hanging	1
pleafun.s	1
curious	1
mil	1
pretend	1
rigour	1
repose	4
celibacy	1
occasionally	2
wanted	2
temporary	1
petition	3
conquer	1
hall	2
spread	1
powers	1
abandon	3
excite	2
ground	5
precaution	1
altar	1
necessary	6
persisted	2
hem	1
use	4
that	145
railing	1
earnestconversation	1
marries	1
diminish	1
apace	2
affect	1
feelings	2
terrified	2
wandered	1
whirring	1
enclosed	1
awoke	1
promising	1
would	34
contained	1
concubine	1
beyond	1
sought	1
drive	1
unwillingly	1
carriages	1
itself	4
list	1
dwelling	1
stipend	1
realised	1
light	7
indian	3
thousand	2
yesterday	2
unign	1
order	7
spacious	1
co	1
outward	1
parlour	3
lessons	1
indulge	3
appeases	1
losing	3
provided	1
convince	2
exposed	1
bis	3
appearance	2
thread	1
passion	5
girl	2
illuminate	1
audience	1
hiding	1
in	163
t^ose	1
religious	1
nd	1
days	3
tender	1
country	3
tenderness	2
owls	1
loud	1
remembrance	2
ascended	1
fivain	1
vent	2
verty	1
change	2
everything	5
detained	1
daily	1
recognise	1
polite	1
yellow	1
jt	1
rescue	3
keep	6
sigh	4
plague	1
escaped	1
reflections	1
tor	1
brilliant	2
why	7
child	11
shown	1
earliest	1
tonight	1
opens	1
interesting	1
approach	1
once	13
s	4
kissed	3
worthless	1
devoted	2
found	11
darted	2
disavowed	1
young	8
inflexible	1
interposing	1
refectory	1
adopted	1
failed	3
melancholy	4
friar	7
her'malady	1
forbidden	1
latter	3
old	2
dimmed	1
expressive	1
actually	1
vexed	1
agreed	1
cis	1
killed	2
quest	1
poison	1
hypocrisy	3
compassionate	1
services	2
memory	2
widow	1
again	6
hewn	1
rob	1
proposed	1
soft	2
blew	1
than	27
fairest	2
abyss	1
lip	1
longer	7
too	12
degrees	1
gentle	3
their	13
those	15
rooting	1
low	4
strong	1
western	2
saying	2
needed	2
tliesun	1
gratification	1
sight	1
cease	2
hisad	1
sorely	1
wudness	1
spoke	3
procured	1
untried	2
ours	2
throwing	1
habits	1
intentions	1
seducer	1
considerations	1
else	3
execratipn'purfued	1
singer	1
disapprove	2
accustomed	4
emissaries	1
refuge	1
unless	2
pervading	1
whoseemed	1
strength	2
saviour	1
winding	1
view	2
tq	1
judgement	3
obliges	1
consolations	1
circumlocution	1
palace	1
equally	2
event	3
fruitless	1
amorous	1
morning	8
has	19
bane	1
yoa	1
withdraw	1
stone	2
invitation	1
sepulchre	3
prejudices	2
o	1
above	5
strove	4
alorie^5	1
alive	1
oh	6
laying	1
blind	1
ners	1
resolved	3
inability	1
play	2
unequal	1
penetrate	1
harmonious	1
have*struekr	1
departure	1
deprived	2
went	1
fay	2
severity	1
exchange	2
lay	2
over	6
tradesman	2
infinitely	1
neglected	1
understand	1
trisling	1
endeavours	2
whtt	1
caught	2
crossed	1
avow	2
disgrace	4
admittance	1
rough	1
reason	3
offended	2
coni	1
wicket	1
reject	1
cloisters	1
indignation	1
religion	1
extinguish	1
tamp	2
quitted	7
laws	1
dudgeon	1
present	6
single	1
charming	1
madness	1
unaccountable	2
excesses	3
under	6
charmed	1
venial	1
unfortunate	4
her	222
manners	4
refrain	1
universal	2
between	4
singularity	1
greater	3
former	5
u	3
osf	1
four	2
fail	2
bearing	1
are	23
boiling	1
giddy	1
bark	1
loving	1
faintly	1
perfect	2
forward	2
approbation	1
vault	1
artless	1
propriety	1
carry	1
forfeited	1
heaven	5
starr	1
suppliant	1
inattentive	1
yrt	1
closed	3
were	40
succeeding	1
cooled	1
give	9
disgusted	1
delkacy	1
implacable	2
tome	2
could	24
essential	2
stood	1
reduced	1
strom	1
second	4
pleaded	1
syllable	1
for	85
cardinal	1
words	1
already	10
started	3
remained	2
claim	1
ballad	1
hourly	1
warm	3
inform	1
want	3
despicable	1
pains	3
susceptible	2
likely	1
honourable	1
bringing	1
concluded	2
apprehensions	3
dreaded	1
leave	6
mountain	1
forgotten	3
fresh	2
unjustifiable	1
raised	2
apply	2
looks	2
good	3
trifling	1
blushed	1
glimpse	1
quier	1
mei	1
consented	1
remains	1
punished	3
convinced	6
disappointed	1
price	1
ideas	2
felt	9
peace	1
confined	3
tis	4
transports	2
needs	1
hehad	1
waste	2
business	3
obeying	2
faint	1
retired	8
sealed	3
complying	1
separated	1
pangs	1
complied	1
expiated	1
piecemeal	1
flitted	1
created	4
increase	2
vengeance	3
measure	1
dispatched	1
rigid	1
advice	1
wall	2
fearing	2
fancied	3
rhingledde*	1
period	1
intended	1
information	1
resist	1
sighs	2
recovery	2
alarm	1
curses	2
addressing	1
bi	1
recall	2
or	12
entranced	1
superstitious	1
thisl	1
blamed	1
amiable	2
dared	1
forgave	1
certain	2
confessor	3
untimely	1
whether	1
prudence	1
dawning	1
stranger	3
add	3
necessitated	1
love	10
beloved	4
short	1
less	9
dressed	2
truly	1
contrition	1
spirit	1
gers	1
enabled	1
reconciled	1
wants	1
banished	2
accents	2
fake	1
parents	4
excess	3
columns	1
needful	1
e	2
it	77
threatened	2
credited	2
fully	1
ere	1
wislies	1
supposing	1
nets	1
culpable	1
displeasure	2
plaintive	1
committing	2
softness	1
unwilling	1
forbids	1
rereed	1
charge	1
basket	3
intention	2
scarcely	5
as	56
disgracing	1
auditor	1
whac	1
breed	1
ating	1
pretending	1
herself	8
repentance	1
don	14
offer	2
proceedings	1
impatiently	3
perceive	1
however	5
breaking	2
gives	2
comforts	1
about	2
just	3
after	8
d	2
pei	1
dear	6
noised	1
obligations	1
fate	4
softly	1
beheld	1
against	4
fatherless	1
oneof	1
descended	4
have	69
received	6
experience	4
sailing	2
weakness	2
pang	1
save	2
purpose	1
votaries	1
so	37
them	27
prohibit	1
fearful	1
removing	1
perjury	2
zalvo	1
take	5
took	5
weight	2
unfair	1
fails	1
cloister	1
yirtnes	1
empire	1
remorte	1
knew	5
lost	5
pale	2
sharers	1
real	2
beauty	2
scruple	1
relation	2
dearest	2
subscribed	1
find	5
giving	1
spam	1
anxious	4
ear	2
fame	9
descending	1
herbrother	1
persified	1
melody	1
prescription	1
makes	1
mains	1
forgiveness	1
rule	1
accomplishments	2
suspicion	1
interior	1
mournful	1
menaced	1
reslectedon	1
wretch	1
black	1
interest	6
attempt	2
rang	1
sadly	1
section	2
excuse	2
delicjpus	1
acquaintance	4
pensioner	1
learned	1
devoured	1
baffled	1
lamp	6
quit	5
following	1
equals	1
shrink	1
quiet	3
winds	3
sifter	2
blood	2
disturb	1
determined	5
raged	1
either	1
bright	1
favours	2
fidy	1
practice	1
binding	1
raved	1
live	3
upon	50
infringed	1
i^&weyounot	1
remembered	1
sopha	3
appear	1
might	9
submissive	1
seen	4
barbarous	1
firm	1
dismal	1
jxist	1
destruction	1
sentences	1
transgression	2
innocent	1
cavern	3
seal	1
obstinately	1
regaining	1
jlv	1
garden	5
amaze	1
fed	2
esteem	4
follow	4
serious	1
companions	2
themselves	1
disagreeable	3
indisposition	1
seg	1
yours	1
languor	1
way	1
ever	9
perdition	1
foibles	1
approa	1
forgetful	1
comp	1
semi	1
long	7
vexation	1
nas	1
m	4
hearts	1
panted	2
was	152
swell	1
fool	1
toforbear	1
menaces	2
half	2
hadbroken	1
thing	1
raise	1
anger	3
ought	1
reiurrectjan	1
adventures	1
unacq*iaintance	1
spite	2
favour	3
prevail	2
pleasures	9
anyone	1
common	2
there	9
refreshed	1
solicit	1
irl	1
doting	1
mould	1
despised	1
forth	1
tremendous	1
rescued	1
trembling	2
whose	9
mentioning	2
las	4
strongly	3
y	2
yes!"replied	1
seek	1
resentment	2
che	1
ordered	1
keener	2
design	3
divine	1
prospect	2
boldly	1
castle	1
southeast	1
chair	2
origin	1
compliance	1
applauded	1
events	2
hours	1
herbu	1
frailty	3
can	10
important	1
know	14
forbid	1
summoned	1
t	5
stain	1
strangers	1
fall	2
nor	6
insinuate	1
liberal	1
snakes	1
strain	1
goats	1
seeing	1
power	12
waat	1
holy	1
murmured	1
insult	1
having	5
room	2
orphan	1
near	5
actions	1
examined	1
sleeping	1
amazement	1
insisted	2
sooner	5
set	2
greatest	1
pretensions	1
satisfaction	1
interlarded	1
disappeared	1
man	7
enjoy	1
source	2
operates	1
continue	1
bqt	1
evidently	1
offence	2
pervert	1
injured	1
covered	2
resource	1
protected	1
day	17
surprise	4
intrepidity	1
j	26
while	13
eoncubine's*	1
delicacy	1
fulbyv	1
guilty	1
command	2
banist	1
haw	1
serve	3
infamy	1
revive	1
glued	1
eloquence	3
couch	1
clouded	1
chance	1
lu	2
affliction	3
wit	1
abhorrence	1
pdoress	1
proceeding	2
blushes	1
throne	1
ljght	1
proves	2
several	1
resolve	1
con	1
blackest	1
awakened	1
overwhelming	1
shuddered	2
grievous	1
reigned	1
thoug	1
future	3
frequently	2
matins	4
respecting	3
thither	2
instantaneously	1
fire	1
undertook	1
bid	2
conclusion	3
haste	1
heat	1
embraces	2
still	29
id	2
only	15
reproof	1
posed	1
climes	1
uneasiness	2
doubt	5
apd	1
explanation	1
instant	3
proaeh	1
pain	1
strengthen	1
proper	2
sensible	4
calm	1
before	15
brother	4
delay	3
tol	1
irresistible	3
dropped	1
indigence	1
wish	6
honi	1
table	1
recruit	1
assistance	2
sparing	1
inexpressible	1
yet	14
cause	10
usurped	1
prevent	3
full	5
abandoned	2
perfectly	2
wait	1
level	1
slowly	2
shunned	1
youraf	1
mustl	1
enjoined	1
requested	2
fee	4
ts'j	1
away	2
repaired	1
connexion	1
bade	1
cghr	1
two	5
abbot	11
did	14
nes	1
luxury	1
far	5
insatiate	1
most'se	1
allege	1
female	3
lady	5
new	3
estate	1
irrw	1
painted	2
hinges	1
aud	1
equal	2
fight	1
doubtless	4
climate	1
rate	1
service	3
notes	1
u'l	1
stillborn	1
verses	1
singing	1
ditty	1
judges	1
undergone	1
milder	1
personalname	164
sung	1
infancy	2
purposed	1
distance	2
unacquainted	1
honestly	1
profane	1
protector	1
communicate	1
cjiu	1
interruption	1
ah	8
woman	8
voluptuousraonk	1
will	41
plead	1
credit	1
sex	7
though	8
unaccompanied	1
spires	2
stead	1
renewed	1
gladly	1
along	2
splendour	1
engagements	1
importunities	1
alarmed	1
sabric	1
hark	1
punishment	4
fun/mould	1
exclamation	1
daylight	1
justice	1
tormenting	1
fast	1
heavy	1
honour	5
entreat	1
jepining	1
consist	1
pasted	2
jv	1
deprive	2
poor	3
obtained	1
voluptuous	1
witness	1
truth	6
cost	3
thirst	1
sun	1
chapel	4
continuance	1
observe	2
menace	1
obi	1
traces	1
dtcate	1
blows	1
overturn	1
wind	1
receive	6
obliging	1
surrounded	2
worm	1
dreadful	1
discipline	1
whispered	1
minutes	1
pediments	1
beginning	1
demanded	1
voluptuously	1
constantly	3
on	35
made	18
vowed	1
security	3
off	1
proacbes	1
expressing	1
dangers	2
soon	11
softest	1
cherish	1
shaken	1
attention	2
chamber	2
relations	4
proof	1
staid	1
procure	4
musical	1
head	3
praises	1
slight	1
exile	2
peruse	1
right	1
artifice	1
fiuence	1
judge	5
card	1
potent	1
eyes	17
property	1
die	2
foresee	1
erect	1
bbeyed	1
mother	15
terrible	2
world	10
curiosity	3
calculated	1
thecrime	1
sentiment	3
impatient	1
skies	1
retreat	1
voyage	1
intervals	1
satiated	1
sacrifice	2
who	16
faltered	1
paternal	1
sleep	4
generally	1
distess	1
envied	1
ensued	1
motives	1
opposition	2
others	2
sad	1
desire	2
stars	1
sanctity	2
consequently	1
advantageously	1
suspicions	2
reslected	1
virtue	2
ardently	1
forbidding	2
passages	1
called	4
vaulted	1
disclose	1
message	1
much	13
hid	1
put	4
continued	5
luaded	1
satiety	2
weariedof	1
convent	13
cast	3
our	12
medina	8
fear	12
anything	1
attached	1
slie	4
ill	11
iron	1
given	6
i•	1
dread	1
obliged	8
expectations	1
confess	2
transport	2
mistress	5
placename	25
title	1
meyour	1
abilities	1
realms	1
freely	1
circumstances	1
suited	1
face	4
vol	2
tomorrow	4
really	1
introduce	1
grave	2
many.an	1
bewildered	1
bower	1
sparkling	1
prove	1
confine	1
up	11
holding	1
smiled	1
be.b.urst	1
stopped	1
free	1
people	3
profound	4
betray	3
abode	1
peccadilloes	1
distant	1
excited	3
stairs	2
centre	1
entertain	2
ed	1
window	1
narrowing	1
idol	3
prioress	10
watch	1
in.vain	1
roy	1
sweet	6
increased	2
keeping	2
instead	1
saved	1
establishment	1
any	3
when	28
longed	1
worst	2
transition	1
shepherd	1
your	81
fault	7
favourable	2
secretly	1
press	3
discussing	1
yielding	1
heart	18
god	3
daughter	11
disappear	1
feel	6
hither	2
loose	1
horror	5
cloys	1
years	3
visit	6
spared	1
nnrscaitcely	1
repaid	1
well	7
guilt	1
remedy	2
fused	1
beg	2
air.as	1
informed	2
sase	1
interests	1
granted	1
thrown	4
employed	1
quitting	6
address	1
becoming	2
deliver	1
doors	1
moved	1
ray	1
aik	1
kindness	1
left	12
believed	3
respectfully	1
quality	1
pope	3
difficulty	1
affectionate	1
fo	1
f	1
stole	1
ments	2
tormepts	1
figure	3
heavenly	1
tortured	1
injuries	1
ftitution	1
from	53
suppose	2
affection	10
futile	1
blessed	2
considered	3
point	6
preservation	1
delights	1
paused	2
beneath	3
seized	1
within	1
counted	1
patient	1
sacrificed'for	1
unexpected	2
werevisible	1
coach	1
arresting	1
slow	2
rendered	2
dearer	2
conversation	4
division	1
incidental	1
lines	2
countenance	5
consequences	6
preserve	2
till	11
sense	1
valuable	1
possibility	1
totally	2
key	7
indeed	2
arabic3digit	14
repetitions	1
sorrow	2
application	1
mystery	1
ij	1
acceded	1
produce	3
discontinue	1
respects	1
cursed	2
lanched	1
burned	1
hollow	1
porteress	1
broken	4
shining	1
interfering	1
spells	1
uncle	6
many	6
compassion	5
main	2
shrine	1
rejoice	3
undeceived	1
proceeded	2
commissioned	1
waited	5
obey	3
knows	3
misinformed	1
ro	1
visits	4
scenes	3
united	1
declining	1
thus	6
being	10
end	1
breathe	1
chief	1
rank	1
expressions	2
bed	5
overlook	2
favourably	3
turned	4
inspired	3
appeased	1
wonder	1
swain	2
diet	1
permission	2
espouse	1
consists	2
vanity	1
bav*	1
distinguish	1
ambrosio	24
rich	1
bad	2
embitter	1
gloom	2
staircase	5
aware	1
cr«	1
different	1
fij	1
confiding	1
belonged	1
tress	1
replunged	1
injustice	1
village	2
blessings	1
hear	3
mem	1
require	1
harbouring	1
station	1
rrieans	1
written	1
grandeur	1
cottage	1
seemed	8
husband	6
unfeeling	1
injunctions	1
gently	1
expect	5
affectionately	1
re	3
sent	2
home	1
shame	4
become	5
disinterestedness	1
number	1
encourage	2
nun	3
reality	2
humility	3
wished	3
burning	1
exalted	1
feelingsof	1
thee	2
flying	1
shook	1
owe	1
danger	3
public	2
begging	1
almighty	1
bring	1
revenge	2
*7°	1
abashfulness	1
plan	1
penitence	1
imaginations	1
begged	1
vision	1
he.wanted	1
>'v.•	1
none	2
soften	1
preserved	1
least	2
bereave	1
reverend	4
execute	1
rising	1
back	4
ask	1
adventure	3
airs	1
watching	2
strictly	1
burr	2
coming	1
bu	1
hair	1
entrusted	1
read	5
shone	1
applied	1
seize	1
syren	1
ie	1
arguments	1
sat	1
slumber	2
justify	1
appetite	2
monk	7
consulted	1
catch	1
nephew	1
elopement	2
ardent	1
restrain	1
twenty	2
marble	2
relationsshoujd	1
animated	1
seldom	1
fatal	1
undertake	1
reechoed	1
victim	2
human	1
mean	1
acquired	1
possession	7
obedient	1
wafts	1
fc	1
small	3
occasions	1
nothing	8
tasted	1
twelve	2
consume	1
undisturbed	1
observations	1
aoi	1
laymen	1
communicated	2
joys	9
past	4
auditors	1
seeks	1
attachment	2
la	1
rejoin	1
restrains	1
breast	3
permits	1
interpreters	1
difficult	1
towards	4
render	3
billows	1
suddenly	3
chanted	1
delirium	1
genius	1
one	12
hearth	1
met	1
behind	3
furnished	2
sentence	2
contents	2
courage	6
permitted	1
more	34
defect	1
q	1
val	1
presented	4
edge	1
ance	1
approve	3
heinous	1
phœnix	1
disc	1
startle	1
shared	2
trebly	1
w	1
particular	2
case	4
majestic	1
paper	3
father	9
wealth	3
deathbed	1
prisons	1
fad	1
befo	1
selfish	1
agonies	1
shall	15
gcrijk	1
grieve	1
freedom	2
spanish	2
followed	4
saikire	1
behold	2
handkerchief	1
said	12
may	16
revived	1
th	2
vast	2
meet	1
supported	2
moment	11
cautious	1
dimates	1
expected	3
conferred	1
persuade	3
piety	2
refused	2
partner	1
beams	3
three	3
compelled	1
endeavouring	1
coloured	1
benignity	1
darting	1
dames	1
worse	2
produced	2
named	1
confessed	1
insist	2
glaring	1
regularly	2
magnified	1
busied	1
urged	1
sometime	2
boy	1
reached	2
which	90
oit'c	1
feeble	1
interposition	1
little	8
commands	1
sheaffectedto	1
pride	1
fled	2
contradiction	1
vaults	3
blameless	1
consternation	1
atterhpt	1
used	2
relieved	3
evening	2
leaves	1
asked	3
tc>	1
with	130
disturbance	1
toirrbv	1
among	1
his	257
dangerous	5
nocturnal	1
cannot	4
supplicating	1
bitter	1
crime	5
arabic2digit	11
tigi	1
confession	1
speak	4
grating	1
taken	5
drank	1
letter	1
ari	1
remember	5
temperament	1
console	1
furnish	1
its	13
rejected	1
lest	7
descend	2
down	3
most	20
aunt	1
sky	1
mi	2
fell	2
reflect	1
rote	1
apartment	1
avoided	2
paramour	1
week	2
here	3
vales	1
family	3
jealous	2
coasts	1
generality	1
marked	1
bids	1
ce|i	1
obtain	2
behalf	2
death	7
thoi	1
exquisite	1
indecent	1
hotel	1
disposition	1
eternally	1
gave	8
ic	1
deficient	1
elder	1
hour	6
formed	1
gh	1
existence	3
bodies	1
sort	1
value	4
satisfied	3
impatience	3
hopes	4
reproached	1
action	1
ge	1
exterior	1
pleasure	8
commerce	2
torn	1
guests	1
necessity	1
eager	2
friendless	1
iss	1
entirely	1
appal	1
i	173
risque	1
presage	1
length	5
miseries	1
entreated	2
counselled	1
fixed	1
attend	1
should	29
planted	1
now	19
spare	3
coast	1
seriousalarm	1
emotion	1
gonr	1
irregularity	1
delirious	1
confining	1
been	23
ladies	1
murderer	1
looking	1
sultry	1
strive	1
hustled	2
honest	1
hints	1
you	112
very	14
enjoying	1
force	1
distracted	1
grateful	2
dye	1
wherever	1
unfic	1
pfrize	1
hi	1
assumed	1
enslaved	1
quieted	1
darkness	3
sling	1
cruel	2
touching	1
own	10
doomed	1
easily	7
erected	1
parent	3
retire	2
persuasive	1
dormant	2
aster	1
consluence	1
resemble	1
example	3
envy	2
by	59
infamous	1
waiting	1
sliope	1
obscurity	1
adores	1
allowed	1
whatever	3
interrupted	4
upost	1
studies	1
wishes	1
decision	1
deceived	1
cathedral	3
arrives	1
appropriate	1
drew	6
thoughts	3
presume	1
lies	2
conscious	2
lord	1
display	1
delivered	2
notions	1
pitied	1
foul	1
lively	1
form	1
purchased	1
assertion	1
enjoyments	1
arabic1digit	43
traits	1
delight	2
trusted	2
success	3
threw	4
usual	3
taught	5
natural	6
replied	5
oft	4
funk	1
disorder	1
rays	1
except	2
engaging	1
po	1
gaily	1
glowed	1
charms	6
square	1
bent	2
feared	2
benevolence	1
sufficient	5
they	33
r	9
my	127
vain	5
age	3
temper	1
smiling	1
inquisition	1
observation	1
ancient	1
great	4
happy	2
we	10
capuchin	3
bljfs	1
harboured	1
terror	1
shares	1
whom	10
suffered	6
conduct	3
assume	1
times	2
o'erpays	1
compliments	3
fondest	3
embroidery	1
victory	1
enchanting	1
regret	5
rock	1
slame	1
possible	2
brow	2
banks	1
companion	4
delicious	1
vrjj	1
fortunes	1
entertained	1
elapsed	4
ty&a	1
out	10
lister	1
i^ad	1
segnora	1
hot	1
bqried.'f	1
regarding	1
spectators	1
where	6
existing	1
beautiful	1
allowance	1
farewell	4
prayers	1
education	3
stings	1
partiality	2
arrive	1
reward	1
astonished	1
clouds	3
kst	1
unsuspected	1
break	5
purchase	2
warrior	1
asto	1
disappointment	1
bury	1
suffering	1
foundress	1
receded	1
voice	11
females	2
inborn	1
highest	1
sisterhood	3
repeat	4
concealed	5
regular	1
twice	1
wound	1
do	7
consent	4
side	3
lerma	1
needy	1
hirst	1
opened	3
daring	1
undeserving	1
advanced	3
recoiled	1
pay	2
lasted	1
woe	1
effect	3
turn	1
en	1
ra	1
engender	1
marks	1
ring	1
unknown	5
sibly	1
forgiven	1
intemperate	1
what	31
fallen	4
place	3
vot	1
kiss	1
ihat	1
attended	2
continence	1
if	15
secure	2
tocuba	1
manliness	1
rhit	1
feebly	1
establishing	1
create	1
expired	1
feigned	2
misery	1
grew	6
brink	1
romantic	2
deigned	1
recovered	1
bend	1
rather	3
history	1
gratitude	4
music	2
enthusiasm	1
drop	1
welcome	1
vows	7
succeeded	4
invented	1
amusing	1
girdle	1
transactions	1
j.'.j	1
loss	3
some	11
immediately	2
foa	1
ni	1
step	5
recollection	1
murmur	1
return	3
placing	1
bvit	1
invention	1
grate	4
instructors	1
possessed	7
eternal	1
despaired	1
bow	1
authorises	1
implore	2
engaged	1
blaming	1
thick	2
late	1
bold	1
fusceptible	1
gift	1
rustic	1
uncertain	1
persuasion	1
situation	6
time	11
withdrew	1
unable	4
positive	1
vessel	1
conceive	1
violence	2
j.v	1
j.■	1
excellent	1
fay'istrue	1
same	6
adhering	1
doubted	2
sermon	1
fearless	1
*>7	1
other	11
humour	1
repeated	1
cloak	1
mercy	1
semb	1
tells	1
hb'ps	1
sor	1
deed	1
months	2
trees	1
virgin	1
embarrassed	1
terms	1
few	7
abbey	4
escape	1
imprudent	2
assuring	1
rhe	1
pleasing	3
inquietude	3
into	19
lover	7
announced	1
ac	1
care	2
course	6
decree	1
reasons	4
bestow	1
original	1
himself	18
thy	5
community	2
blame	1
sistet	1
fond	4
torrent	1
occasioned	1
assure	1
but	79
cret	1
deypted\9.^e#yea	1
remarked	1
mutual	1
glanced	1
possibly	2
eaeh	1
liver	1
permit	3
perhaps	2
indifference	1
had	78
conversed	1
nipit	1
mine	6
strange	2
land	3
influence	1
oath	3
infinite	1
women	3
another	4
appeared	8
tell	2
tp	1
disembarrassed	1
request	4
obtaining	2
visited	1
first	6
knowledge	1
mildest	1
birth	1
easier	1
rejecting	1
agitate	1
aa	1
imprudence	2
stirring	1
always	1
lustre	1
confirm	1
secret	8
thursday	5
struggle	1
fisher	1
word	2
contented	1
safely	2
inquire	4
frankness	3
midnight	1
voluptuousness	1
frame	1
sentiments	11
beware	1
pompous	1
even	7
sorrowing	1
loved	2
rn	1
apprehend	2
during	4
violent	4
butr	1
restore	1
stisle	1
mitigation	1
silence	7
such	17
induced	3
rocked	1
suspect	1
life	12
accounts	2
come	4
difference	1
existed	2
afforded	1
object	1
manly	2
leading	2
forced	1
si	2
fenses	1
bowed	1
mitigate	2
admitted	1
enterprising	1
priotcfs'tb	1
merits	4
fortune	4
speeds	1
contest	1
chaos	1
wretchedness	1
barriers	1
tormented	1
cope	1
almost	5
mentioned	2
mouldering	1
taking	6
clear	2
wondered	1
how	20
returns	1
tends	1
sufficiently	2
severifli	1
variety	1
graceful	2
story	1
therefore	4
meanwhile	1
and	339
modesty	1
waits	1
cheek	1
hoped	4
inclinations	2
loudly	1
glutted	1
she	96
despondent	1
dark	3
toval	1
acknowledged	1
mark	1
astonishing	1
de	7
reproach	2
roofs	1
gazed	2
per	1
chose	1
passed	10
marriage	2
graces	1
pursue	1
a	157
retires	1
domina	4
demand	1
affected	3
differently	1
sbe	1
bull	3
desperate	1
holiness	2
wise	1
persecutiori	1
disinterested	1
chap	1
glance	1
interfered	1
reconnoitre	1
ia	2
steps	8
brofio	1
thirty	1
forbearing	1
brain	2
moneys	1
crowded	1
safe	1
persuaded	3
air	3
unnatural	1
refusal	1
judging	1
embrace	1
perishing	1
subject	3
procuring	1
delivering	1
ocean	1
bat	1
intelligence	4
entered	7
dike	1
endure	1
har	1
bliss	1
sly	1
porter	1
thank	1
better	6
stormed	1
unprotected	1
repulsed	1
horrors	3
seclusion	1
water	1
thanks	2
proud	1
opportunity	3
tormentor	1
monastery	1
cried	1
im	1
professed	1
supply	2
unbounded	2
sang	1
orders	3
disobey	1
loves	1
ambition	2
please	2
shud	1
church	1
stn	1
superior	4
chastity	1
aid	2
safety	1
restoring	1
closing	1
increases	1
manner	4
deserving	1
physician	1
austerity	1
be	73
ceased	2
ventured	2
art	2
aided	1
apprehension	2
servile	1
pity	1
seat	2
hia	1
him	101
cravings	1
hush	1
eye	6
everlasting	1
cheeks	2
joy	1
means	9
heard	7
guard	1
fi	1
go	1
isiijarried	1
adieu	1
b	2
lo	1
explained	1
twilight	1
mail	1
both	4
insensibility	1
regretted	4
