doth	2
mission	1
licentiate	1
sum	3
forming	3
fees	2
manage	1
quill	1
trampling	1
honeycomb	1
wine	10
houses	1
clown	1
directions	2
pretence	1
arranged	5
wear	1
unsuspicious	1
keenly	2
knee	1
thought	28
kind	12
duties	1
markets	1
perceived	4
assured	7
improper	1
unmarked	1
inference	1
cool	2
stair	2
d–d	2
giant	1
stage	1
salt	1
released	1
labelled	1
gaol	1
signifies	1
ally	1
part	21
community	1
greener	1
character	21
theirs	2
attentively	1
button	2
need	6
states	1
hill	5
representative	2
task	4
conspicuous	1
intelligent	2
hexham	1
loaded	2
patience	3
hoping	2
account	11
provocation	1
uglier	1
powerful	2
corresponding	4
later	1
moralists	1
drawn	3
lower	1
reply	5
yout	1
health	3
rarely	3
especially	3
horsely	1
obedience	2
brave	2
advise	2
eleventh	1
lucky	2
doleful	2
decreed	1
clerk	24
processionals	1
series	1
prying	1
arabicprice	1
bully	4
a’oar	1
resumed	2
sure	13
philistines	1
causeless	1
distinguishing	2
escritoire	1
acquit	1
prepossessing	1
mass	2
plundered	1
news	2
glided	1
whence	1
noise	3
accompanied	1
otters	1
successful	1
hatred	1
whigs	1
utterly	1
proportions	1
perpetuate	1
combina	1
statue	1
weed	1
tune	1
visage	1
push	6
prefer	1
courtier	1
extracted	1
somebody	1
remain	4
comprehension	1
staked	1
unlearn	1
discompose	1
residence	4
capable	4
barring	2
poured	1
fraternal	1
knowing	4
flew	1
regis.’	1
through	22
inferior	2
assaults	1
whew	1
unappropriated	1
glee’d	1
spoken	7
ripen	1
enforcing	1
affords	1
puddings	1
devotion	3
robbed	3
farewell	2
trice	1
brassy	1
tattered	1
ora	2
probe	1
colours	1
heedful	1
curse	1
added	14
goodness	4
advancing	2
not	281
connected	3
efforts	4
aroaf	1
moderation	1
horseman	1
populous	1
pertinacity	1
seems	13
described	3
truce	1
wrestle	1
ruddy	1
erst	1
happened	2
say	48
exactly	2
brawly	1
wha	2
tresham	9
begins	1
sanction	1
quartos	1
sequester	1
tinge	1
roses	1
fortify	1
unloosed	1
porteur	1
making	1
dejection	1
joined	2
boxes	1
intonation	1
haughty	3
º	14
labour	7
respective	1
pain	3
became	7
investigate	1
betwixt	10
communication	3
slandering	1
exhausted	2
forget	5
invested	1
disgust	1
errors	1
mock	1
repairs	1
lurking	2
opening	4
thus	18
splendid	2
circumstance	5
majesty	3
perseverance	1
sneering	1
empire	1
argument	2
quaver	1
beat	2
presumption	1
espoused	1
sparks	1
testy	1
gaining	1
am	74
landlord’s	1
brutal	2
rose	4
preferred	2
sister	1
amuse	1
nut	1
secured	2
bachelor	1
conclu	1
perplexd	1
rara	1
got	10
continent	1
customer	1
timid	2
because	17
swelling	1
quite	13
conciliated	1
folios	2
door	12
hartlepool	1
done	11
divinity	1
via	1
recognisance	2
mighty	2
yeleped	1
bucephalus	1
maid	1
imagined	4
peak	1
ruffian	1
meekness	1
venturing	1
solicitude	1
whit	2
virtues	1
jogging	1
constant	1
duly	3
make	46
wane	1
crupper	1
to	1258
cudgels	1
join	2
acquainted	5
old-fashioned	5
poetry	2
share	9
rid	4
repetition	1
impaired	1
martial	2
temptingly	1
armed	2
law	10
fly	2
lulling	1
mellow	1
introduced	3
decay	1
twinkled	1
trouble	8
amounts	1
den	2
proceed	2
afore	1
disconcerted	1
telling	2
hark	4
sea	4
testimonial	2
skies	1
officers	1
daisy	1
characters	1
deformity	1
slip	1
also	31
sion	1
horse	39
wheels	1
memorated	1
discourse	3
speed	2
alliance	2
bribe	1
accommodation	3
purses	2
otherwise	5
remind	4
being	50
ivy	1
conceal	2
eagerly	1
carefully	1
meal	2
outermost	1
/singham	1
mansion	4
clouds	1
somehow	1
feeling	7
receiving	1
gracefully	1
hurry	7
inevitable	2
digestion	1
hath	3
noble	1
reluctance	2
division	1
second	6
dated	1
stationed	1
wilkes	1
–your	1
absolutely	4
robbery	6
turned	8
squinting	1
feasts	1
labours	1
baldistone	3
result	1
dined	4
romannumeral	13
catholics	2
stories	2
champion	1
esteemed	2
exercise	4
words	17
chin	5
anywhere	1
recusant	3
inquisitorial	1
ignorant	6
obvious	4
croaking	1
representing	1
bore	2
brazen	1
tripped	2
palsy	1
sound	4
aside	7
impressed	2
embossed	1
scorn	3
broader	1
oaks	1
blue	2
1st	2
jaws	2
tottering	1
attractive	1
queer	1
shouldna	1
beside	2
hazard	4
commonly	1
regardless	1
l–d	1
harrows	1
chief	3
loon	1
inextricable	1
brunt	1
seductive	1
province	2
doing	4
forge	1
curiously	1
weekly	1
established	1
sir	101
length	17
astonishment	3
desk	1
disguise	2
transacting	1
feast	1
philosophy	1
salute	1
enable	2
youth	8
began	5
inclined	4
forfeit	2
objections	3
constitution	2
moistened	1
pursuers	3
poem	1
refined	1
must	68
irregular	2
cart	2
admiration	3
sincerely	2
follows	1
liege	1
politician	1
fortnight	1
ride	11
points	2
obstinate	2
impunity	1
abuse	1
hearing	3
see	50
proprietor	2
consideration	5
you’re	1
mortification	2
persona	1
haill	1
gauger	1
nettles	1
committed	5
white	5
concluded	8
dash	1
irony	1
grey	2
clang	2
uncertain	3
regulated	1
disadvantage	1
came	9
stuffed	3
this	183
grammar	1
if–but	1
tucker	1
myself	50
weeks	2
pray	9
magnificence	1
hesitating	2
nay	5
yielded	1
haughtily	1
strange	8
enough	23
we're	1
stock	5
alleging	1
poverty	2
easy	5
returning	1
wounded	1
narrator	2
different	4
fields	2
complaisant	1
warehouse	1
confirmed	1
rapid	2
envy	1
completed	1
relying	1
confiding	1
fresh	2
surmounted	1
endeavoured	2
dispatch	1
quick	2
attentive	1
speaking	6
assuming	1
innocence	3
summa	1
steepy	1
occasional	5
careless	1
flow	1
collector	1
masters	2
wush	1
beau	1
unreserved	2
injunction	1
feelings	10
trophy	1
silent	4
salutation	2
contributes	1
edition	1
disputing	1
arrival	3
warmth	1
hunters	4
canvas	1
person	29
high	4
eldest	2
inferiors	1
enormity	1
pervaded	1
áºob	1
amusing	2
protect	1
let	20
sleeps	1
approaching	2
untaught	1
copy	1
crying	1
eler	1
don’t	2
supper	1
presence	9
generous	2
busy	2
reflecting	1
scampers	1
boasting	1
triumph	1
duke	7
undisputed	1
perfect	2
elsewhere	2
freebooters	1
mode	4
pulsation	1
remains	2
overgrown	2
consequentially	1
fact	6
hear	11
glass	6
stalk	1
recitation	1
trust	9
purse	4
tyrant	2
dose	1
bars	1
related	1
bloom	2
belief	2
forest	1
slipped	2
whereas	1
detailed	1
gauze	1
blush	2
tales	4
adopted	2
hero’s	1
arrest	1
shape	1
legal	1
housekeeper	4
served	6
lives	5
propernoun	323
grass	1
trow	3
wretched	1
mense	1
showed	5
withered	2
wrong	4
spurs	2
warrants	1
desiderate	1
station	1
faltering	1
nature	20
pieces	4
pleased	8
progression	1
agitated	1
is	237
rushing	1
scales	1
coarseness	1
driving	3
hospitable	3
withhold	1
foremost	1
criticism	2
parish	2
send	6
uncomfortable	2
brawled	1
probability	3
loses	1
accompany	2
distone–and	1
overtaken	1
attending	2
duty	7
educated	3
subordinate	1
heed	2
report	2
sallied	1
ing	6
pardon	6
naturally	1
organ	1
archprelate	1
yon	1
forgot	3
possessor	1
gentlemen	9
tripod	1
multiplication	1
resolution	6
use	6
double	2
repair	1
frowning	2
remote	1
tonnage	1
scent	1
border	4
gush	1
uncurled	1
confer	1
wrongs	1
penn’d	1
betrayed	2
crag	2
arguing	1
since	20
leap	2
believe	17
abashed	1
disdain	3
ob	1
cleverest	1
compilers	1
correction	1
enemy	1
deliverer	1
flattered	3
bacchus	1
liberty	5
prevailed	3
commodities	1
shot	1
deep	5
hospitality	5
requires	3
study	5
protection	5
pint	1
capricious	2
does	12
five	11
willingly	4
sell	2
her	118
battle	3
desirous	2
banqueting	1
help	11
complied	1
never	43
meditation	2
accept	1
reside	1
hills	3
justified	1
remark	3
compliment	4
next	11
warren	1
abrupt	2
filled	2
armorial	2
offensive	3
eneugh	1
taxes	1
patron	4
overtook	1
cleared	4
aught	1
hercules	1
discharging	2
curses	1
despair	2
mr	142
destroyed	1
clan	1
injudicious	2
condescension	1
sundry	1
last	9
you're	1
citizen	1
jargon	1
rested	2
limitations	1
resolving	1
incline	3
defence	1
atrocious	1
flies	2
duteous	1
listen	1
stayed	1
propitiate	1
fever	1
cheer	3
effective	1
no	140
girls	1
presbyterian	3
invite	1
assented	1
cousins	11
pretend	2
craven	1
presses	1
inquiring	1
ease	6
hireling	1
fed	1
blazed	1
papist	4
lowest	1
thanked	1
temporary	3
purposely	1
ascertain	1
good-humoured	1
labourers	1
hall	40
seek	2
abandon	1
tallow	1
tree	3
barred	4
cannonball	1
precaution	2
tutor	2
necessary	15
hem	1
retarded	1
confounded	2
believes	1
march	2
talking	2
amidst	1
mull	1
terrified	1
clank	1
suitable	1
further	15
russet	1
inhabitants	5
kinswoman	2
contained	2
commissioner	1
drive	1
vale	1
itself	8
bones	1
whimsical	5
extensive	5
cases	2
examination	2
ay	10
light	5
indian	2
inspection	1
yesterday	1
outward	2
antique	1
baseness	1
indulge	1
retirement	1
conqueror	3
reprieve	1
ures	1
situated	1
affects	1
trusting	2
wilderness	2
preceding	2
appearance	20
remarkable	2
wills	1
girl	13
hasty	3
audience	2
instilled	1
answers	4
hey	1
entering	1
chiefs	1
addressing	7
precisely	1
detail	1
ravine	1
transacts	1
breeding	3
remembrance	3
examiners	1
vulgar	4
pursued	2
vent	2
leathern	1
profited	1
ºf	1
robe	1
roadster	1
penalties	1
barils	1
friendly	2
affair	7
fragments	1
narrative	5
chisel	1
resuming	2
slow	1
epistle	1
lived	2
uplands	1
shown	1
earliest	2
skill	4
masculine	1
discomposed	1
deepest	2
clock	1
radishes	1
approach	2
resident	2
arts	1
barique	1
civil	2
devoted	1
recapitulated	1
utmost	4
wide	3
interposing	1
pleases	3
failed	6
melancholy	3
reposed	2
sair	2
dealers	1
moreover	6
counting-house	10
acquaint	1
expressive	1
distrust	1
actually	3
fainter	2
agreed	2
generations	1
mistrust	1
necked	1
travelling	9
traversed	1
listened	3
teach	3
negligent	1
anes	1
insignificance	2
memory	8
board	3
widow	1
descrip	1
misdemeanour	1
again	13
graziers	1
rob	1
three	9
fascinating	1
bottles	1
fairest	1
reading	2
volume	2
deference	1
toss	1
adventure	1
thoughts	4
arret	1
bottle	13
their	84
gaiety	2
those	49
tunity	1
expense	2
unembarrassed	1
strong	20
thwayte	1
communicative	1
saying	6
urgent	1
thou’rt	1
by	202
catholic	8
paying	5
procured	1
jacket	1
partly	3
termed	4
ours	2
refreshments	1
o’	3
conjectured	1
else	3
bent	3
dismissed	2
additional	2
enforced	1
grip	1
pearl	2
avaricious	1
bed	1
accommodating	1
mouthing	1
reluctant	2
lute	1
harmless	1
masses	2
meaning	5
ideas	3
judgement	1
qualm	1
palace	1
arob	1
possessing	2
fruitless	1
considering	4
contributed	1
morning	14
has	75
visible	2
insure	1
bounteous	1
trickling	1
stone	8
whether	20
hilts	1
prejudices	1
apt	2
above	6
maintenance	1
alive	4
toupet	1
voce	1
voices	3
sawn	1
ladylike	1
uniformity	1
tions	2
boor	1
marred	1
anger	1
smoothed	2
seven	2
oar	1
concentrated	1
receives	1
departure	2
required	5
gazette	1
went	6
propose	1
giants	1
commission	1
farmer	4
absolute	4
over	38
hae	10
highroad	1
ran	4
hawkesmore	2
showing	3
caught	2
wondered	1
indictment	2
gyas	1
mended	1
ordinar	1
+emptions	1
ended	1
offended	2
flitting	1
clattering	1
prudential	1
shared	1
sergeant	1
nephew	8
listening	1
sunk	1
riddance	1
likeness	1
indignation	4
religion	7
tolerable	1
unadorned	1
be	243
casement	3
ironical	1
present	16
humour	2
doubly	1
folks	5
recorders	1
retail	2
effectual	1
excesses	1
malady	1
drooping	1
correcting	1
deer	1
refrain	1
domains	1
concern	2
aye	4
singularity	1
falters	1
greater	7
momentary	1
disuse	1
brimmer	1
auspices	1
necessarily	1
listeners	1
four	12
founded	3
sylvan	3
pickthank	1
route	4
giddy	1
snap	1
afraid	7
attendance	1
active	8
in	658
adopt	1
octavos	1
forfeited	1
impatience	3
rascal	2
suggest	1
palish	1
lent	1
intercourse	3
forswear	1
closed	1
othel	1
romance	1
attentions	1
voluntarily	1
lightly	1
sluice	1
fiddler	1
daringly	1
consumption	1
could	66
keen	5
wad	3
loops	1
stood	6
cards	2
minted	1
awkwardness	1
starving	2
com	4
irritating	3
slender	1
misuse	1
remained	4
claim	3
brandished	1
tired	5
ballad	2
nearly	5
droves	1
snuff	2
grand	3
peculiar	5
pains	2
son	12
clerks	3
likely	11
armour	1
holds	1
evidence	8
animated	3
ferries	1
forgotten	4
sº	2
bargained	1
cup	2
good	60
professors	1
streamed	1
devotions	1
weigh	1
manor	1
assurance	1
generously	1
ostensible	2
appealed	1
checking	1
hout	1
egotism	1
disappointed	2
unbuttoning	1
discuss	1
tod	1
victims	2
evendown	1
contending	1
ken	8
mabel’s	1
greeting	1
confined	1
shafted	1
solemnising	1
refuse	1
business	32
faults	1
canterbury	1
faint	1
jolly	2
retired	2
sealed	1
bustle	3
precarious	1
separated	2
tone	23
uncle’s	1
claret	5
projecting	1
troth	3
concerned	4
misconduct	1
although	12
muttered	1
blunt	1
wall	1
nus	1
fearing	1
pathetic	1
together	8
expedient	1
advantageous	1
erskine	1
cooler	2
impressions	1
perspicuity	1
readily	2
captivating	1
angles	1
frivolous	1
trade	9
depth	1
grace	5
faster	1
interesting	4
my	563
arrogant	1
bearer	1
disposal	1
final	1
lave'o't	1
negative	1
arise	2
onward	1
oppor	1
spent	4
silk	2
fashedus	1
prudence	4
emergency	2
ordinary	9
add	4
lave	1
love	11
unusual	4
beloved	2
short	11
excepted	1
manifest	1
books	2
dressed	6
beating	5
await	1
reconciled	1
frowned	1
unenclosed	1
complaint	2
cot	1
twixt	3
campbell	43
softness	1
provena	1
timorous	4
journal	1
draughts	1
excess	1
forlorn	2
westerly	1
needful	2
maccallum	2
superfine	1
it	358
exciting	1
withdrawing	2
mawn	1
ere	5
crisis	2
incidents	2
displeasure	4
mischance	1
committing	2
instructions	2
separately	1
shirt	1
think	48
shrewd	2
intention	4
abeyance	1
bulwarks	1
royal	2
frequented	2
colour	4
eventually	1
openly	2
accidental	1
fulfilling	1
philanthropical	1
genial	2
proudest	1
sustained	4
don	1
proceedings	1
continuing	1
arrant	1
antlers	1
handsomely	2
addressed	1
breaking	1
perpetrators	1
eloquent	2
ber	1
about	44
plums	1
term	4
between	12
hardly	9
stepped	1
d	5
seated	2
subdued	1
hunter	2
drift	1
changes	1
troublesome	2
carouse	1
rearing	1
beheld	3
against	26
mere	4
winking	1
descended	1
have	250
waving	1
received	10
flagons	1
mercantile	6
surprise	3
understanding	2
delightfully	1
backed	1
trent	1
tible	1
fervid	1
intend	2
airs	1
dried	1
shouldered	1
take	37
below	3
attempting	2
fob	6
wooden	2
met	10
peccadillo	1
rituals	1
picked	3
breadth	1
partridge	2
accrued	1
fables	1
panion	1
relation	1
zounds	1
stave	2
week	2
mankind	4
cared	3
suddenness	1
expressed	6
venture	2
descending	1
scrape	2
testimony	2
pouring	1
pistol	1
commanding	1
lecture	1
dynasty	1
earnest	4
rule	6
worthy	7
accomplishments	5
suspicion	9
breeze	1
sentence	3
edifice	1
interior	1
sheep	1
billets	1
starched	1
black	14
bitted	1
led	9
fewer	1
due	9
excuse	1
orthodox	1
rogues	1
learned	5
cutter	1
interspersed	1
calls	2
river	1
piques	1
baffled	1
befell	1
embodying	1
external	2
sort	19
averment	1
ponderous	1
jest	4
replenished	1
felt	9
concerns	3
disturb	1
trifled	1
craft	1
surly	1
destination	3
shyly	1
encounter	1
pipes	4
stirrup	1
drily	1
muckle	2
live	5
ennui	1
decency	1
customhouse	1
missals	1
accent	3
resistance	2
benefited	1
gentleman	35
conjecturing	1
firm	8
political	4
folding	2
imitating	1
sounds	1
rickets	1
savary	1
charity	1
affectation	3
ahem	1
garden	3
absent	2
combined	1
subsequent	1
beggarly	1
sail	1
crust	1
verse	2
shield	1
follow	5
metaphorical	1
after	33
mountains	1
themselves	15
chickenhearted	1
back	17
yours	9
demit	1
actuated	1
ever	25
purled	1
reflection	9
asking	2
small	4
communicated	3
cloth	1
vexation	2
excelled	1
risk	3
combinations	1
bread	1
op’	1
ultimate	1
dialect	1
unite	1
bumper	3
cut	9
demagogue	1
thing	11
restless	1
path	4
stones	2
liberated	1
requisite	1
boots	4
jostled	1
bill	1
reach	3
insensible	3
spite	2
favour	14
prevail	2
p	13
troubled	1
unveiled	1
there	104
hunt	3
invaded	1
understood	5
songster	1
alluded	1
trifle	1
views	3
partial	1
cobs	1
siege	1
weapon	1
baffle	1
member	2
speaker	1
coolly	2
refute	1
a’of	1
naturalists	1
appropriate	3
sober	1
commencement	1
foresaw	1
zeal	5
wounds	1
melts	1
domini	1
divine	1
pettish	1
trinkets	1
castle	5
plainness	1
hubbub	1
chair	7
glow	1
war	2
events	11
sternly	2
third	7
exercises	2
snort	1
tarnished	3
apparently	5
principles	3
interval	1
forbid	1
politicians	1
summoned	4
predominate	1
puppy	1
squires	3
wrought	3
fall	6
boast	2
scot	1
situation	14
wrinkled	1
volubility	1
power	6
probably	5
hurts	1
plans	3
aquavitae	1
insult	1
having	38
room	18
truly	2
orphan	1
touch	5
dawned	1
unless	10
enjoyment	2
predilection	1
correspondence	4
beaux	1
sleeping	2
origin	1
note	1
grouse	1
condemnation	1
merchant	4
commenced	2
pretensions	1
questions	6
satisfaction	2
ghastly	1
modern	3
enjoy	4
limited	2
title	2
complacency	1
move	1
inclinations	1
secondly	1
–did	1
tossed	3
offence	1
blank	2
plenty	2
sketch	1
mirrored	1
blossom	2
covered	3
rue	2
uninteresting	1
weans	1
day	27
apoy	1
mill	2
weakness	2
navigators	1
mischief	1
j	2
while	40
unceasing	1
glad	5
passes	1
northward	1
alleged	3
luckily	1
scutcheon	1
intimated	5
dales	2
heads	4
affliction	1
behold	1
wit	2
maw	1
involve	1
proceeding	1
failing	1
throne	2
deficiencies	1
fifth	3
inform	1
preserver	1
guidance	1
humble	2
glisk	1
o'clock	3
worldly	1
freshly	1
galloped	1
occupied	2
ebb	1
sterner	1
touches	1
accused	2
booby	1
suit	2
future	5
peril	1
contrasted	1
dove	1
celebrate	1
thither	1
moral	8
countrymen	2
fire	7
opposes	1
start	1
nimrod	2
snuffbox	1
dangling	1
queen	1
inactivity	1
squeezed	1
awkward	6
enhanced	2
whispers	2
walks	1
unjustly	3
supplied	1
front	1
explanation	4
instant	5
artist	1
proper	7
convents	1
exact	2
before	29
empurpled	1
assembled	2
gales	1
immovable	1
delay	1
judicial	4
unmoved	1
contra	2
dimensions	1
wish	18
persist	2
table	7
bestow	5
emphasis	1
slept	1
acquiesce	1
uphaud	1
yet	33
tother	1
disconsolate	1
intrusion	1
broils	1
officer	1
stitch	1
caution	5
cautious	2
liberality	1
windings	1
unhewn	1
spirits	2
requested	2
fretful	1
publican	2
meditations	1
firmly	1
connexion	1
varsal	1
two	29
admirable	1
did	42
far	16
built	2
gladdened	1
bails	1
tidings	1
simple	3
prosperity	1
relationship	1
estate	3
happen	7
bless	2
discredit	2
berwick	1
doubtless	4
bound	10
vanished	1
districts	1
rate	3
notes	4
aching	1
schemes	3
partook	1
pembroke	1
verses	3
instance	2
surprising	2
fingers	2
natives	2
offering	1
insinuation	2
regards	2
gent	1
maids	2
distance	4
funds	1
year	5
fortress	1
gambling	1
anxious	7
interruption	2
romp	1
attraction	1
ah	4
vanish	1
minced	1
will	119
choking	1
hesitated	1
destined	4
dictates	2
ducats	1
curate	2
cognac	1
learning	3
expedients	2
slackened	1
knock	1
along	6
splendour	2
engagements	1
baith	1
alarmed	1
abroad	2
describe	1
exquisitely	1
smoke	4
hurting	2
pressing	2
shrine	1
justice	60
accident	2
fruit	1
reiterated	2
forgiveness	1
lonely	1
greet	1
honour	24
fiend	2
knot	1
miscellaneously	1
awful	1
yes	13
amuses	1
verify	1
red	4
consist	1
overstrained	1
meritorious	1
advocate	2
complying	1
mouls	1
poor	17
intended	3
implied	3
degrading	1
severely	1
matters	7
stopping	1
embittered	1
barely	1
handsome	4
fronts	1
tremulous	1
accomplishment	1
traversing	1
chaplains	2
cognizance	2
hie	1
herself	9
conviction	1
remnant	1
childhood	3
stronger	1
cuckoo	1
substantive	1
bailsman	1
wind	2
unhorsed	1
writ	4
class	3
probity	1
worm	2
extort	1
interest	15
wild	8
whispered	2
steed	1
mend	2
minutes	5
mental	3
beginning	3
amends	1
spurring	1
constantly	1
made	39
hing	1
driven	2
off	18
expressing	2
dangers	1
precincts	1
lantern	2
cherish	1
plunderer	1
medium	1
separate	3
knees	1
season	1
attention	19
leagued	1
painful	2
field	6
nation	7
impertinence	1
disgraceful	1
slight	6
attempt	4
right	14
prise	1
trussed	1
judge	8
wearied	1
century	4
grudge	1
race	4
delight	1
egad	1
property	3
ghost	1
die	19
distinguished	6
animal	1
minds	2
commands	1
manoeuvres	1
indulging	1
cock	4
ninth	2
disavowing	1
faggots	1
dexterity	1
we’ll	1
round	8
deliverance	4
traveller	11
eyed	1
sacrifice	2
who	122
sagacity	1
augment	1
generally	1
loudness	1
authority	2
stared	1
reclaim	1
themis	1
undone	1
large	9
desire	9
stars	1
vowed	1
banish	1
apprehended	1
servant	9
colleges	1
dexterous	1
womanhood	1
equity	1
glibly	1
shadow	1
ous	1
given	11
port	1
much	70
hanged	3
alliances	1
put	19
charges	2
continued	19
rightly	2
holding	5
dews	1
consciousness	1
referring	1
proudly	1
our	80
writes	2
charm	1
honourably	1
fear	14
kites	1
well	77
lad	12
employed	4
exciseman	1
himsell	1
briefly	2
prodigious	2
swept	1
obliged	9
expectations	1
protest	2
gleam	1
friend	40
scythe	1
eulogium	1
yield	1
science	2
blazonry	1
divided	2
comfortable	1
seduced	1
post	3
huntsmen	2
adversary	1
imperfect	1
circumstances	8
custom	1
gelding	1
assigning	1
suited	2
face	11
becomes	2
subsist	1
weeds	1
yourselves	1
tomorrow	1
soundly	2
unpleasantly	1
quiet	9
morals	1
inmate	1
temperance	1
up	64
unmingled	1
statutes	1
tie	1
smiled	3
furnished	1
dingle	1
stay	6
cry	2
frankly	2
failings	1
betray	1
moorish	1
obsolete	1
dissenter	1
filed	1
yoo	1
excited	1
golden	2
topics	1
centre	2
blood	3
nonsense	2
partnership	1
eighth	1
watch	2
rein	1
association	2
mi	1
cousin	27
increased	1
keeping	1
excessively	1
zealot	1
vivers	1
halt	2
either	10
draw	3
childish	2
mining	1
guilty	2
longed	1
worst	2
exertions	1
shepherd	2
fault	4
havena	1
host	6
press	3
twenty-fifth	1
qualified	7
saul	1
line	6
sketches	1
french	6
quantities	1
throw	3
palladium	1
god	6
heroic	1
surmounting	1
outmost	1
coincided	1
loose	1
give	26
closer	1
semper	1
visit	2
forby	1
occupying	1
scarce	5
uncertainty	1
partiality	1
a2o.b	1
beg	3
discourage	1
compurgation	1
winding	2
dispose	1
elicit	1
ashes	1
granted	2
hue	1
address	2
adoption	1
grew	1
termly	1
moved	4
minded	2
kindness	2
left	20
instructors	1
respectfully	1
druidical	2
clumsy	1
difficulty	7
babe	1
bridle	3
flanders	1
jacobites	2
stole	2
instantly	10
employing	1
gardener	3
highwaymen	4
letter	9
it’s	7
from	156
suppose	29
sport	3
considered	9
trouts	1
preservation	1
cockade	2
mirror	1
indolence	2
awfu	1
ounce	1
intellect	1
product	1
fain	1
paused	2
exaggerations	1
within	12
might	51
plantation	1
patient	1
straightly	1
sat	4
statute	4
remaining	1
sculptured	1
increment	1
sinister	1
perches	1
rendered	5
sally	1
mile	1
apothecary	2
travellers	1
conversation	24
scotch	8
disposer	1
respectively	1
management	2
dinner	16
balsam	1
consequences	2
preserve	1
till	10
canna	1
ramped	1
counsels	2
valuable	3
nought	1
speaks	2
besides	9
train	1
cheviot	3
advance	1
labyrinth	2
model	1
respects	2
memoirs	4
contributions	1
trace	1
resume	2
protestation	1
including	1
plenière	1
anon	1
compassion	4
shy	1
lass	1
proceeded	3
mettle	1
accordingly	4
crafty	1
titlings	1
manners	7
constitutional	1
opulence	1
fairly	3
briton	3
ungracious	2
scenes	3
idiom	1
united	1
purposes	1
misfortune	5
hieroglyphics	1
rank	4
maintain	1
corps	2
commoved	1
petty	3
fights	1
confinement	2
conscience	2
inspired	1
uncles	1
write	4
uplifted	2
peers	1
figures	4
diet	1
exertion	3
temple	1
vanity	4
dandled	1
distinguish	2
entertainer	1
meanings	1
rich	2
feasted	1
matter	20
bowled	1
races	1
staircase	1
toils	1
food	3
alehouse	1
rides	2
retorted	3
belonged	3
dissuasions	1
sunderland	1
heeled	1
sold	2
articles	1
monsieur	4
level	1
partialities	1
ye	26
obstacles	1
cover	3
copper	1
politics	4
morena	1
sternness	1
servants	5
require	3
system	1
mus	1
wrinkles	1
antiphoners	1
jumped	2
trompette	1
thorny	11
running	1
affectionately	1
benevolent	2
re	2
home	7
importance	9
condition	1
wished	10
sleeves	1
decided	1
thee	11
twenty-third	1
flying	3
deserting	1
shook	5
danger	3
thinks	1
mishaps	1
carelessness	1
homeward	1
revenge	2
rencontre	2
litter	1
plan	3
works	1
lie	2
iniquity	1
spectator	3
attorney	5
relaxed	1
fixedly	1
shaking	2
stores	1
widest	1
spectacle	1
self-possession	3
execute	1
rising	2
dislike	3
confidential	1
banner	1
tment	1
recently	1
infer	1
longer	7
commercial	7
tide	3
withal	2
coming	3
reynard	3
circulated	1
read	10
nick	1
ceremony	2
defend	1
punctual	1
evening	11
consulted	1
dome	1
ardent	2
district	1
genealogical	1
roman	2
steep	1
undertake	1
match	1
confortable	1
hereditary	1
equal	1
clerical	2
sweeps	1
prevented	2
nets	2
acquired	8
denied	2
noun	1
occasions	8
quarrel	3
popular	1
twelve	3
recall	3
observations	2
hundred	4
extremely	2
ages	1
sulky	1
unkind	1
attachment	2
acquire	2
rebellion	2
communications	3
paradise	1
talent	1
saddled	1
cliff	1
roweling	1
pushing	1
suddenly	6
chanted	1
one	96
hum	3
behind	7
forward	3
providing	2
displayed	3
contents	1
ceptions	1
fast	7
oft	2
shoot	1
defect	2
rushed	1
malice	1
trivial	2
presented	3
edge	1
‘house	1
peaceful	2
confidants	1
pack	3
odd	1
gloomy	3
unhesitatingly	1
startle	1
crow	2
committal	1
w	1
woods	1
mound	1
particular	9
case	14
broidered	1
paper	8
bounds	1
carried	3
unquestionably	1
whip	3
newcastle	3
selfish	2
sincerity	2
shall	41
familiation	1
narratives	3
singular	6
corners	1
miserly	1
followed	4
quoted	1
heavy	8
steeples	1
placed	5
embrace	2
said	156
may	64
nest	1
psalm	1
shellwork	1
visitation	1
extend	2
canter	3
fasts	1
atone	1
supported	4
overbearing	1
leisurely	1
crownpiece	1
determined	13
spend	1
expected	7
conferred	1
persuade	2
refused	2
palfrey	2
bracelets	1
partner	3
classical	1
downhill	1
neighbour	1
bolt	1
attainments	1
strongest	1
tories	1
scruples	3
lub	2
worse	2
produced	2
justices	2
named	2
mowise	1
insist	3
haven	1
varied	2
assuredly	1
heaths	2
mourned	1
scout	1
urged	2
boy	3
joyous	1
prosecute	1
tariffs	1
value	4
effort	2
flame	4
admirably	1
pears	1
quarter	3
toilet	1
pride	6
west	1
motto	2
titling	1
coffee	1
others	20
charged	3
endure	1
readiest	1
breakfast	1
sometimes	8
raise	4
adequate	1
used	8
leaves	2
cares	2
asked	6
with	360
pony	1
fight	4
summoning	2
among	20
his	490
anak	1
cannot	31
compleened	1
bitter	3
mad	7
english	7
arabic2digit	56
arising	1
shelty	1
framed	1
motions	1
grounds	1
taken	12
drank	2
council	1
remember	9
creeds	1
surprised	3
independent	1
lest	1
nearest	4
down	27
ought	7
smooth	3
elevation	1
most	61
stages	2
paltry	1
abbess	2
gaffer	4
dispatches	1
prohibition	1
detain	1
decentish	1
fell	3
fork	1
casting	3
expect	6
avoided	1
sounded	1
here	42
activity	3
responsively	1
resembled	3
family	38
jealous	2
miscellaneous	2
performed	3
behalf	3
seldom	3
version	2
past	5
haunts	1
blay	1
paces	1
sinews	1
heeded	1
something	27
gave	12
pleasures	1
i	1038
nodded	2
deficient	2
territories	1
kept	5
freedom	3
debtor	1
primo	1
formed	12
existence	2
bodies	1
filiation	1
lighter	2
dedicated	2
satisfied	2
common	8
attitude	1
action	4
submit	4
convicts	1
exterior	4
greek	2
motive	2
guests	5
luck	1
necessity	3
crestfallen	1
footing	1
sharp	2
traders	1
invaluable	1
entirely	3
confessedly	1
taught	2
twine	1
sounding	1
firmness	1
cour	1
reconcile	1
inclination	4
imagining	3
everything	4
planted	1
now	48
nursery	1
tit	1
animals	2
tremors	1
arabic1digit	103
fixed	1
audacity	3
ladies	3
popish	2
canopy	1
taint	1
affirmed	1
forth	11
you	486
fowling	1
language	10
dissatisfaction	2
grateful	2
seeming	1
stature	1
resented	1
pleasure	16
primary	1
imposed	2
signify	2
est	1
sang	1
accounted	2
secure	6
elegance	1
ball	1
retire	1
journeyed	1
bamboozle	1
pillion	1
practising	1
ruminations	1
immortal	2
resemble	2
skipton	1
example	1
batteries	1
involuntarily	2
provincial	1
advices	1
seasoned	1
forbearance	1
hesitate	2
dreamed	1
encouragement	1
employment	5
weighty	3
allowed	4
bonds	1
washing	1
forks	1
penny	1
ezertion	1
foible	1
drove	2
tumult	2
depone	1
nobleman	1
behaved	2
abundance	1
y	4
drew	8
wont	4
lies	1
writing	1
riding	2
legends	2
dullness	3
prejudice	2
supervisors	2
physiognomist	1
mysterious	2
form	7
uninter	1
hogs	1
universally	1
smile	8
shakespeare	1
sing	5
parts	5
imputed	1
wars	1
aversion	5
horticulture	1
threw	3
residing	1
been	113
clergyman	1
assembly	2
natural	14
shoes	2
knighted	1
placing	1
stout	4
lodged	1
estimation	1
bushelful	1
profit	4
except	3
manteau	1
replevisable	3
these	54
comrades	2
belongs	2
finesse	2
sucked	1
goodnight	2
frolic	2
deservedly	1
belong	4
affirming	1
goods	1
parrot	1
aimed	1
selection	1
renowned	2
varying	2
opportune	1
roß	1
puppies	1
looking	11
parted	4
regard	6
temper	6
copse	3
smiling	2
retained	2
observation	6
gars	3
great	31
disna	1
prophetic	1
we	79
guessed	1
blown	2
croupe	1
dilapidation	1
foris	1
corinthian	1
weather	3
conduct	9
assume	2
seconding	1
instinct	1
embroidery	1
clattered	1
sancho	1
rock	3
breaker	1
whig	1
anteroom	3
defensive	1
support	4
possible	9
new	14
discover	2
hints	1
companion	15
all	144
top	2
fortunes	1
keeps	2
narrow	3
projects	1
seeds	1
convoked	1
unbecoming	1
stand	14
where	30
relatives	3
buttock	1
beautiful	9
pudding	3
brief	4
education	7
hooks	1
hang	3
sacred	1
spin	1
receipts	1
public	5
retract	2
wheen	1
steward	1
beard	3
pressed	2
laboured	1
members	1
hypocritical	1
tory	2
wrecked	2
says	3
propria	1
mistake	2
acting	3
undelayed	1
wealth	5
canny	2
baron	1
lovely	3
regular	1
tricky	1
prison	1
pillar	1
woeful	1
degenerate	2
stupid	3
side	18
hence	1
included	1
shrewdness	3
opened	2
daring	2
guided	2
admonitory	1
stake	1
solvency	1
effect	4
lineal	1
bells	1
morrow	1
adapted	1
cups	1
prettiest	1
hardy	1
ring	1
recover	3
grailes	1
honoured	4
custody	1
fasting	2
hearer	1
interested	7
sequestered	1
mon	3
compliments	1
fallen	1
extraordinary	4
oaths	3
instinctive	1
matrons	1
easily	8
descendant	1
attended	5
rudder	1
resembling	2
hollo	2
fiery	1
major	1
rof	7
jade	1
fause	1
kinsmen	1
stanchly	1
stockings	2
counsellor	1
predilections	1
reverse	1
d'or	1
successors	1
indignant	2
aboot	1
offers	1
unrepressed	1
habits	1
carrion	1
chime	1
bears	1
invitation	2
welcome	8
climax	1
berry	1
thews	1
succeeded	2
he'll	1
accidence	1
transformed	1
some	93
pettifogger	4
express	6
particulars	4
highly	4
soiled	1
immediately	1
foa	3
ostler	1
poltroon	1
n	2
ignorance	4
orbit	1
return	12
corneille	1
arrange	1
lately	2
cureless	1
possessed	7
perception	1
substantial	2
pupil	1
chield	1
chivalry	2
brawls	1
accord	2
happiness	5
inheritance	2
death	5
engaged	5
alarm	3
persuasion	3
comus	1
riders	3
time	57
varity	1
unable	5
fearfully	1
feather	2
vessel	1
unnecessary	3
resigned	2
sorry	8
details	4
changed	2
topic	1
hounds	7
excellent	2
extended	2
explore	1
rush	1
victuals	1
remnants	1
fox	5
rib	1
ogres	1
speedy	1
magistrate	8
acceptances	1
jaw	1
worship	10
deed	2
months	1
dissensions	1
lands	1
seeing	8
ancestors	2
tenacious	1
affront	1
clod	1
outrage	2
corn	1
spot	3
ceremonies	1
spots	1
spiritualized	1
eradicate	1
firelock	1
reduction	1
tae	1
names	2
afeared	1
fool	8
furioso	1
ago	1
care	14
reasons	4
finding	3
rathe	1
himself	49
rapidly	1
blame	1
slices	1
street	1
contemplation	1
iron	1
willed	1
fond	2
reckoned	1
supplicatory	1
salmon	1
£ardolph	1
mutual	1
frightened	1
huntsman	2
improve	2
mouths	2
permit	9
subjecting	2
near	11
beads	1
antiquity	1
melodious	1
swore	1
shaggy	1
adopting	2
heaped	1
adrift	2
land	5
influence	6
wilder	2
whae	1
avowal	1
pistols	1
organs	1
tell	20
robust	1
‘‘the	1
critical	2
request	5
wardrobe	1
imagine	1
knowledge	10
venerate	1
aunts	1
died	5
lustre	1
moray	1
honestly	1
designed	2
reasonable	4
illnesses	1
nicked	1
stanza	2
interrupting	6
humane	1
examined	2
dissembler	1
swarthy	1
safely	1
crown	1
courts	1
priming	1
engage	2
can’t	1
sentiments	3
hastening	1
corrected	1
overheard	1
exhorted	3
embodied	1
burn	1
gaunt	1
during	7
decision	1
beneath	4
gallery	1
don't	5
silence	6
slightly	4
miles	8
associating	1
mrs	1
pulling	1
sirloin	1
renders	1
completely	1
manly	1
providence	1
familiar	3
player	1
deemed	1
range	1
desolate	2
rusty	1
render	6
cattle	3
frustrates	1
city	2
coppice	1
woo	1
peaceable	3
competing	1
reckoning	1
vary	1
consequence	10
otterscope	1
whipped	1
merits	1
fortune	17
repiqueing	1
fertile	1
foe	1
contest	1
foxes	1
devolved	1
suggestion	3
accommodate	1
announced	6
vision	1
hemming	1
pared	1
outskirts	1
warst	1
witnessed	2
turbid	1
z	2
disagreeably	1
insane	1
silenced	1
martins	1
considerably	1
variety	3
relating	1
pick	1
folded	1
escaped	3
louis	1
therefore	18
enlivening	1
youngster	1
whither	1
canary	1
phrase	5
alter	1
she	87
lessened	1
dark	5
a’or	1
mark	1
belied	2
rods	1
numerous	1
rhyme	4
tap	2
faced	1
graces	1
quarrelled	2
declaration	6
branded	1
whitish	2
felon	3
kinsman	4
speerings	1
slack	1
aspire	1
thievery	1
ebony	1
entreated	1
um	1
rises	1
pleasantest	1
impossibility	1
relieves	1
institution	1
bull	1
chances	1
heyday	1
lumber	1
portmanteau	9
tardy	1
intimation	1
treason	2
belonging	1
spell	1
foul	1
inert	1
glancing	1
turnpikes	1
bear	6
fitted	3
dead	3
misconstruction	2
tagged	1
brain	2
intermixed	1
safe	5
dispersing	1
worthies	1
indicated	3
procedure	1
hurried	3
semblance	1
lack	1
stupidity	2
embroil	2
island	1
mediocrity	1
unintentionally	1
should	79
cat	1
entered	10
troops	1
glanced	1
reverend	2
instruction	2
heath	5
characterises	1
satisfactory	2
better	25
resent	1
defeated	1
caprices	1
seclusion	2
sill	1
northallerton	2
kingdom	2
een	1
proud	1
opportunity	10
alembic	1
brightened	1
professed	2
pursuit	2
please	9
chimney-piece	1
conclusions	1
plainly	3
shrinking	1
ripon	1
delicately	1
penalty	3
knives	1
plummet	1
shortly	1
merited	1
manner	33
foodle	3
record	2
healthy	1
sympathetic	1
vassals	1
wisdom	2
art	10
fraught	1
backward	1
architecture	2
unseen	1
chattels	1
relaxation	1
seat	4
loo	1
serve	7
stated	1
eye	14
per	4
cheeks	4
pasty	1
means	22
adorned	1
secrets	2
heard	23
2nclosed	1
accessory	4
crossed	5
cried	2
sae	7
hinted	2
b	2
flatter	1
prodigality	1
incivility	1
mounted	9
dejected	1
assisting	1
sinned	1
vocation	2
altered	2
consult	2
divides	2
an	145
declared	1
warmed	1
nobody	1
statesman	1
cracked	3
fashion	3
possess	5
hounslow	1
opportunities	1
gibbet	2
tare	1
yard	1
curb	1
arms	6
deserve	2
illustrating	1
score	4
interjected	1
buttery	1
portraits	1
thou	13
alone	10
union	1
clasps	1
depart	1
maintained	1
complaints	1
weel	4
uniformly	1
navigable	1
conversant	1
misses	1
poisonous	1
aisles	1
deliberation	2
signals	1
unintelligible	2
collect	1
alacrity	2
maliciously	2
buoyancy	1
rare	1
shock	1
prize	1
amongst	4
legs	1
sonnets	1
revels	2
preferring	1
children	4
crack	2
treat	2
toiling	1
charms	2
poets	2
distinction	3
distinctly	1
insists	1
comprehensive	1
shakes	1
uncommonly	1
discovered	3
every	23
promethean	1
brush	2
brethren	1
bought	2
tables	3
enlarged	1
feared	2
encouraged	2
decline	4
leisure	4
enterprise	1
passing	4
inspire	2
promise	9
dignity	5
reiterating	1
requital	1
st	2
wife	3
motion	5
stumble	1
valise	2
tear	2
holiday	2
putting	7
speech	2
counterpart	1
gratuitous	1
dispositions	1
there’s	1
confess	4
unauthorised	1
merry	5
draws	1
weapons	1
quondam	2
téte	1
that’s	2
beef	5
unconstrained	1
influenced	1
joy	2
hurt	2
walk	3
playing	3
discovery	3
puzzle	2
lose	9
seized	2
highland	2
mistress	10
grantham	1
papers	3
richness	1
forefinger	3
introduction	1
harsh	1
suspected	3
idea	5
streams	1
cold	1
directly	1
household	5
bate	1
device	1
scots	1
game	9
spade	2
advised	1
town	6
extension	1
unstained	1
neither	16
bills	4
calculate	1
pledge	1
undertone	2
occasion	10
at	222
hope	13
walls	5
registering	1
state	12
principal	8
lords	1
pronounced	3
disease	1
jesuit	1
accompaniment	1
ungrateful	1
wisher	1
pert	1
uses	2
reputation	2
nice	1
manuals	1
services	3
muffled	1
relieve	4
attract	1
floated	1
summit	1
prodigal	1
each	23
paynim	3
alley	3
inn	2
drawer	1
memorials	1
criticising	1
cap	2
regiment	3
effectually	1
resolutions	2
utterance	1
rutledge	7
nose	1
portion	1
preference	2
raising	2
cloud	1
sic	1
accusation	4
respecting	2
ascribed	1
sake	4
accorded	1
striking	4
atlas	1
comply	2
merit	3
subpoena'd	1
reckonings	1
fellows	4
stretch	1
extraction	2
ultimo	2
bargain	1
act	10
beeves	1
talents	4
changing	1
fowl	1
tint	1
knaves	1
offer	1
charge	18
seasons	1
accessible	2
superiority	2
da	1
deprecate	1
money	5
establishment	2
accuracy	1
computation	1
superseded	1
delicate	1
monstrous	1
imperfection	1
newly	1
arriving	1
stitched	1
wood	3
partitions	1
jacobite	5
richly	1
me	265
extreme	4
roll	1
closely	3
outpouring	1
benefit	4
hastily	12
prospect	2
cutting	1
consider	5
dine	4
severe	2
lovers	1
neglect	2
feet	3
moss	2
blocks	2
heart	13
fetches	1
kill	2
explain	4
profoundly	1
knocking	2
fidgeted	1
revolution	4
command	4
secretaries	1
imagination	6
leddy	1
camps	1
compliances	1
hen	1
hawk	3
distress	4
blackwell	1
formerly	2
sheepish	1
dr	2
din	2
welcomed	1
goaded	1
shelves	3
arm	3
dwell	1
luscious	1
brow	2
calamity	1
counsel	2
repeated	1
winked	1
hazel	1
gibson	1
surface	1
independence	1
apology	5
propensities	1
scenery	1
puppets	1
ostlers	1
elbow	1
unerring	1
lineage	1
flesh	2
forehead	1
hardest	1
passage	4
letters	3
calumny	2
coated	2
hand	32
scene	3
narrowly	1
deserves	2
valet	1
transaction	1
eyes	14
earnestness	1
try	3
musgrave	1
peace	11
induce	2
birch	2
bonnet	1
brose	1
slumbering	2
accepted	4
way	37
hands	6
birds	2
nonjuror	1
disputants	1
open	12
fixes	1
rendering	1
confederate	1
mare	2
looked	22
penance	2
foresight	1
chaplain	1
errand	1
calm	1
swagger	1
understands	1
shed	1
known	8
miss	109
regarded	3
unworthy	2
lifting	1
volumes	1
difficulties	2
heir	2
contended	1
prospects	1
muttering	2
coquette	2
trot	5
tion	3
kinds	1
echoes	2
settled	4
na	2
drawing	3
sunday	4
moulded	1
commitment	1
composition	1
told	11
domestic	6
a’oe	5
speculations	1
us	40
presiding	1
composed	5
determination	1
i'm	1
deceived	2
secretary	1
huge	11
renown	1
jet	1
disadvantages	2
praise	2
individuals	3
fie	2
saddle	2
disengagement	1
occur	4
finest	1
brother	8
chevy	1
grim	1
thumbs	1
idle	2
disguised	1
vicinity	2
enlisted	1
discretion	3
shifts	1
patronage	1
refer	2
jollity	1
suppress	2
greatly	4
boarding	1
interference	1
nightmare	1
lingering	2
thinking	5
bow	1
returned	9
absurd	1
irreconcilably	1
conceited	1
priests	1
crane	1
depredator	1
strutting	1
ceremoniously	1
trophies	1
upside	1
otter	1
haired	1
inner	2
satire	2
christian	1
orthography	1
sin	1
a’o/3	1
of	1488
illness	1
ith	1
success	1
regency	1
decem	1
tool	1
yonder	3
ripe	1
distilled	1
size	1
fatten	1
quietness	1
bravo	1
shake	3
domestics	1
spenserian	1
blushing	1
novel	1
measures	1
diverted	1
played	3
more	115
pay	6
irons	1
surely	3
touched	3
recur	1
subdivisions	1
pretext	2
roundly	1
screaming	1
question	14
animating	1
swallow	1
begin	3
fools	2
incensed	1
buy	2
designs	1
release	1
extricated	1
valley	3
securing	1
blockhead	2
things	11
coif	1
acquirements	1
clamour	2
happens	1
madrigal	1
skins	1
youthful	2
ike	1
scotchman	7
conversed	2
early	8
warrant	9
couverte	1
aro	1
falsehood	2
indulged	1
minute	2
heavier	2
revolve	1
arbitrary	2
rejoice	1
lapdog	1
derogation	1
behave	1
hesitation	4
hung	3
almost	4
mouse	1
brushed	1
degree	8
amount	1
doings	1
burst	5
succeed	1
awants	1
recourse	1
advantage	11
progress	1
memoranda	2
combated	1
teeth	3
job	1
nursing	1
blow	3
hostile	2
italian	1
prey	1
ambitious	3
name	26
reeds	1
bitterest	1
passengers	1
plunged	2
percival	1
pipe	1
until	10
the	2031
eaten	1
kenneled	1
caustic	1
carved	1
friends	9
solicitation	1
scrutinised	1
positively	1
protecting	1
precious	1
flowing	1
solitude	1
acted	2
differs	1
meas	1
plantations	1
twilight	1
happy	16
hazarded	3
without	38
treasure	1
gravely	2
pen	2
bottom	1
cord	1
older	2
annual	1
imé–	1
appointed	1
soul	8
filth	1
unsightly	1
modified	2
magnanimous	1
gardeners	1
colouring	2
seem	6
thatlon	1
objects	2
bumpkin	1
speedily	2
diverting	1
establish	1
outrun	1
unfinished	1
snow-white	1
parcel	1
foreseeing	1
qualities	3
assistant	4
profess	1
november	1
supposed	9
admits	1
broke	2
unwary	1
parsons	1
remainder	1
declivities	1
step	6
habit	5
sleeve	1
kicked	1
subjects	3
farriery	1
breath	2
incentive	1
profitable	1
bosom	3
profits	1
tears	2
allies	1
whips	1
abruptly	1
disposed	4
rude	4
solely	3
deranged	1
descendants	2
british	1
tass	1
wily	2
boyhood	1
complimentary	3
rival	2
sole	1
qualifications	3
men	30
movements	1
tabors	1
mykinsman	1
opinion	10
quantity	1
call	15
lowing	1
army	5
exposes	1
fish	4
true	20
fence	1
allege	1
anticipated	1
harshness	1
visitor	1
man	98
os	3
impression	5
edging	2
l’	7
fondness	1
respect	12
dig	1
carriage	1
gained	5
proffered	1
boldness	2
antiquated	2
youngest	2
nymph	1
obstincy	1
house	27
tediousness	1
enter	4
augmenting	3
blowing	1
boileau	1
quay	1
distinct	2
laid	5
recite	1
propensity	2
young	51
evinced	1
pilchard	1
ears	6
turneeps	1
beer	2
haughtiness	1
look	20
forms	4
circle	1
dealer	2
hackney	1
livery	2
groundwork	1
pastimes	1
landlord	7
graver	1
frae	4
eh	1
interdicted	2
sudden	2
fair	15
i–	2
earth	4
liking	1
threatens	1
nerves	1
afce	1
apparition	1
hast	2
singularly	2
solemn	3
yourself	14
pitch	1
cage	2
green	2
ºil	1
then	65
breeches	1
partake	1
castor	1
experienced	1
instruct	1
favourite	2
sworn	1
mingled	3
eve	2
glorious	1
clew	1
reasonably	1
barefaced	1
acknowledge	1
sable	1
saw	11
beguile	1
battery	2
freestone	1
stool	1
fortitude	1
agio	1
humorists	1
scarcely	2
total	1
wisest	2
–in	1
lowering	2
uniform	3
terrors	3
physiognomy	1
poorer	1
recalled	1
doubtna	1
multifarious	1
avoid	3
marks	1
shade	2
cub	1
inconveniences	2
insatiable	1
curious	3
removed	2
elect	1
binding	3
inquiries	3
heated	1
countries	3
departed	1
bird	2
born	8
instructor	1
occasionally	4
woolverton	1
wanted	2
unsuitable	1
space	1
fairy	1
formal	4
shoulder	1
garonne	2
powers	6
excite	4
debentures	1
waistcoat	1
observing	2
monsters	1
trampled	1
won't	2
asleep	1
argyle	3
frontier	1
that	425
seducing	1
conveying	1
helm	1
knave	1
uttermost	1
always	11
wigs	1
teted	1
beyond	2
for’t	1
sought	1
agree	3
minister	1
destiny	1
flood	1
cells	1
latticed	1
king	17
frequent	3
order	8
eighteenth	1
dependent	1
articulate	1
co	1
parlour	1
frank	5
mayna	1
dissimulation	1
meridian	1
bows	1
earnestly	1
anté	1
contrary	9
loodle	1
losing	2
provided	4
hint	4
shoulders	2
exposed	2
conceived	4
filling	1
ruff	1
thread	1
resistless	1
provoking	2
spluttering	1
hiding	1
dreams	1
hungry	1
moors	1
acquisitions	1
religious	3
days	16
gaping	1
tail	2
gorgon	1
tender	2
around	10
windows	3
loud	3
recommended	5
reserve	1
imformed	1
noways	1
ascended	1
glove	2
devil	4
unacquainted	1
change	7
infected	1
saluted	2
detained	2
daily	4
priest	3
tenor	2
polite	1
maps	1
heroes	4
keep	11
af0b	1
peculiarities	2
sigh	3
shows	3
exempt	1
perform	1
reflections	5
displeased	1
studied	2
odds	2
addition	2
you'll	1
deserter	1
nobleman’’	1
interpreter	1
accoutrements	1
portrait	1
worried	1
limits	1
forgive	2
demands	1
drag	1
heaps	1
contemplated	1
strides	1
once	26
s	2
rejoined	3
encouraging	1
–and	1
ourselves	6
found	22
fifty	3
tunnel	1
alienation	1
complained	2
initiating	1
miserable	1
assurances	1
penrose	1
sturdy	1
thegither	1
constable	1
returns	1
tea	1
latter	2
old	45
dimmed	1
hangs	1
weary	1
wheresoever	1
banker	1
allows	1
vexed	2
military	2
master	8
attain	2
eyebrows	1
quest	1
quadrangle	1
contract	1
compassionate	1
worsted	1
road	21
rusticity	1
wig	3
horseback	2
rogue	1
takena	1
proposed	6
woman	1
braes	1
wave	1
places	2
winter	2
codlings	1
too	38
matured	1
gentle	4
morality	1
combat	1
obstruction	1
embers	1
convenient	1
pacific	1
merryman	1
low	4
pricked	1
preponderating	1
fetch	1
tapsters	1
curs	1
indebted	2
billet	1
sight	5
lacked	1
marmontel	1
sustain	1
bag	1
sorely	1
characterised	1
bureau	1
throwing	3
intentions	3
usual	4
travel	9
clearest	1
revision	1
across	2
blotted	2
mainprize	1
unimportance	1
dismiss	3
alarming	2
drummer	1
strength	2
refresh	1
outcast	1
reverie	1
view	6
occupy	3
morion	1
anonymous	1
sticking	1
lapse	1
laughing	4
storming	1
pace	4
equally	5
event	3
poles	1
lion	2
roundheaded	1
grazier	1
marvellous	2
prepare	2
flowers	1
withdraw	2
enthusiasm	2
conferring	1
o	21
tweed	1
tave	1
practised	3
gaugers	2
grievances	1
blind	2
strings	1
gallienus	1
play	7
oppose	1
maun	2
we'll	4
creature	2
circulation	2
exchange	1
sullenness	1
justiceship	1
classics	3
lay	4
accounting	1
pile	1
unit	1
neglected	4
understand	21
bursts	1
steeple	1
internally	2
thirsted	1
mysteries	5
thieves	3
payments	1
repast	2
loveliness	1
rough	5
collection	2
reason	8
palate	1
applause	1
than	97
connexions	1
robber	5
settle	5
warlike	1
safety	3
quitted	1
veneration	1
orgies	1
single	3
guns	1
apologies	2
execution	1
loons	1
statement	1
piquet	2
under	32
compass	2
hanoverian	2
amusement	5
certainly	10
unfortunate	7
arithmetic	3
choose	2
reckless	1
obduracy	1
dress	5
whetted	1
butler	2
steady	1
cross	6
hero	2
onerous	1
sign	4
minor	1
bearing	2
are	135
rights	3
throat	1
accessories	1
ready	6
dire	1
riflers	1
grime	1
crossing	1
risking	1
taen	1
vault	1
wicker	1
propriety	1
carry	9
heaven	10
secret	5
inside	2
negligence	1
compliance	3
aged	1
storm	2
were	113
modest	1
bugbears	1
tonneaux	1
disgusted	2
ship	2
distinctness	1
destroyers	1
box	1
essential	1
sides	2
reduced	4
faces	3
lover	1
current	2
redoubted	1
for	316
already	12
arrangement	1
started	3
search	1
shorter	2
rascally	1
warm	3
want	10
contempt	7
furtherance	1
mair	3
converted	1
nearer	3
thief	2
toys	1
comes	8
mixture	6
dimpled	1
hastened	3
leave	12
gravity	1
inquiry	2
transcribed	1
puffing	1
raised	3
apply	2
declarations	1
sharpened	1
trifling	3
occurrence	2
library	5
learn	1
gain	2
divisions	1
convinced	4
kettle	1
favourable	4
common-sense	2
oppressed	1
leaf	1
bone	1
goodly	3
foreign	4
inconvenience	1
heartily	2
distaste	1
fish–titling	1
cordially	2
tis	2
à	1
needs	2
bellman	1
waste	2
impossible	6
bloodthirsty	1
recurring	1
marylebone	1
stroll	1
confidence	13
playfellow	1
prevents	1
alike	4
sully	3
haud	1
gotten	2
niece	1
increase	4
desired	7
advice	3
government	8
reporting	2
suppressed	2
period	13
list	1
information	14
stream	1
mºqb	1
enrolled	1
loyalty	2
fronted	1
reverting	1
proclaimed	1
crop	1
downward	1
badgers	1
hours	8
ridge	1
gallant	2
satisfy	1
or	174
papists	4
caesar	1
grins	1
cassock	1
a'o	2
fellow	20
dared	2
like	71
liable	1
building	4
civility	3
defiance	2
’tis	1
unattended	1
pot	1
stranger	11
abomination	1
throws	1
mouth	3
uninformed	1
strictest	1
tempered	1
apples	2
spelled	1
spirit	6
ferocity	3
dragging	2
company	27
toward	12
puir	1
patriotic	1
venturous	1
patrimonial	1
ruffles	2
accents	1
wisp	1
descriptions	1
import	1
sage	2
correspondent	3
threatened	2
resign	1
impertinent	6
picture	5
actum	1
guide	3
disaffection	1
admire	1
supposing	4
certain	8
pointed	1
beasts	2
marauders	1
regis	1
swords	1
wants	2
mash	1
unwilling	2
fully	5
obviously	1
insignificant	1
violence	2
polished	1
upward	1
i’m	1
as	462
tot	1
auditor	2
social	1
valleys	1
reinstated	2
market	2
i'll	3
alert	3
admonition	2
difficult	2
seventeenth	2
perceive	3
however	24
infirmity	1
monarch	1
stuck	2
innocent	5
colville	1
endeavour	4
just	21
female	3
pie	1
fishing	1
riod	1
pursuits	3
yawn	2
jests	1
strokes	1
worth	5
gleams	1
fate	4
composing	1
suggestions	2
overloaded	1
resounded	1
recent	1
contemptuously	1
fix	1
conducting	1
condescending	1
professional	1
successor	2
visitants	1
vizards	1
save	1
purpose	16
nieces	1
general	9
so	141
them	70
jockey	5
hebdomadal	2
accomplished	3
waked	1
margin	1
tape	1
six	5
took	16
feed	1
ingans	1
drinking	1
weight	10
fails	1
advantages	2
scholar	3
l’’	1
knew	11
sheets	2
lost	14
real	3
substitute	1
leaving	7
varieties	2
bam	1
slate	1
find	19
earths	3
mis	1
ear	6
fame	3
ruined	2
talks	3
figure	2
neglecting	1
mane	1
formidable	1
truth	11
upbraid	2
ben	1
menaced	1
fruits	1
colonel	2
contain	1
falling	1
ten	7
good-humour	2
able	7
lawyer	1
penetration	2
literature	2
intemperance	2
dubious	1
quarters	1
acquaintance	5
partridges	1
quickness	1
jonson’s	1
least	18
penning	1
quit	1
following	4
paste	1
really	10
stagnant	1
night	9
plunder	1
vice	2
amused	2
castanets	1
tempt	1
cliffs	2
favours	1
poacher	1
headstrong	1
victorious	2
grooms	1
clever	2
connects	1
upon	74
joint	1
morse	1
remembered	1
hazards	2
spinstress	1
pan	1
remonstrance	2
snow	1
seen	16
sleep	2
truehearted	1
grinned	2
individual	5
dismal	1
marched	1
for’	1
dishonour	1
pilot	1
sloth	1
courtyard	3
humility	2
quorum	1
noted	2
sovereigns	1
volce	1
ash	1
surmount	2
fortifies	1
fellowship	1
merely	9
serious	5
pond	1
ancestor	1
morris’s	1
male	1
larceny	1
starting	1
kale	2
travelled	4
long	20
tapestry	2
worming	1
ludicrous	3
suffer	1
signs	2
rod	1
gun	1
sixth	1
was	375
clearing	2
endeavouring	3
fighters	1
half	13
familiarly	1
wisely	2
contrived	2
escort	1
hanover	1
specie	2
repressing	1
booty	1
adventures	1
get	19
amble	1
eighteen	4
occurred	6
postponed	1
course	17
quenched	1
previous	4
higher	2
solicit	1
merchants	1
soon	12
ingredients	1
respectful	2
gallop	3
trembling	1
whose	30
cries	1
proposal	8
dissenting	3
assailed	1
strongly	2
disarmed	1
shrunk	1
lavished	1
bred	5
today	3
transcript	1
chequered	1
resentment	3
ordered	1
design	1
willows	1
boldly	1
somniferous	1
boat	2
bulls	1
hitherto	3
punds	1
tale	6
encamped	1
omened	1
complete	4
statesmen	1
æob	2
leigh	3
decent	4
d–ll	1
planets	2
can	54
hemp	1
important	11
know	51
brokers	1
gratitude	4
history	4
avoiding	1
t	3
kensington	1
strangers	3
fession	1
deserved	2
nor	27
liberal	2
positive	2
roared	1
direct	4
clergy	1
charging	1
getting	4
superiors	1
construction	2
mickle	1
holy	1
party	12
inglewood	1
legend	1
tempted	2
vicar	1
show	12
dogs	8
needham	1
retaining	2
sooner	3
set	7
persisted	1
advisement	1
rattle	1
inquired	3
wasted	1
vindictive	1
assiduity	1
source	1
meanwhile	2
sterling	1
femme	1
achilles	1
protected	1
flecked	1
vacant	1
assure	8
paid	5
prepared	2
concerning	9
guard	3
fourth	2
thanks	4
moderate	3
chance	9
oaken	2
thickset	1
aloud	3
chairs	1
altogether	5
soothing	1
fright	1
subjected	5
commissions	1
entire	1
bagshot	1
tº	1
vandals	1
disqualification	1
several	6
resolve	1
item	1
latin	3
con	1
thomas	1
fine	10
declined	3
distone	3
echo	1
divines	1
patrol	1
plain	5
complexion	2
dub	2
frequently	3
matins	1
prince	7
readiness	1
shoe	1
proved	5
tempting	1
bid	1
conclusion	2
haste	7
vote	1
still	27
thrilling	1
only	52
assailable	1
usually	4
locks	1
cracking	2
highgate	1
doubt	21
signal	1
proposition	1
temptation	3
gaun	1
attracting	1
clothes	1
quoth	2
sensible	3
scaffold	1
treasures	3
trusses	1
offered	6
recruiting	1
meeting	2
fill	4
transferring	1
saith	3
silver	5
recommend	1
vest	2
shaded	2
cow	2
japanned	2
pad	1
christened	1
dropped	2
spring	2
observer	2
assistance	5
ink	3
inexpressible	2
talk	5
cause	10
highwayman	2
prevent	1
terminating	1
full	16
sitting	6
credibly	1
perfectly	6
wait	3
tret	1
diminished	2
slowly	3
warning	2
laced	6
arose	1
crossbows	1
turrets	1
fu	1
fee	1
away	25
moralise	1
dubitation	1
indifference	3
custos	1
bade	1
twenty-four	2
chanced	5
overrated	1
luxury	1
close	9
mind	28
fourgentlemen	1
dwelling	2
tower	1
docility	1
lady	20
actual	5
imitated	1
ill-will	1
painted	1
muse	2
professions	2
original	3
slandered	1
obnoxious	2
exacting	1
nae	9
i.robbing	1
palliative	1
service	11
persecutions	1
provide	2
singing	2
k’ob	1
another	17
clothed	3
less	20
flung	1
steadiness	1
sits	1
brand	1
theory	1
sung	1
ane	3
infancy	3
vandyke	1
canet	1
collision	1
superlative	1
profane	1
announce	1
communicate	2
ou	2
regulate	1
won	1
thrust	2
plead	1
pagan	1
credit	5
sex	4
horsemanship	1
robbers	4
tête	2
enchants	1
accurate	1
giving	4
selfishness	1
pages	1
treacherous	1
unsatisfactory	3
wolds	1
stern	2
exceed	1
exhaust	1
gets	2
addison	1
punishment	1
number	4
fears	1
easing	1
peevishly	2
jotted	1
registered	1
pictured	1
congratulated	1
rop	16
i’se	3
paternal	4
peeping	2
creak	1
spin.’	1
horses	9
inexpressibly	1
height	2
preferment	4
count	3
christmas	2
piqued	1
celebrated	2
witness	2
ejaculation	1
cost	3
detest	1
exclaimed	7
thirst	1
sun	3
heron	1
narra	1
observe	7
rider	1
ma’am	1
reports	2
timed	2
taxed	1
dry	4
requesting	1
grilses	1
spears	1
sheriff	1
puritanical	1
gracious	2
scruple	1
surrounded	1
desiring	1
officious	1
prudent	1
barber	1
tºp	1
allowing	1
ness	2
gratify	1
trained	1
cession	1
on	234
breach	1
determi	1
strand	1
security	1
faculties	1
intimate	4
fag	1
estates	2
whenever	2
cultivated	3
hovered	1
intercessor	1
retrieving	1
emoluments	1
southern	5
gothic	1
head	22
allers	1
mistaken	4
pitiable	1
erasure	1
sit	4
going	4
wat	1
scoundrel	1
namely	1
convict	2
piercing	1
vehicle	1
wears	1
shepherdess	1
mortifying	1
mother	4
terrible	2
world	17
carrying	2
calculated	5
whoop	3
toilette	3
tyre	1
impatient	3
baronies	1
retreat	5
word	17
dominie	1
consumed	1
coat	1
faltered	1
author	6
languages	1
north	11
approbation	1
assist	4
treaty	2
motives	2
opposition	1
discipline	1
sad	3
demanded	1
principle	3
advantageously	1
thoud'st	1
suspicions	8
according	9
dignified	2
somewhere	1
slew	1
profession	10
jaded	1
shone	1
listener	1
sybos	1
admired	1
brentford	2
passages	1
called	15
vaulted	3
compound	1
glory	2
doctor	2
squire	11
bard	1
couple	2
assaying	1
choice	3
evil	5
hopeful	1
convent	3
disinherit	1
groom	2
waiters	1
profusion	1
trial	1
disliked	1
commanded	1
inmates	2
anything	8
attached	4
peaked	1
criminal	2
circles	2
unmercifully	1
dishes	1
remarks	3
bare	1
country	30
hallion	1
dutiful	1
published	2
soar	1
thriving	1
totally	3
oracle	1
obstacle	2
placename	75
engines	1
rode	4
methodical	3
engages	1
peer	1
boded	1
poet	2
animate	1
descent	1
dunciad	1
acute	2
devoutly	1
introduce	1
shades	1
carving	1
landing	1
commonplace	3
malefactor	1
enters	1
scamper	1
preferable	1
invited	2
falcon	2
grant	2
claws	1
conducted	2
band	1
devices	1
despite	1
held	8
free	6
people	6
sur	1
honours	1
profound	1
martingale	1
sports	3
barricants	1
distant	8
hard	15
pierce	1
reward	1
piece	7
architraves	1
entertain	1
cast	8
absence	3
brought	14
declamation	1
entrance	4
tryste	1
roy	2
incurred	1
sweet	2
pro	1
journey	8
reception	1
instead	9
bridge	1
outspoken	1
opinions	1
sorrowful	1
salary	1
snake	1
guineas	2
any	64
when	108
your	182
prolonged	1
subsequently	1
rely	1
glades	1
mitting	1
methinks	2
consternation	2
gallops	1
schoolboy	2
disappear	2
expands	1
feel	3
hither	1
engaging	1
horror	2
stop	2
years	11
eight	2
dismissing	2
economy	1
conceiving	1
agreeable	1
notwithstanding	5
lullaby	1
admissions	1
informed	8
useful	4
fat	2
taste	4
thrown	5
he’s	1
ill	8
*uppose	1
particularly	2
energies	1
recesses	1
deliver	3
daiker	1
doors	8
suspicious	2
savage	2
patting	1
pointing	2
cubs	1
quality	1
tarry	1
office	5
metropolis	1
repugnance	1
l’s	1
engagement	2
solitary	2
anxiously	1
affection	4
probation	1
gear	1
grove	1
constitute	2
point	7
fascination	2
revolutions	1
existed	1
lace	1
bail	6
containing	2
introducing	1
coal	1
buckle	1
kitchen	1
favourites	1
sensation	1
stained	1
inver	1
guest	3
a’	3
answered	29
dispersed	2
deal	4
unexpected	3
goodwill	5
trundle	1
tobacco	4
nevertheless	2
dew	1
intelligence	2
enumerating	1
fadeurs	1
mansion-house	1
dearer	1
composedly	1
questioned	2
lines	6
succession	4
countenance	7
smoking	3
liked	1
reentered	1
dispense	1
reclaimed	1
recollected	1
sense	13
highway	4
special	2
startled	3
acquiesced	1
subjection	1
society	8
indeed	30
avocations	2
primitive	1
shire	1
chase	10
sorrow	1
prouder	1
vacancy	1
competition	1
mystery	1
yore	1
acceded	1
produce	2
doctrine	1
beverage	1
poitiers	1
forbye	2
summons	1
opens	1
whistles	1
involves	1
apple	1
seigh	1
broken	9
a’o	3
uncle	24
piqueing	1
coconut	2
many	26
babble	1
softened	1
clad	1
supervening	1
synonymous	1
insuperable	3
bumpers	1
foot	2
scottish	7
hares	1
obey	2
bite	2
drone	1
knows	7
markham	2
ro	4
pin	1
valued	1
goes	5
conditionally	1
amenable	1
quadruped	1
mirth	3
declining	4
halter	1
summer	1
end	12
skulls	1
breathe	1
expressions	3
sullen	1
spinet	1
school	3
dog	3
centuries	1
capacity	3
pedantic	1
2’’	1
inveighed	1
wonder	5
pretenders	1
consists	1
friendship	1
whistle	2
whole	13
commit	4
lassie	2
meat	1
deprecation	1
atrocity	1
bad	4
accuser	1
claretto	1
traffic	1
shore	1
alternately	1
aware	4
rest	12
condemned	5
etc	2
inability	1
misconstruing	1
impetuosity	2
pledged	2
portuguese	1
complain	3
bushes	2
citadel	1
maintaining	1
injustice	2
village	4
blessings	2
oaked	1
description	7
hers	3
princess	1
praised	1
desertion	1
oracular	1
body	9
brute	2
written	3
embarrassment	4
ma'am	13
false	3
seemed	39
man’s	2
eminence	1
signed	1
bartholomew	1
water	3
stiff	1
sent	5
sinking	1
lancastrian	1
shame	2
become	7
gradually	1
compulsory	1
disgusting	2
display’d	1
apricocks	1
reality	1
recognizances	1
nn	1
pedants	1
extinguished	2
owe	2
pledges	1
chuckle	1
ways	1
speculation	3
applauding	2
bring	3
obtained	3
official	3
bob	1
balanced	1
menagerie	1
goddess	1
helots	1
portuasses	1
wi	8
dispute	3
mount	1
contemp	1
child	3
concentric	2
neighbourhood	3
unpleasant	3
unadvised	2
ask	17
depredators	1
inscribed	1
mouthful	1
finger	4
favoured	2
clear	4
wrath	2
shirts	1
grieving	1
spoke	8
hair	1
‘bloody	1
tones	3
warming	2
cowardly	1
lot	1
arguments	2
serving	3
bewildered	1
slumber	1
silly	1
appetite	1
floored	1
dismounted	2
catch	2
bower	2
twenty	10
middlemen	1
northumbrian	4
courtesy	6
travels	1
tiny	1
spiders	1
prove	1
struck	2
human	3
calf	1
channel	1
uncheckered	1
mean	7
softer	2
receive	2
pass	4
coarse	3
imports	1
entitled	5
they're	1
occupation	3
nothing	20
private	6
breaks	2
slain	1
businesslike	2
cantered	1
throbs	1
solicitous	1
pictures	2
productions	1
finchley	1
diming	1
syllables	1
journeys	1
walked	1
dear	21
affairs	12
billows	1
theme	1
genius	1
barm	1
angry	5
acts	3
brothers	3
vapours	1
courage	8
scotchman’s	2
throates	1
beset	1
preface	1
turning	5
permitted	2
knack	1
recompense	1
tribe	2
protestant	5
seal	1
winna	1
ibrary	1
attacks	1
thysell	2
friseur	1
monosyllables	1
depend	5
studiously	1
acquiescence	6
embarks	1
joking	1
conjuror	1
sons	13
festin	1
species	6
defaced	1
secluded	2
discharged	2
2sbaldistone	1
despise	1
ugliness	1
teaching	1
survived	1
pose	1
indifferent	4
quart	3
discrimination	1
roa	1
abode	1
follies	1
plaited	1
properly	2
cambric	2
dame	1
comprised	1
drama	1
meet	10
deportment	2
moment	21
kens	1
predominates	1
painting	3
appears	1
gait	1
transforming	1
ample	2
commonwealth	2
heraldry	6
compelled	5
exempted	1
fortunately	2
chapter	12
intervention	1
sincere	2
wiret	1
a*o	2
‘‘therefore	1
transcribe	1
oh	5
felony	6
gospel	1
groan	1
rules	1
recommendation	1
regularly	2
comparative	1
opera	2
knight	6
trusted	3
lean	1
inward	1
athletic	1
indemnify	1
wasting	1
reached	1
which	368
answer	11
imperial	1
lead	4
little	42
liquor	1
coursers	1
flight	1
simplicity	3
sayings	1
threefold	1
concede	1
pronounce	2
de	2
relieved	5
eleva	1
adding	1
dare	6
best	18
fisher	1
beaver	1
afford	4
dangerous	1
drink	3
crime	3
outangs	1
mannet	1
scattered	1
speak	21
eat	4
conciliatory	2
conquest	2
sporting	1
attach	1
brings	1
indicate	1
corner	2
anxiety	2
its	36
ain	5
seventh	2
relinquished	1
appeal	3
forsake	2
notice	2
oy	1
mention	1
uncommon	2
mayor	2
eating	3
observed	9
tied	1
beauty	7
neigh	1
apartment	17
fathers	2
costermonger	1
gone	4
cheese	1
smuggle	1
comely	1
reaching	1
commend	1
self	6
story	6
unwillingness	1
obtain	1
ha	4
butt	1
tread	1
court	6
obliging	1
considerº	1
arrangements	2
hood	2
rags	1
moorings	1
native	5
comprehending	1
disposition	5
diligently	1
imprisoned	1
impetrate	1
sotto	1
hardness	1
predicament	2
fare	1
entanglements	1
elder	1
pacem	1
resenting	1
duodecimos	1
hour	5
fellow-travellers	1
a’ob	12
expression	11
kailyard	1
unfit	1
exception	3
deserted	3
crackers	1
assent	1
hopes	1
treatment	1
grin	3
unlucky	3
untrimm’d	1
sending	1
commerce	4
generosity	1
though	25
fixing	1
eager	1
unmanly	1
lily	1
chattered	2
dinna	1
endured	1
pyramids	1
exculpation	1
jeistiecor	2
sect	3
festivity	1
comfort	3
setting	2
morpeth	1
attend	5
fluent	1
grain	1
dying	2
whisper	4
spare	5
tops	1
wotted	1
recreant	1
ethic	1
exceedingly	1
prescribed	1
transactions	1
lord	3
fa	1
compilation	1
shut	3
pedigree	1
probable	1
tenth	1
slander	1
vain	6
plentiful	1
gibberish	2
airing	1
queries	1
honest	13
very	75
stratagem	1
enjoying	1
lang	2
force	4
hay	1
relations	1
dawn	1
eying	1
bud	1
assumed	9
cheered	2
desperate	2
investigation	2
solicitor-general	1
own	96
1’’	2
parent	1
poignant	1
barrier	1
plucked	1
wise	3
fur	1
seasonable	1
therewithal	1
pair	6
worshipful	2
standing	1
astounding	1
chosen	2
embarrassed	5
waiting	1
suggested	1
disaffected	2
needlework	1
immediate	2
deeply	2
whatever	8
interrupted	7
blunders	1
relishing	1
studies	6
tether	1
meantime	1
wishes	4
grandfather	3
creed	3
awaits	1
horn	7
binds	1
a’oap	1
father	97
rov	2
mmediately	1
presume	8
barrel	1
negotiations	1
delivered	2
notions	1
seriously	3
complaining	1
lively	4
lichen	1
scholars	1
hovering	1
incident	1
content	3
boundary	1
au	1
overcome	1
dusky	1
indulgence	1
forsakes	1
tormentor	1
degradation	2
fundamental	1
dares	1
replied	51
hat	5
peal	1
self-importance	1
sew	1
usurped	1
none	5
reassembled	1
neck	2
sot	3
upright	4
gate	5
causes	2
arithmetical	1
intellectual	1
wilfully	1
a’o/	1
root	2
imagines	1
actionable	1
accustomed	4
sufficient	7
they	96
discern	1
raddle	1
barrels	1
steps	3
captain	1
preparation	1
sweep	1
age	12
stamping	1
ner	1
overhearing	1
sufferer	2
implies	1
condemn	1
ancient	5
threats	1
asseverate	1
glen	2
civilised	1
bet	1
earlier	2
terror	3
pure	1
meant	8
bawled	1
sprung	1
suffered	5
satirical	1
times	8
resources	1
big	2
sauntered	1
cressy	1
generation	3
apologetic	1
regret	3
arch	1
stopped	6
owned	1
exhibited	1
practice	2
crest	1
banks	1
persuaded	1
entertained	4
out	43
proficiency	1
pocket	2
erroneous	1
fullest	1
features	15
misfortunes	4
presently	1
awkwardly	2
injury	1
allowance	1
willing	4
interview	1
admit	1
astonished	1
deficiency	1
ledger	3
faith	4
fareweel	1
break	3
ringlets	1
wet	1
engross	2
disappointment	2
suffering	2
screened	1
fierce	2
frenchman	4
guilt	2
voice	20
arabic4digit	1
redeemed	1
scribe	1
believing	1
efficient	1
whispering	1
highest	2
repeat	2
various	6
thundered	1
twice	1
rhymes	2
apathy	1
do	96
run	8
filial	1
agent	1
implements	1
month	3
ingenious	1
flourish	3
pe	1
ormond	1
advanced	4
affect	1
younger	1
similar	5
wore	4
arrayed	1
work	7
gulping	1
movement	2
improbable	1
venison	1
turn	10
strangely	1
admonitions	1
interests	1
calmness	1
architectural	1
dilated	1
viands	1
churchill	1
unknown	1
threshold	1
amicable	2
finds	3
rash	7
garter	1
spirited	2
infant	1
transferred	1
what	104
elegant	2
capoting	1
sly	1
heathy	1
place	25
daughters	2
intimately	1
towns	1
sinks	1
fenwick	1
possession	3
if	141
divert	1
envious	1
hold	6
headmost	1
stare	2
soever	1
coke	1
stun	1
ridiculous	4
timor	1
contrast	5
thou'rt	1
oak	3
pretty	10
becoming	3
penetrating	1
soft	3
persons	5
venerable	3
romantic	1
inflexibility	1
gesture	1
knights	1
severally	1
rather	29
imposing	1
ground	10
wainscot	1
music	1
howsoever	1
chiefly	2
enforce	1
receptacle	1
invented	1
meriting	1
ribbon	1
loss	5
recollect	8
avowed	1
pause	4
discussion	3
abruptness	1
recollection	2
bell	2
invention	1
dreary	1
entertaining	2
transgression	2
miller	3
believed	3
hunting	6
looks	3
peculiarly	3
bit	4
answering	1
price	2
compare	1
souls	1
transacted	1
pretended	1
separating	1
cruel	1
wary	1
allow	5
cravat	1
pans	2
late	10
bold	6
impending	1
enjoyed	1
shrewdly	2
improved	1
withdrew	2
bonny	1
spitted	1
conceive	6
sixty	1
south	1
directing	2
decorum	1
modes	1
i’ll	3
contemptible	1
same	34
doubted	2
possibility	2
noblemen	1
popped	1
hasten	1
experience	1
other	54
countryman	1
knuckles	1
mercy	1
wealthy	2
lulled	1
makes	3
reads	1
outworks	1
fighting	2
cunning	3
prefers	1
main	2
trees	2
incredible	2
terms	3
worshipping	1
few	17
escape	1
fol	2
sheet	2
blunder	1
into	66
involved	3
i'se	4
anthony	1
foam	1
approached	4
housewife	1
represented	1
can't	1
yea	1
outlandish	1
gamekeeper	5
rational	1
thy	12
often	11
counteracted	1
random	1
comprehend	1
desert	1
couched	2
conversable	1
fluctuations	1
church	10
occasioned	5
but	244
tithes	1
folio	1
smothered	1
flax	1
tradition	1
beggars	1
mun	1
possibly	1
appeared	13
perhaps	24
desks	1
heat	1
had	248
deposit	1
f	2
rueful	2
confidant	3
mine	18
antedated	1
pinners	1
introduces	1
womankind	1
skilful	1
ditty	3
abundant	1
why	27
whom	37
navigator	2
rotulorum	1
living	1
first	33
bequeath	1
rural	3
birth	3
hunger	1
demeanour	2
hildebrand	16
circuit	1
bait	1
proportion	1
closing	3
engrossed	1
conception	1
wits	3
severity	2
rustication	1
curiosity	6
fallow	1
justification	1
heeds	1
college	1
inquire	2
inches	2
mutually	1
frankness	4
executed	3
tyke	1
tempest	1
midnight	1
epicures	1
frame	1
blessed	2
depreciation	1
even	46
loved	1
pshaw	1
apprehend	1
ranged	1
violent	1
grave	5
seduce	1
madhouse	1
derived	1
such	79
thicker	1
musty	1
torment	1
mºca	1
suspect	3
preparations	1
commandment	1
life	26
daughter	2
come	25
difference	1
inspires	1
empty	1
afforded	6
hearty	3
object	1
victor	1
leading	3
handkerchiefs	1
ex	2
speck	2
treated	1
tricks	1
fickle	1
sword	3
car	1
honesty	1
improvement	3
endeavours	1
bowed	1
fitting	1
pies	2
massive	2
afterward	4
animation	2
admitted	2
tall	2
pinch	1
killing	1
sack	3
gay	2
neighbours	1
eased	2
alcoran	1
ca’	1
mentioned	6
taking	10
pity	3
questionless	1
sympathy	3
how	37
sublime	1
lucrative	1
sufficiently	4
northern	7
engrossing	1
prime	1
charlemagne	1
disregards	1
certify	1
disgrace	1
politeness	4
wrathful	1
metaphor	1
and	1340
farmers	2
coquetry	1
declarant	2
air	20
deeds	1
bearings	2
hoped	1
strictly	1
screen	1
balance	4
revenue	1
briseis	1
stands	1
puts	1
pernor	1
somewhat	17
reproach	1
politely	1
blackstone	1
reference	1
chose	2
passed	10
bargains	2
heavens	1
pursue	1
a	882
excepting	1
inaccurately	1
national	3
tight	1
investigations	1
occurrences	1
inroad	1
demand	2
affected	3
obstinacy	2
book	7
neon	1
proprietors	1
dawkins	1
personal	8
direction	5
twa	1
plates	2
glance	6
rocks	1
evils	1
peasant	1
exclaiming	1
bending	2
adventurer	2
equaled	2
unfelt	1
sportsman	4
bishopric	1
moving	1
would	105
patriotism	1
pitied	2
gold	7
judging	4
pur	2
personalname	421
subject	13
procuring	1
dissipated	1
ocean	2
tongue	2
exacts	1
kindly	3
echoed	2
uplifting	1
cures	1
song	5
thank	4
unhanged	1
deny	2
directed	2
opposite	3
damped	1
he	407
fit	6
pertaining	1
urging	1
rise	1
adjective	1
realm	1
supply	3
adieu	1
amply	1
writer	1
orders	6
pamphlets	1
loves	1
ambition	2
brown	3
compensate	1
chastise	2
rounded	1
cavalier	1
superior	2
impetuous	1
avail	1
aid	2
using	1
increasing	1
separation	1
achievement	2
converse	1
clenched	1
deserving	2
guess	3
physician	1
syne	1
laws	4
ceased	3
department	3
nurse	1
rabbits	1
faithful	2
careful	2
apprehension	7
unpleasing	1
englishj	1
blackguard	1
englishman	1
scandalous	1
him	172
coughing	1
æoap	1
hush	3
washed	1
heretic	1
argue	1
both	13
brick	1
sailor	1
knife	1
exhort	1
go	22
haunted	3
deeper	4
extent	5
prerogative	2
mail	1
appear	3
undecided	2
tramp	1
