mission	2
hateful	1
preach	1
intensity	3
aristocratic	1
bonn	1
labuntur.&quot	1
slave	15
sufficed	1
vein	1
merchandise	1
trials	3
differ	1
spaces	1
desperation	2
directions	2
gor	1
ruthlessly	1
arranged	3
wear	1
instances	2
blaze	1
knee	1
thunder	1
thought	19
kind	23
duties	1
nature	18
perceived	1
seems	21
improper	1
ows	1
trodden	1
pleasanter	1
cool	4
recollections	2
bananas	1
stair	2
opening	3
speeches	2
stage	2
pamphlet	1
straw	2
ally	1
part	23
condense	1
character	12
influences	3
nowadays	1
need	4
ice	1
eagerness	2
talked	4
doubters	1
intelligent	1
purely	1
astray	1
patience	2
poh	2
hoping	1
account	12
arrows	1
powerful	4
later	8
drawn	3
lower	2
reply	12
laurel	2
trains	3
health	10
meaningless	1
rarely	1
especially	5
especial	1
alternative	1
rhythmical	1
revolt	2
cents	1
brave	3
sorrow	8
ham	2
hollies	1
customary	1
series	3
arabic	3
madam	2
harvard	2
houses	3
hebrew	3
skeleton	1
sure	9
detailed	1
mass	4
news	2
allied	2
tongues	1
whence	1
noise	2
accompanied	1
cross	2
successful	2
hatred	2
elaborate	1
utterly	2
acceded	1
weed	1
grief	1
dust	1
dwarf	1
tigers	1
stations	2
blazed	1
fail	4
screamed	1
enjoyed	4
vice	2
practised	1
residence	2
laziness	1
sorrows	2
attracts	1
poured	2
ures	1
maintained	1
shocked	1
emptorily	1
through	52
diary	1
doubtful	1
affair	1
spoken	8
rollers	2
devotion	4
farewell	1
handwriting	2
richer	4
moulding	1
mouthing	1
peas	2
added	2
fuller	2
lettuce	1
quivered	1
not	175
connected	1
efforts	4
records	4
assured	2
described	3
racy	1
horrible	1
classes	2
happened	2
say	33
exactly	3
forward	4
al	1
easter	8
stumbled	1
uncle	18
festoons	2
fragrant	1
felt	24
incitement	1
rambles	1
declare	1
roses	5
stowe.&quot	1
revealed	2
substantially	1
making	12
good-looking	1
joined	2
succour	1
labour	5
pain	6
teacher	3
internal	1
communication	1
fountains	1
forget	3
disgust	1
fountain	1
everybody	8
splendid	1
circumstance	2
dressing	1
consolation	2
perseverance	1
trying	2
beat	1
presumption	1
brutal	2
immoderately	1
am	74
rainbow	1
river	18
fun	2
foolish	2
rose	4
sister	13
amuse	1
ecclesiastical	1
academy	1
rosebud	1
secured	2
webbs	1
warmly	1
incorrectness	1
foresaw	1
because	15
rightris	1
mulatto	2
house	36
quite	10
rainy	1
door	14
abused	2
done	14
era	1
morally	1
mediums	5
flooding	1
maid	2
development	1
noteworthy	1
theirs	1
cranes	1
walks	1
artist	2
footfalls	1
constant	5
instructed	1
repeating	1
having	8
join	1
acquainted	2
old-fashioned	3
whately	2
aerial	1
confederacy	2
poetry	3
share	1
manifestations	1
solid	2
rattling	1
nerve	1
draughted	1
lying	2
judged	1
law	5
landed	1
branding	1
righting	1
comfort	6
ignorance	2
exhibitions	1
episode	1
hill	1
proceed	3
grieved	1
cars	5
jour	1
harpy	1
turfed	1
telling	2
buds	1
scenes	5
round	5
officers	1
amen	1
gi	1
hid	1
also	20
sion	2
horse	6
wheels	1
university	1
outdoor	1
speed	1
alliance	2
bribe	1
otherwise	1
being	31
east	2
medder	1
eagerly	1
childish	1
es	1
sketched	1
perceptions	2
estimate	2
feeling	9
hurry	2
inevitable	1
muster	1
hath	6
noble	6
division	1
wee	1
sleet	1
laughed	2
mative	1
absolutely	1
maintain	3
turned	10
labours	5
result	6
dined	1
candlelight	1
obstacles	1
servants	1
stories	14
siderable	1
caused	2
breezes	1
natured	1
words	30
decided	1
wider	1
anywhere	2
knowledge	8
ignorant	2
obtrude	1
missionary	1
perverse	1
bore	4
saunders	1
marks	1
bruising	1
tumbled	1
palsy	1
sound	5
fourteen	2
magazine	1
impressed	4
remorse	1
nate	1
psalm	1
scorn	1
germinating	1
spend	5
oaks	7
originally	1
blue	6
1st	1
queer	2
hideous	1
st	10
doing	9
composure	2
alas	1
bravery	1
motion	5
established	2
sir	1
length	6
cell	1
desk	3
elms	1
american	7
enable	3
youth	7
began	3
inclined	1
want	15
moments	2
pebble	1
smile	1
darkly	1
refined	1
must	43
unobtrusively	1
slitting	1
admiration	5
sincerely	3
follows	4
jungle	1
exist	1
bricks	1
points	2
liveth	1
consent	4
collected	1
see	55
proprietor	1
nearer	1
brownish	1
risen	1
friendliness	2
committed	2
white	23
moods	1
centennial	1
hired	1
comes	6
grey	5
ostensibly	1
serenity	1
conversations	1
came	22
horrid	1
gaps	1
this	219
grammar	1
hinds	1
appalling	2
myself	25
recognition	3
pray	1
whole	26
nay	2
yielded	1
strange	12
enough	11
gambolling	1
easy	4
returning	2
lawn	2
froude	1
fields	10
smoothness	1
warehouse	1
confirmed	1
rapid	3
ter	5
width	1
adventurous	1
preposterous	1
quick	3
christianity	3
speaking	4
results	2
innocence	3
seri	1
dead	4
sacred	4
flow	1
uprightness	1
lazy	1
personages	1
newspapers	2
promised	3
dovecot	1
gether	1
silent	4
token	1
edition	3
disputing	1
elections	2
worldly	2
warmth	1
relish	2
misguided	1
high	13
stick	1
incapable	2
receipt	1
village	1
arabicprice	1
ji	1
unchanging	1
readers	5
dictation	1
colorlessly	1
let	16
distinctively	1
pecuniary	1
rummage	1
copy	3
convulsive	1
presence	7
generous	4
busy	4
incredulity	1
sis	1
appreciate	2
famine	1
perfect	12
elsewhere	1
radiation	1
shout	2
fact	18
dollars	6
hear	14
legible	1
trust	9
confirms	1
clapping	1
conversion	1
day.&quot	1
bars	1
ward	3
compensated	1
belief	4
forest	2
associates	1
european	3
wreath	1
kingsley	2
blush	1
nilly	1
praise	4
adopted	1
wagon	1
legal	3
housekeeper	1
served	2
lives	3
propernoun	55
lift	1
policy	3
magnalia	1
hundred	5
wretched	2
showed	5
withered	1
passionate	1
wrong	3
ike	3
spectacles	1
moon	1
pleased	1
agitated	2
is	319
pas	1
farm	1
frivolity	1
immature	1
insufficient	1
thorough	1
criticism	1
parish	2
send	13
prepared	4
communicant	1
waking	1
concert	1
true	13
dim	2
fool	1
attending	1
duty	2
features	2
vastly	1
ing	35
ornamental	1
pardon	1
naturally	1
gentlemen	1
temples	1
fugitive	3
sonable	1
use	3
double	1
stalks	1
remote	2
buying	1
motions	2
macadamized	1
border	1
num	1
flocking	1
puritan	1
society	5
since	14
forgive	1
believe	11
womanly	2
corrupt	2
ob	2
melted	2
appeals	1
places	6
enemy	2
parlours	1
inflict	1
liberty	6
utter	5
fort	2
shot	1
deep	4
recurring	1
protection	4
does	13
five	13
enclosures	1
willingly	1
her	191
battle	5
tails	1
help	7
casaubon	1
never	48
purporting	2
vigorous	3
accept	2
voured	1
plotters	1
hills	1
chronicles	1
remark	4
thize	1
next	14
abrupt	1
filled	3
strawberries	2
expiation	1
committee	4
confidence	6
cleared	1
regensburg	1
curses	1
despair	2
mr	35
ferred	1
communist	1
arter	1
last	41
rested	2
indications	1
incline	1
defence	1
doubts	2
diverse	2
delighted	5
believer	1
listen	3
stayed	1
trim	1
six	8
cheer	2
fourths	1
effective	1
no	91
presbyterian	1
repressed	1
invite	1
extension	1
preaching	2
whittier	3
miraculous	1
greediness	1
havin	1
neither	9
ease	2
invalidation	1
unsealed	1
bed	24
steamboats	2
lowest	1
dewy	1
ascertain	1
hall	1
seek	1
correct	2
neat	1
tree	10
proofs	2
noon	2
necessary	1
periodicals	1
justly	1
birthday	2
railing	1
veil	4
loveliest	1
talking	2
january	4
terrified	2
further	2
littered	1
awoke	2
gauntlet	1
so-called	2
corresponded	1
saturday	3
contained	2
oration	1
nominally	1
nified	1
drive	2
slips	1
itself	8
dwelling	2
cases	4
eousness	1
light	9
rumours	1
indian	4
yesterday	1
withdrawn	1
hallowell	1
lone	1
plan	4
stalwart	1
balanced	1
crank	2
loosed	1
revere	1
walls	3
wrestling	1
them.&quot	1
young	8
wilderness	1
appearance	12
remarkable	6
yankee	1
witchcraft	2
girl	7
hasty	3
admirers	1
simply	4
answers	3
shutteth	2
entering	1
tenderness	3
boundaries	1
sifting	1
remembrance	2
stove	1
hugely	1
rea	1
tice	1
prises	1
eight	5
robe	1
governor	1
supremacy	1
spectacle	1
friendly	1
fugaces	1
rigours	1
narrative	1
russian	1
labourers	2
indistinct	1
least	8
lived	15
shown	3
earliest	2
shortly	1
meetings	2
recognising	2
execute	1
text	1
clock	8
sawed	1
devoted	2
wide	6
involuntary	1
domi	1
written	21
ask	6
waver	1
failed	3
threat	1
melancholy	4
emigrate	1
jury	2
neighbourhood	4
trunks	1
moreover	1
acquaint	1
actually	2
agreed	1
shabby	1
historic	1
killed	2
affords	1
backs	1
travelling	1
listened	2
cluster	1
freedmen	1
memory	11
embody	1
again	23
intercept	1
recount	1
three	13
felicity	1
fascinating	2
burden	1
august	1
oiled	1
reading	33
volume	2
worshippers	1
enthusiasm	5
histories	1
vibrate	1
unsavoury	2
innumerable	1
their	95
observed	2
sinfulness	1
those	58
expense	2
strong	7
strolled	1
saying	10
mind.&quot	2
fifteenth	1
livelihood	1
restoration	2
watching	1
villainous	1
proclaim	1
rained	1
ceiling	2
catholic	2
fectly	1
fays	1
partly	2
hampshire	1
falsehoods	1
dreaming	1
discreet	1
else	9
venner	2
springy	1
accustomed	1
additional	1
packed	1
grip	1
refuge	3
inch	1
pearl	2
duchess	4
acheron	1
entrusted	1
accommodating	1
bath	1
rye	1
adversity	1
harmless	2
masses	1
meaning	1
judgement	3
entangled	1
palace	3
what	62
possessing	1
considering	3
contributed	2
morning	15
has	132
pic	1
harder	1
spent	8
talent	3
freedman	1
whether	16
ours	5
tin	1
above	5
shawled	1
alive	1
tween	1
voices	3
neigbors	1
community	2
eleven	2
izic	1
multitudes	2
seven	5
reflected	1
caste	1
required	3
gazette	1
went	12
jessamine	1
laugh	2
over	51
untidy	1
trudged	1
cautiously	2
object	6
perform	2
showing	1
forever	8
avow	1
disgrace	1
weaving	1
ended	3
affected	2
inhabitants	1
home.&quot	2
resolutely	1
johann	1
listening	1
sunk	1
malicious	1
wiped	3
indignation	1
religion	5
thronged	1
tolerable	1
be	200
correcting	1
tangled	1
present	12
possibilities	3
general	10
folks	14
entailed	1
deronda	3
producing	1
madness	2
effectual	1
less	12
intense	7
enthusiastic	1
subjective	1
marble	1
cruelty	2
manners	1
refrain	1
brisk	1
universal	3
greater	6
momentary	1
suppers	1
necessarily	2
watering	2
four	10
founded	1
ish	2
vivid	5
pitiful	1
boiling	1
route	2
giddy	1
sameness	1
woven	1
outpour	1
nished	1
active	5
mazes	1
grave	3
grieves	1
intercourse	1
closed	6
peep	2
smaller	1
romance	1
guile	1
succeeding	1
exceptional	5
christian	10
impugning	1
hearing	1
pect	2
could	68
immortality	1
stood	5
forcing	1
terminated	1
studying	2
twenty-six	1
accumulation	1
indirect	1
saco	2
poganuc	2
awkwardness	1
lifelong	1
cardinal	1
com	7
bees	1
buggy	1
aside	1
bos	1
remained	4
evangelical	1
tired	6
ballad	1
nearly	7
ones	4
sends	3
snuff	1
grand	3
peculiar	10
son	17
walked	1
likely	8
consideration	2
bringing	4
pub	3
evidence	4
animated	2
morn	2
forgotten	3
fresh	3
collecting	1
proportioned	1
sailed	1
good	41
predatory	1
protect	2
mean	6
assurance	1
dusk	1
numbers	1
remains	5
punished	1
denominations	1
disappointed	1
unsuspecting	1
valorem	1
sions	1
viol	3
ideas	1
confined	1
base	1
contradict	1
scrap	3
heroines	1
business	4
faults	4
faint	1
jolly	3
retired	3
sealed	1
bustle	1
precarious	1
tone	1
lansdowne	1
partaker	1
capital	2
threatened	1
occasions	2
threatening	1
ceptional	1
wall	2
park	3
stronghold	1
together	13
fancied	1
wishing	5
vindication	1
impressions	6
irritable	1
go?&quot	1
mifflin	1
angles	1
culture	1
multitude	5
depth	1
dizzy	1
wednesday	1
interesting	7
my	315
mo	1
wives	1
admitting	1
creatures	1
tyranny	1
oppression	2
pro	6
silk	1
demanding	1
emergency	1
quotas	2
absolute	2
dawns	1
leads	1
love	36
unusual	2
beloved	3
short	9
books	19
dressed	5
claw	1
devils	7
publication	7
insurrection	1
vagaries	1
accompanying	1
vtoo	1
pickers	1
lavater	1
tooth	1
orr	1
journal	1
unreasonable	2
excess	1
preliminary	1
needful	1
e	3
it	347
ere	1
crisis	2
executes	1
sunshine	2
darkness	1
kinship	1
incidents	4
oranges	6
selves	2
defeated	1
think	61
incessant	3
basket	1
troubadour	1
glories	1
intention	1
royal	1
colour	9
pharaoh	1
pondered	1
truthful	3
autumn	2
don	7
pens	1
controversy	3
continuing	1
secessionists	1
addressed	3
riches	1
conn	2
ber	2
sentences	1
about	49
between	31
hardly	5
stepped	1
d	5
sandy	1
seated	2
principally	1
drift	1
foully	1
against	16
mere	4
thunders	1
philosophy	1
descended	1
have	276
gas	1
consolidated	1
probably	2
received	13
simplicity	1
surprise	2
understanding	1
delightfully	1
backed	1
aurora	1
festival	3
signally	1
take	21
below	4
indefinite	1
overflowing	1
analysis	1
vitality	1
dazzling	1
pitkin	2
argument	2
sto	2
passeth	2
relation	3
vilest	1
week	9
cared	1
sinister	1
expressed	3
federates	1
abroad	2
pouring	2
tle	3
morbid	1
earnest	4
rule	2
breeze	1
givings	1
labyrinths	1
floors	1
black	20
flat	1
led	4
fewer	1
attacked	1
due	2
excuse	1
questibned	1
virgins	1
alien	1
nearness	2
sneered	1
learned	4
evangel	1
calls	1
summers	1
phantom	1
external	1
sort	16
idolatry	1
webs	3
ad	3
concerns	1
diversity	1
enables	1
association	1
repel	1
accompanies	1
undertaking	2
boughs	1
vindicating	1
casioned	1
live	16
appear	5
might	22
perusal	1
partitions	1
cember	1
conciliate	1
political	1
sounds	2
referred	1
timbers	1
ministers	2
fessor	1
garden	7
snows	1
races	2
hartford.&quot	1
sail	2
larger	1
rabbi	4
just	28
scarred	1
azaleas	1
themselves	7
roll	1
visitations	1
back	25
yours	27
wholly	5
ever	35
decorations	1
asking	1
intriguing	1
communicated	2
writings	2
studded	1
semi	1
engendered	1
value.&quot	1
combinations	1
bread	3
electrical	1
tribulation	1
tude.&quot	1
unite	1
intends	1
cut	3
thing	19
raise	3
path	2
governs	1
audiences	2
lazarus	1
boots	1
bill	1
headway	1
seward	1
spite	5
favour	4
puritans	1
p	1
philosophies	1
common	5
unveiled	1
there	125
w	8
subjoined	1
ure	1
understood	3
trifle	1
views	5
beading	1
delusion	2
shadowy	2
burnt	1
appropriate	1
storyteller	1
sales	1
logs	1
zeal	1
ca&amp	1
nail	1
flag	3
awaking	1
divine	2
magazines	1
soared	1
enslave	1
castle	1
plainness	1
poodle	1
chair	1
amused	1
war	7
events	2
deathbed	1
closes	1
sternly	1
third	1
exercises	1
runs	1
paralysing	1
apparently	1
gables	2
interval	1
outcry	1
forbid	2
politicians	1
crowded	2
immediately	4
wrought	1
fall	6
chambers	1
riven	1
strain	3
powerfully	1
power	10
venerated	1
conjecture	1
plans	1
rapidly	1
street	5
abolished	1
mag	1
room	16
properer	1
touch	4
unless	3
proving	1
improved	2
correspondence	6
establishments	1
voted	1
sleeping	1
intervening	1
separations	1
stroke	1
contemporary	1
slider	1
childlike	2
struggles	2
thumbed	1
mitted	1
perplexities	1
questions	3
satisfaction	7
modern	7
corroding	1
inverted	1
scum	1
enjoy	8
limited	2
title	2
move	3
horizon	1
blossom	2
covered	4
done.&quot	1
forty	6
day	44
mill	1
weakness	1
j	5
while	26
nimbly	1
haverhill	1
glad	13
serve	1
aroused	2
dis	1
tabby	1
agonies	1
heads	3
affliction	1
dimly	1
wit	1
polish	2
tended	1
method	1
throne	1
fought	3
bond	1
organic	1
guidance	1
oc	1
occupied	4
touches	2
residents	1
ashy	1
faust	1
debated	1
future	3
frown	1
accomplished	4
dove	1
moral	6
salient	1
falteringly	1
fire	2
remarkably	2
exceptions	1
dealt	1
babel	1
helping	1
labourer	1
distress	2
bends	1
reconstruction	1
sources	1
hotter	2
front	11
pall	1
instant	1
shameful	1
cossack	1
proper	4
unf	2
fails	1
exact	1
irreparable	1
attack	4
assembled	1
huxley	1
confiscation	2
gales	1
brother	31
archbishop	2
irresistible	1
torch	1
highly	4
wish	14
table	4
passes	1
unwise	1
slept	6
monthly.&quot	1
yet	35
cogswell	1
chaise	1
cheerful	1
unspeakable	1
insistently	1
breadth	1
requested	3
fretful	1
make	30
edwards	2
november	8
connexion	2
two	47
clairvoyance	1
element	1
creation	1
unfailing	2
did	34
far	21
parleying	1
watercourses	1
zanesville	2
simple	2
prosperity	1
new	50
curled	1
happen	3
leaving	6
bless	7
fight	2
doubtless	1
bound	1
vanished	1
districts	1
greeted	1
rate	1
notes	2
invisible	3
aching	2
schemes	1
children.&quot	1
besides	8
ident	1
surprising	1
fingers	1
offering	1
sights	1
pink	1
steel	1
error	1
regards	5
find	18
print	1
word	15
distance	13
enemies	3
exempt	1
anxious	5
parliament	1
sunlit	1
interruption	1
fundamental	1
imperfections	1
woman	27
bible	5
will	70
strongest	1
gratefully	1
though	23
messiah	1
spot	1
stead	1
permanent	1
outdoors	1
personally	5
sincere	2
engagements	3
alarmed	1
testimony	1
describe	2
stagecoach	1
rejoicing	2
truckled	1
hurting	1
daylight	2
justice	6
scenery	2
fruit	7
fast	1
lonely	3
educating	2
wijbh	1
awful	7
yes	4
red	3
lawyers	1
leaf	1
fleeting	1
poor	16
intended	1
appeases	1
chillicothe	1
ellesmere	1
tremulous	3
ran	1
barriers	1
moonlight	2
herself	10
conviction	1
childhood	4
southerners	2
americans	1
ends	2
wind	1
grows	2
vindicated	1
class	4
abundant	1
interest	14
wild	9
northeast	1
descends	1
discovery	1
shivered	1
gather	2
minutes	1
mental	3
beginning	7
trouble	4
constantly	2
inconceivable	1
cowards	2
made	27
comforting	1
perience	4
driven	1
off	16
countryseat	1
expel	1
style	1
ers	1
cries	1
softest	1
president	4
medium	2
separate	1
machinery	1
fireside	5
season	5
attention	9
jogged	1
painful	2
june	7
sincerest	1
outlive	1
stools	1
nation	3
laden	1
attempt	1
right	16
planet	1
social	2
review	2
duction	1
century	1
certainty	2
delight	1
scale	1
property	5
ghost	2
warfare	1
animal	2
minds	4
acclamation	1
roam	1
resided	1
trustingly	1
churches	1
resting-place	1
bullied	1
sacrifice	1
abatement	1
twin	1
who	126
reliable	1
waged	2
generally	9
fled	1
gambols	2
misgivings	1
bulk	1
desire	4
stars	1
idyllic	1
chamber	8
glossy	1
servant	1
victory	2
scar	1
womanhood	1
liberator	1
equity	1
shadow	3
given	9
stories.&quot	1
much	48
rights	3
sparkleberry	1
sibyl	1
vol	1
put	10
charges	1
continued	2
rightly	1
deny	1
informa	1
consciousness	1
large	15
proximity	1
our	107
fulcrum	1
writes	27
charm	3
trived	1
fear	7
giggles	1
well	49
representing	1
ill	2
cor	1
dread	1
instituted	1
obliged	4
broiled	1
grosbeak	1
frolics	1
protest	1
pleas	1
used	9
abnormal	4
claimed	2
science	1
distributed	1
hollow	1
divided	1
supported	1
comfortable	3
passive	1
triumphed	1
spiritualism	14
following	22
doom	2
psychology	1
stretches	2
asked	1
routes	1
cold-blooded	1
face	10
sins	1
swedenborg	2
varia	1
mingling	1
tomorrow	2
shrink	1
gestures	1
mightier	2
privileges	1
osgood	1
ored	1
latest	2
sparkling	1
orthodoxy	1
up	46
mediation	1
hereafter	1
smiled	1
breathless	1
furnished	1
rejoice	1
presenting	1
stay	3
haste	1
cry	1
secluded	1
evi	2
medical	1
obsolete	1
web	1
excited	2
task	1
golden	7
sisters	7
topics	1
centre	2
blood	5
labouring	2
watch	2
tartar	1
inta	1
octo	1
attempts	2
calvinistic	2
mistress	2
keeping	2
excessively	1
weak	1
jesus	2
establishment	1
draw	4
herfemme	1
carefully	1
satisfies	1
fascinates	1
cities	2
longed	2
worst	1
fault	1
favourable	2
host	1
press	1
weep	1
built	6
fying	1
line	1
compacted	1
accidentally	2
looked	3
divide.&quot	1
connecting	1
god	31
heroic	1
fremont	1
throngs	1
twenty-three	1
esting	2
loose	3
give	32
visit	12
spared	1
staying	1
sunny	4
orchard	2
beg	1
doorstep	1
refreshingly	1
cattle	1
ashes	1
unusually	1
address	3
becoming	2
grew	2
hypothesis	1
moved	7
grasp	2
kindness	2
left	14
believed	1
consistent	1
iris	2
tiring	1
upon	35
confidentially	1
lots	1
plane	1
stole	1
folk	1
lishers	1
tortured	1
from	193
suppose	5
theology	5
blessed	7
considered	2
crystallising	1
sumner	3
latterly	2
giant	1
remembered	2
happen.&quot	1
beneath	3
furnish	1
within	12
abnegation	2
drapery	1
outline	2
donna	1
keys	2
anni	1
replying	1
conversation	7
energetic	2
buffet	1
bouse	1
dinner	1
hopeless	1
consequences	1
till	12
dated	1
counsels	1
valuable	3
pencil	1
worked	1
key	1
unquestionable	2
arabic3digit	60
train	5
advance	3
triumph	4
select	2
respects	3
thankfulness	1
burned	1
recalling	2
advancing	1
shining	1
exodus	1
confounding	1
got	19
albion	1
mention	2
ma	1
nath	1
blackwood	3
scholarly	1
proceeded	2
aunt	6
accordingly	1
marseillaise	1
drinks	1
heap	2
constitutional	1
visits	4
slaves	10
briton	1
deaf	2
follen	1
sea	9
oldings	1
misfortune	2
inspiriting	1
tinue	1
structure	1
rank	1
robbery	1
hate	2
realise	2
na	2
inspired	1
write	24
uplifted	1
benefactor	1
rudeness	1
permission	1
vanity	1
dancing	1
rich	2
cabin	6
stockbridge	1
commune	4
wife.&quot	2
ambassador	2
confiding	1
belonged	2
jects	1
holes	1
slaveholders	3
sold	3
articles	4
creed	2
advertisement	1
dragged	1
ye	2
romannumeral	16
companies	1
hugged	1
scourged	1
ruleth	1
downstairs	1
latin	1
require	1
system	4
husband	22
bewildering	1
affectionately	3
craving	1
re	7
glimpses	2
home	28
importance	1
condition	3
told	21
reminiscences	1
granting	1
wished	2
burning	4
wonderful	10
exalted	1
turk	1
odours	2
shook	1
danger	3
thinks	1
public	13
disclosure	1
march	6
rec	1
sipping	1
lodg	1
works	5
lie	4
iniquity	1
racked	1
breeds	1
shaking	2
none	6
vir	1
glorified?&quot	1
tonight	3
foggy	2
rising	3
bene	1
dislike	1
issues	1
outlet	1
confidential	2
recently	1
infer	1
longer	6
marked	1
check	2
thoroughly	1
coming	5
circulated	1
read	54
problem.&quot	1
reminded	2
apparent	2
defend	4
congratulation	2
deceived	1
employments	1
justify	1
penses	1
removal	4
ardent	3
obtain	2
ary	1
effects	2
uneasiness	1
recapitulate	1
solemnity	1
wooing	2
roman	1
undertake	1
continuation	1
victim	2
prevented	2
acquired	1
7th	1
small	6
although	2
popular	2
storms	1
twelve	1
recall	3
observations	2
extremely	2
ages	3
past	11
whirling	1
compactly	1
fied	1
wading	1
velopment	1
la	1
observance	1
pastor	1
paradise	3
towards	6
christliche	2
regent	1
geikie	1
suddenly	3
one	130
hearth	1
fables	1
resist	1
nasty	1
celebrity	1
heeded	1
presented	2
cook	1
earthly	2
peaceful	1
openeth	2
odd	1
gloomy	2
luxuriate	1
weariness	1
erection	1
lenity	2
woods	4
particular	7
case	13
ruinous	1
paper	8
bounds	1
carried	2
whip	1
m	5
boys	3
selfish	2
ney	1
shall	34
edited	1
narratives	2
singular	4
followed	4
dance	1
heavy	4
fireboards	1
placed	3
said	29
armenian	1
may	39
nest	2
dashing	2
fared	1
blinded	1
vast	1
attributed	1
emancipated	2
overarching	1
paralytic	1
verts	1
arabian	1
october	4
illumina	1
leisurely	1
whatelts	1
stale	1
expected	7
refused	2
wand	1
patches	1
wards	1
period.&quot	1
embodied	2
fla	2
worse	1
produced	3
named	2
insist	1
varied	2
quarters	1
urged	1
boy	9
joyous	2
feeble	2
pusillanimity	1
distinguished	4
quarter	2
pride	1
west	8
cheerfulness	2
lilies	6
credible	1
merriment	1
coffee	3
others	11
serene	1
endure	1
breakfast	3
sometimes	12
shape	4
treatment	2
granted	2
moonshiny	1
leaves	12
cares	2
circumstances	8
malignants	1
improbability	1
with	323
spreading	1
among	22
his	171
finish	2
cannot	25
embracing	1
plying	1
alteration	1
understand	9
mad	1
english	15
beside	3
arabic2digit	36
arising	1
sprang	4
confession	1
erick	1
council	2
remember	18
resemblance	4
plantation	1
spinning	1
lest	3
nearest	2
down	23
smooth	1
higher	3
most	71
lessness	1
arises	1
diffuse	1
psychologist	1
afloat	1
seventy	1
fell	1
s&quot	1
expect	4
provokingly	1
dissolved	1
toughest	1
here	48
activity	1
walking	2
region	2
family	14
performed	1
reach	4
goethe	4
resorts	1
behalf	1
seldom	2
quiries	1
headedness	1
exquisite	3
odious.&quot	1
eighteen	4
dirt	1
leg	1
rushed	1
litera	1
something	15
gave	12
kept	7
freedom	6
vines	1
formed	2
peabody	2
perceptible	1
existence	5
bodies	1
exhilarating	1
satisfied	2
troubled	2
attitude	1
action	1
responsible	1
taken	10
greek	3
motive	1
guests	1
necessity	2
waters	1
entirely	5
taught	4
evergreens	1
squeak	1
instructive	1
vember	1
planned	1
taint	1
everything	8
now	85
nursery	1
animals	1
plume	1
arabic1digit	29
fixed	4
grown	3
controversy.&quot	1
bowing	1
closet	6
parade	1
globe	1
divesting	1
you	293
relatives	1
towns	1
garrison	4
grateful	1
kinder	1
pleasure	10
investi	1
messenger	1
imposed	2
whoever	2
tavern	2
touching	4
whose	22
easily	4
slave.&quot	1
secure	1
angel	6
essays	1
waning	1
facts	16
crosses	1
stump	1
mob	1
immortal	1
weird	1
stock	1
cycle	1
rugged	1
provincial	1
tak	1
infamous	1
forbearance	1
hesitate	1
dreamed	2
ning	1
encouragement	2
acres	1
mandarins	1
lamentation	1
allowed	2
journalism	1
secede	1
rap	2
basis	1
mystique	1
extinction	1
doughty	1
decision	2
nobleman	1
furious	1
files	1
drew	4
sings	1
lies	2
writing	20
contradicts	1
lord	13
legends	1
form	14
bred	1
sing	3
oppressive	1
parts	3
speaks	1
wars	1
socially	2
threw	2
shut	2
sufferers	1
clergyman	1
assembly	1
natural	5
placing	1
falls	1
disorder	1
except	11
underneath	1
literature	1
belongs	1
aim	1
acknowledges	1
ladies	1
belong	2
feared	3
life.&quot	3
father	17
selection	2
r	2
principles	1
guish	1
eng	2
hoofs	1
profoundest	1
parted	2
regard	10
westport	1
observation	2
abodes	1
great	69
we	186
harper	2
met	10
fronting	1
guiding	1
weather	8
conduct	2
instinct	1
picnicking	2
whatnot	1
rock	3
hiring	1
interpretation	1
devouring	1
possible	4
phoenix	1
devil.&quot	2
companion	3
all	206
top	2
infinite	1
keeps	2
narrow	3
bitter	3
very	81
regarding	4
stand	6
imaginable	1
where	43
moss	3
language	5
weave	2
beautiful	14
prayers	2
clouds	5
physiology	1
measures	1
beard	1
ride	1
members	2
quaker	1
icy	1
says	16
smith	1
largely	4
mistake	1
acting	1
wealth	1
heartfelt	1
picnic	1
prosy	1
lovely	14
regular	6
answer	6
wound	1
resented	1
orange	20
abuse	2
ignore	1
side	16
pay	1
leapt	1
worldwide	1
opened	3
man	51
egg	1
win	3
cotton	3
assumed	2
borealis	1
touched	6
effect	8
en	1
ra	1
evenings	1
adapted	1
prettiest	1
hut	3
provocation	1
brochure	1
interested	5
phillips	2
outraged	1
fallen	2
extraordinary	1
hails	1
mossy	1
apartment	4
sticks	1
career	1
attended	4
specimen	1
passion	1
resembling	1
position	3
sh	2
flor	1
interminable	1
admirer	1
blossoms	2
counsellor	1
fragmentary	1
fools	1
indignant	2
rots	2
married	1
representations	1
sages	1
habits	1
people.&quot	1
bitterness	3
befall	3
invitation	3
welcome	10
vows	1
succeeded	1
summoned	2
amusing	3
trimmed	1
some	73
germans	1
express	5
telegram	1
systematic	1
hoped	4
hawthorne	3
return	8
calvinist	2
visite	1
proprieties	1
possessed	3
snatched	1
eternal	5
substantial	2
common-sense	1
gener	1
speculate	1
death	17
engaged	4
arrangement	1
shillings	1
gathered	5
awing	1
time	63
call	6
flavour	1
richtung	1
resigned	1
overflowed	1
sorry	3
details	3
changed	1
quoti	29
hoss	1
excellent	1
extended	1
recognised	1
direct	1
snowy	1
spiritual	9
speedy	1
amp	3
example	1
jaw	2
worship	2
unites	1
cannas	2
deed	1
months	5
discover	4
tore	1
outrage	1
bank	4
corn	1
eliots	1
superhuman	1
gown	1
names	1
nobility	1
announced	1
ac	4
foliage	1
pluck	2
care	8
rife	1
reasons	2
hardened	1
finding	2
twenty-five	1
dailies	1
himself	15
insult	1
civilization	1
characters	3
fresher	1
selfishness	1
contemplation	1
endless	1
bodily	1
fond	2
hich	1
assure	2
schoolmates	1
growth	1
lis	1
abominations	1
mutual	1
plain	1
permit	2
south	15
rooms	4
december	5
truisms	1
beads	2
installed	2
useful	1
recommend	2
waving	2
ultra	1
actions	2
boiled	1
excellences	1
influence	9
enjoyment	2
partially	1
tell	15
critical	2
request	1
tect	1
perspiration	1
eine	1
imagine	3
sailors	1
overthrow	1
rashness	1
died	4
proclamation	2
joyful	1
christ	20
ture	2
worketh	1
impulsive	1
halt	1
singers	1
struggle	4
board	1
phenomenal	1
contented	1
studies	6
prudently	1
treating	1
realising	1
intervention	1
ago	9
engage	2
sentiments	4
hopelessly	1
burn	2
during	16
footed	1
note	9
slaveholding	1
tun	1
silence	6
experiences	6
miles	9
scientific	1
induced	1
odious	1
mrs	128
specimens	1
compared	2
alterin	1
completely	2
polls	1
confidences	1
familiar	5
hoarse	1
uncalculating	1
deemed	1
impolitic	1
plains	1
range	2
desolate	1
bluff	3
reckoning	1
consequence	1
leaks	2
tendered	1
living.&quot	1
water	5
velvet	1
suggestion	1
overcoat	1
riding	3
sible	1
vision	3
thirty	5
conceptions	1
supposition	1
vivacious	1
witnessed	1
insane	1
after	53
skilful	1
stomach	2
variety	1
relating	1
pick	1
menacing	1
preparing	2
portrait	1
greenleaf	1
therefore	4
local	1
ried	1
apologising	1
whither	2
blessing	2
capitol	1
doings	1
alter	1
she	127
tinkling	1
dark	6
culprit	1
changes	2
numerous	4
seventh	1
ban	1
marriage	2
graces	1
trunk	3
yellow	2
fatherly	1
sight	6
ritory	1
entreated	1
holmes	19
colonies	1
pleasantest	1
thirteen	3
erary	1
bull	2
candour	1
wrestled	1
groups	1
vindicated.&quot	1
twentieth	1
mortal	3
foul	1
inert	1
deliberately	1
various	7
weeping	2
helps	1
mess	1
brain	1
meets	1
spaniard	1
safe	3
pit	1
unnatural	1
lake	1
unlike	1
procedure	1
embrace	1
decorous	1
sensa	1
lack	1
island	1
qui	1
pilgrims	1
panel	1
should	49
cat	2
entered	5
har	1
election	1
tent	2
reverentially	1
instruction	1
editorials	1
pieces	1
satisfactory	3
better	13
stormed	1
concerning	4
bit	2
proud	3
tenderest	1
gift	2
fulfil	1
objectivity	1
occasion	7
elected	1
wakefield	1
pursuit	1
please	7
ligion	1
church	28
plainly	3
dur	1
distressed	2
clean	2
manner	8
drowning	1
record	2
seething	1
jus	1
sympathetic	3
sixteen	1
art	2
memoir	1
identified	1
adaptedness	1
servile	1
pity	3
crave	1
stated	4
sew	1
eye	5
per	6
insanity	2
joy	6
locality	2
means	6
heard	20
aid	1
explained	2
careful	2
assisting	1
aspect	1
an	126
declared	1
blooms	1
invasion	1
dartmouth	1
dispensation	1
nobody	5
throw	1
imagination	3
superstition	1
possess	2
lingers	1
savageness	1
acknowledgments	1
corresponding	1
visionary	3
deserve	1
ll	2
illustrating	1
unprofitable	1
thou	1
alone	9
union	6
teemed	1
remain	3
waves	2
effectively	1
corner.&quot	1
goodness	2
pleasant	14
instrument	1
flowery	2
regions	3
collect	1
became	6
fright	1
rare	5
stow	137
remembrances	1
plat	1
paths	1
legs	1
load	1
retain	1
rensselaer	1
children	11
crack	1
treat	1
awaken	1
beneficially	1
poets	1
distinctly	4
introduced	3
bowers	1
every	51
enabling	1
bolts	1
unthreshed	1
brethren	1
bought	1
tables	2
charmed	2
decline	1
lever	1
leisure	1
stoutly	2
passing	3
box	3
rattlesnakes	1
promise	2
dignity	2
chief	2
wife	12
weekly	1
revelation	2
person	9
ascending	1
angelic	2
workers	1
weeks	2
confess	1
keyhole	1
eldest	1
wave.&quot	1
mat	1
veranda	4
annoyed	1
prosing	1
wharf	4
supper	3
reducing	1
influenced	1
barely	1
hurt	3
noblest	1
walk	5
satis	2
unborn	1
sarcy	1
slanders	3
tasks	1
helped	3
papers	10
introduction	1
harsh	4
satin	1
broil	1
suspected	1
idea	9
negroes	7
pre	4
resistance	1
cold	6
awaiting	1
quotquot	5
reprinted	1
gree	1
crimes	1
proclama	1
advised	1
buchanan	1
town	8
hanging	1
gentlewoman	1
geography	1
stormy	2
ficial	1
sees	1
anomalies	1
attainable	1
smiling	1
curtain	2
brooding	1
feathery	1
humanity	2
at	171
hope	21
palms	1
quietly	1
alongside	1
state	19
principal	3
pronounced	1
disease	3
lished	1
seemingly	1
nel	1
lament	1
reputation	1
trowbridge	1
strike	1
nice	8
peaceably	1
dane	1
parting	1
relieve	1
quot	247
lighted	1
guileless	1
floated	1
attributes	1
floating	1
versy.&quot	1
each	24
fog	1
tolerance	1
enjoys	1
cap	1
july	5
dream	5
sermons	3
afraid	6
dependence	1
own	40
portion	6
raising	1
pou	2
cloud	8
industriously	1
accusation	1
ascribed	1
sake	6
striking	1
lining	1
merit	1
git	3
fellows	1
fern	1
self-denial	1
prattle	1
congress	1
act	9
humble	1
changing	2
adjoining	1
plot	2
stooped	1
offer	5
seasons	1
native	2
nights	1
money	7
mimic	1
atlantic.&quot	2
delicate	2
spirits	14
prayer	4
mingled	1
worthy	2
ville	1
inferno	1
arriving	1
lips	2
slow	4
middle	3
duke	4
interweave	1
whereat	1
me	212
tinues	1
firm	2
closely	2
serpent	1
queen	2
benefit	1
prepares	1
prospect	1
notable	1
consider	5
dine	1
desisted	1
severe	1
vote	1
feet	8
glow	1
uncontrollable	1
explain	1
neck	3
chained	1
command	1
spake	1
jacksonville	1
accuse	2
destructionists	1
hen	1
buys	1
em	2
share.&quot	1
formerly	1
impelled	3
welcomed	2
arm	2
dwell	1
fullness	1
material	6
calamity	1
counsel	1
repeated	2
affinities	1
associations	2
nervous	3
phase	1
surface	3
independence	3
increaseth	1
shores	4
accident	1
fury	3
useless	1
flesh	2
undoubtedly	1
hardest	1
passage	1
letters	25
dull	3
hand	13
scene	5
relate	3
eyes	11
earnestness	1
try	3
out	66
forces	2
die	4
accepted	2
way	29
hands	12
mailed	1
birds	3
soothed	1
implicit	1
open	14
incoherent	1
congratulatory	1
steamboat	1
qualified	1
yielding	1
verstdndige	1
ardour	2
verandas	1
documents	1
related	4
testament	1
f	5
known	9
mature	3
miss	5
unworthy	2
her.&quot	1
groundless	2
mall	1
volumes	5
wrote	13
before	41
contended	1
somehow	1
extending	1
trot	2
tion	8
kinds	3
echoes	1
settled	3
conscience	1
claflin	1
sunday	9
suggestive	2
litre	1
goodbye	4
domestic	3
rules	1
us	63
pathology	1
thun	1
composed	1
determination	1
evening	13
secretary	1
huge	1
brief	1
attestation	1
jet	1
bunyan	1
nap	2
essentially	1
occur	1
afflicted	2
descriptive	1
effort	5
philosophical	1
ministry	1
pony	1
refer	1
until	10
steadily	1
boarding	1
attempted	2
stoop	1
lingering	1
thinking	8
supports	1
returned	2
there.&quot	1
absurd	2
beats	1
unprincipled	1
barbaric	1
decidedly	2
preacher	1
phenomena	6
excitement	1
acquiring	1
belle	1
sin	3
drove	2
of	1318
dreamy	3
illness	1
success	4
clings	1
these	57
responsibility	3
size	2
bedroom	2
researches	1
suspends	1
reported	1
plexing	1
purchase	1
audible	1
beuve	2
swear	1
decisive	1
played	1
theological	1
more	99
fears	2
year	23
surely	4
appreciative	3
honoured	3
roundly	1
question	9
pillow	2
swallow	1
begin	8
impulses	1
buy	1
scious	1
mostly	1
cockroaches	1
roughness	1
things	24
appproached	1
immense	4
unthinking	1
happens	1
depravity	1
youthful	2
lastly	1
fest	1
peculiarity	2
early	14
arched	1
drink	1
wilt	1
retrospect	2
breath	1
mentis	1
images	1
minute	2
sen	1
rests	1
solitary	1
like.&quot	1
conspiracy	1
hung	2
almost	19
capable	1
degree	3
absorbed	4
amount	2
phrase	1
mark	1
succeed	2
advantage	1
progress	3
memoranda	2
voice	8
teeth	1
job	1
applaud	1
blow	3
decide	1
responding	1
genuine	1
name	8
torture	1
passengers	1
psychic	1
the	1751
enterprise	1
friends	29
positively	1
protecting	1
sliding	1
purity	5
precious	1
flowing	2
debatable	1
solitude	1
acted	1
defending	1
plantations	1
without	36
pen	2
rude	3
bottom	1
seventeen	1
desires	3
older	2
annual	1
rattlesnake	1
appointed	1
h	19
soul	12
next.&quot	1
miracles	2
modified	1
seem	10
withstanding	1
objects	7
phelps	1
link	2
speedily	1
establish	1
associating	1
flowering	1
away	22
contains	1
snow-white	1
ened	1
qualities	2
british	2
supposed	2
gins	1
broke	2
vagrant	1
unsparing	2
voluntary	1
remainder	2
step	4
habit	3
well-known	1
subjects	6
sweetness	1
falsehood	1
profitable	1
bosom	1
swaying	2
sutherland	1
tears	4
bursts	1
confirming	1
discouraged	1
vague	1
uncomfortable	1
trances	1
longing	3
bishop	3
pare	1
falsified	2
troubles	1
progressive	2
boyhood	1
rival	2
indeterminate	1
men	20
movements	1
sickness	4
antislavery	3
precision	1
redeem	2
rectory	2
opinion	9
ivories	1
lowing	1
hampered	1
rom	1
limit	2
mind	31
instalment	1
dictated	1
impression	1
chinese	1
united	2
depressed	1
energise	1
ings	3
respect	3
dig	1
carriage	3
gained	3
duchess.&quot	1
enchanted	1
idiots	1
awe	2
platform	1
tinkerin	1
sneer	1
gaze	1
distinct	5
laid	3
recite	1
sympathies	1
tunnel	2
beauties	1
ears	3
furiously	1
goings	1
look	5
forms	5
antics	1
writhed	1
literal	1
associated	1
circle	7
aperture	1
fancy	3
landlord	2
pul	1
supernaturalist	1
mornin	1
ecstasy	3
sudden	2
fair	2
earth	12
footsteps	2
original	5
junior	1
thousands	2
solemn	2
yourself	11
fatiguing	1
green	6
faces	4
then	59
tive	1
patriarchal	1
rains	2
cheap	1
scheme	2
unpopular	1
favourite	3
habitation	1
glorious	3
bells	2
stories&quot	1
number	7
deductions	1
owner	1
happier	1
saw	22
expressly	1
steam	1
truly	5
sented	1
pianist	1
inverary	1
congregational	2
hypocrite	1
scarcely	3
keeper	1
plants	1
wisest	1
piazza	2
afar	1
growing	3
unanimously	1
surrounding	1
trembled	2
enamelled	1
novelist	1
experi	1
emigration	2
avoid	1
buttons	1
shade	2
rafters	1
thirteenth	1
ring	1
curious	9
removed	3
col	3
inquiries	2
thirty-two	1
departed	1
born	6
occasionally	1
wanted	4
space	2
prisoned	1
burdensome	1
inspiring	1
bass	3
balls	1
powers	4
characteristic	2
excite	1
verses	2
observing	2
heartbreaking	1
statements	3
negro	9
asleep	1
convey	1
busying	1
loveth	1
that	462
supernatural	2
lifts	1
motherhood	1
faithfully	5
strict	2
usurpation	1
enclosed	1
always	35
would	85
supplement	1
scholar.&quot	1
dence	1
beyond	6
publie	1
carriages	1
professing	1
minister	9
lows	1
realised	1
tremendously	1
styx	1
king	3
priceless	1
thousand	7
perkins	1
order	9
emancipation	6
unavoidable	1
dependent	1
articulate	1
co	4
parlour	1
wipe	1
visibleness	1
discouragement	1
earnestly	2
teapot	1
stirs	1
contrary	4
heirs	1
provided	1
behind	2
translation	3
conceived	1
filling	1
thread	1
sampson	1
proof	3
dwellings	1
type	1
profession	1
in	745
chain	3
armies	2
religious	10
days	21
tender	3
around	10
windows	2
loud	1
recommended	2
reserve	1
literati	1
wrongs	2
flint	1
glove	1
probabilities	1
devil	2
injurious	1
change	3
relentless	1
apostles	1
daily	3
recognise	1
polite	1
darin	1
keep	15
peculiarities	1
procession	1
shows	2
unselfish	1
escaped	1
studied	1
thoughtless	1
quaint	3
deserter	1
interpreter	1
jew	1
handle	2
counts	2
limits	1
widely	1
once	23
s	178
school	7
unhappy	3
ceeded	1
opportunity	4
ourselves	3
found	20
row	2
fifty	4
inimitable	2
redbird	1
tonne	2
neatly	1
displaying	1
combination	1
wondering	1
receding	1
characteristics	1
forbidden	2
tea	2
exigency	1
arabic5+digit	4
latter	3
old	57
firmament	1
vexed	1
master	4
tual	1
shah	1
thanksgiving	2
contrivances	1
bluish	1
ah	6
proposed	2
allusions	1
wave	1
magnified	1
nant	1
winter	19
easiest	1
too	26
designed	1
et	1
degrees	2
idea.&quot	1
hell	2
kindred	1
low	6
cul	1
plead	1
blooming	1
reeled	1
everywhere	4
insight	2
elicited	1
midst	4
railway	1
fittingly	1
ukraine	1
eternity	3
poems	5
fruited	1
bureau	2
noticed	1
recovered	1
hypotheses	1
usual	8
travel	3
clearest	1
gathering	1
across	4
fireboard	1
strength	11
history	20
outcast	1
view	8
occupy	1
hume	2
anonymous	1
seizes	1
mayflower	1
sticking	1
equally	1
event	2
quantity	1
bayonet	1
reverenced	1
bein	1
seventieth	2
consequent	1
marvellous	2
objective	1
flowers	10
withdraw	1
reliance	1
superb	2
o	15
lit	3
struggling	2
laying	1
blind	2
strings	1
ceive	2
resolved	2
rational	3
play	1
submission	1
suicide	1
shortcomings	1
unmistakable.&quot	1
refreshment	1
creature	1
dale	3
transcendent	1
circulation	1
affinity	1
census	3
lovingly	1
lay	8
neglected	1
trap	1
editing	1
captivated	1
neighbours	3
sympathy	14
tastes	1
ratified	1
repast	1
loveliness	1
rough	1
collection	2
reason	5
garret	1
standard	2
rampant	1
than	71
4th	1
marvels	1
alludes	1
tactic	1
faction	1
safety	1
affecting	2
veneration	1
daughters	11
reasserted	1
surrendered	1
single	1
feat	1
charming	5
avowed	1
execution	2
episcopal	4
unaccountable	2
quota	3
fairies	2
under	22
stilling	1
seeking	2
grotesque	2
amusement	1
certainly	7
unfortunate	1
attested	1
field	2
est	2
daguerreotyped	1
dress	1
butler	1
steady	4
former	1
pumice	1
sign	1
n	11
tinued	1
are	148
bruin	1
finished	5
birchen	1
ready	5
loving	10
impossibilities	1
lock	1
approbation	1
hap	1
kemember	1
anybody	1
folks.&quot	3
propriety	1
cious	1
carry	4
heaven	8
pictured	2
aged	1
storm	3
were	136
modest	1
mighty	2
newman	1
diffident	1
insatiable	1
boards	2
ship	3
distinctness	1
honour	3
blackberries	2
cautioned	1
essential	1
sides	4
residuum	1
reduced	1
quotation	1
contradicted	1
restful	2
scatter	1
cabins	1
second	5
for	248
already	8
started	1
bathe	1
calamitous	1
warm	10
dearest	1
image	4
rustling	1
fledged	1
priory	4
lege	1
mundane	1
anomalous	1
classified	1
popularity	1
grandmother	2
dreaded	1
leave	10
mountain	1
gravity	1
inquiry	2
to	1011
february	4
raised	6
nothings	1
revolters	1
incomplete	1
library	4
peeped	1
learn	3
gain	2
quivering	1
oppressed	2
advocate	1
foreign	1
heartily	2
presentiments	1
place.&quot	1
needs	3
planter	1
sequel	1
impossible	3
striven	1
dat	1
lected	1
christmas	3
alike	2
exquisiteness	1
despising	1
gotten	1
desired	1
measure	1
tional	1
advice	3
sinning	1
government	5
period	4
list	3
information	1
mented	1
imputations	1
bracing	1
alarm	4
prominent	1
downward	1
late	3
depredations	1
hours	7
hymns	1
trotting	1
or	109
continuously	1
spider	1
crown	3
afflictions	1
fellow	2
uninteruptedly	1
like	54
nowheres	1
liable	2
beecher	10
developing	1
sink	3
conditions	3
frightful	2
pot	1
industrious	1
throws	1
unable	1
abusing	1
friend	40
tempered	1
plaster	1
spirit	20
company	4
toward	3
giveth	1
accents	1
parents	4
descriptions	1
acterizes	1
bipeds	1
afterwards	4
phi	1
picture	4
grace	2
ivory	1
certain	7
outside	1
pelled	1
offered	2
wants	4
unwilling	1
fully	5
trance	1
upward	1
as	331
embarrassed	1
devout	3
episcopalians	1
students	1
difficult	3
perceive	2
however	17
constitutionally	1
chaucer	1
forbade	1
gives	5
reverential	2
charity	5
endeavour	3
follow	7
perfume	1
uniform	3
nence	1
applying	1
worth	11
waifs	1
gleams	1
fate	1
softly	1
study	7
spoke.&quot	1
bloodred	1
fix	1
professional	2
scenting	1
theorist	1
er	2
save	3
purpose	4
votaries	1
reserved	1
so	129
mountebank	1
them	106
fearful	5
apex	1
waked	1
dearer	1
took	20
receive	3
weight	2
unfair	1
pile	1
worriment	1
indescribable	1
soothe	1
scholar	3
obscure	1
knew	15
lost	9
pale	3
real	15
bullfrogs	1
takes	4
beauty	6
delirious	1
smart	1
folks&quot	1
intermitted	1
realities	1
coiling	1
mis	2
ear	4
fame	2
dockyard	1
him.&quot	1
talks	2
figure	2
fiend	1
reads	1
truth	16
starlight	1
teaspoonful	1
contain	1
rolling	1
visiting	1
ten	7
instigated	1
able	8
lets	1
misunderstanding	2
acquaintance	3
nigh	1
hidden	2
hades	1
hidalgo	1
priate	1
threescore	1
combines	1
magnetic	1
appreciated	1
becomes	1
really	10
quiet	10
winds	3
night	26
pumpkin	1
inflexion	1
determined	2
excitable	1
raged	1
either	8
growths	1
test	1
malchus	1
pros	1
ence	2
pebbles	1
september	5
mistakes	1
captive	1
numbered	1
impress	1
minutely	2
ously	1
snow	2
seen	19
few	27
individual	3
convicted	1
marched	1
beatitudes	1
dumb	2
humility	1
famous	2
noted	3
converts	1
ash	1
fellowship	5
merely	4
verity	1
wickedness	2
tax	1
serious	2
charlatanerie	1
disagreeable	5
indisposition	1
communion	7
male	1
languor	1
necks	1
paint	1
federal	1
char	1
nonenity	1
travelled	4
topsy	2
crevice	1
long	42
quainted	1
fluential	1
suffer	1
signs	3
hearts	2
was	325
calhoun	2
suffice	1
endeavouring	1
promi	1
half	10
wisely	1
lease	1
branches	3
pollutes	1
frequency	1
frenzy	1
ought	4
log	1
adventures	2
get	21
argyll	3
untrustworthy	1
anxiety	3
occurred	3
course	15
examines	2
stoned	1
spices	1
reckons	3
alry	1
betoggled	1
forth	14
sang	1
republished	1
saint	3
strokes	1
strongly	2
y	1
shakespeare	1
today	8
isles	1
ceteras	1
spread	3
memories	4
mead	1
renew	1
desponding	1
boat	1
hitherto	3
sixteenth	1
tale	1
ternal	1
complete	2
mail	1
often	14
can	49
know	35
gratitude	1
ground	8
ill-bred	1
t	24
stain	1
absorb	1
nor	13
sphere	4
liberal	1
positive	1
munching	1
clergy	2
tend	1
getting	4
seeing	5
realisation	1
diablerie	2
holy	2
party	10
landscape	1
near	15
show	4
stinging	1
dogs	2
agassiz	1
amazement	1
set	13
greatest	1
ferry	1
consulting	1
disappeared	1
hoe	1
source	1
meanwhile	1
continue	3
evidently	1
subtle	1
injured	1
homage	1
ejacula	1
bear	6
willow	1
paid	3
delicacy	2
building	2
connivance	1
cheated	1
infamy	1
eloquence	1
beckoned	2
unconsidered	1
chance	1
countenances	2
revealings	1
chairs	1
altogether	2
weakened	1
gradual	2
sit	3
esteem	1
pines	4
entire	3
clearly	2
arrived	4
choked	1
several	6
item	1
anv	1
papaw	1
con	15
warn	1
quaintance	1
elementary	1
fested	1
liberating	1
fine	5
feelings	7
sympathise	3
damned	1
plotting	1
pounds	2
redressing	1
suffrage	5
respecting	1
readiness	1
proved	2
sketch	2
faded	1
imagined	1
thrill	2
conclusion	2
wash	1
abiding	1
filing	1
missions	1
still	22
woodland	1
only	46
usually	2
disbelieved	1
ercharged	1
posed	2
doubt	10
hu	1
proposition	1
temptation	1
seminal	1
instruments	1
clothes	1
neutrality	2
calm	5
wanting	1
meeting	4
fill	3
brightest	2
sensibly	1
palmetto	5
tidiness	1
silver	1
vicinity	1
shaded	1
passed	10
heaped	1
dropped	1
mobs	1
spring	5
different	10
observer	1
fat	1
harpers	1
offend	1
talk	9
cause	15
stimulus	1
prevent	1
full	21
sitting	6
genera	2
perfectly	8
wait	3
slowly	2
hole	1
arose	2
explanations	1
glorified	1
pairs	1
mother	23
remunerative	1
unfinished	3
gesture	2
overrated	1
luxury	1
close	7
belgians	1
asunder	2
fret	1
female	2
enter	4
lady	41
actual	3
nestles	1
prophecy	1
painted	2
engraving	1
equal	2
climate	1
questioning	1
singing	3
another	26
sits	4
sung	2
lecture	1
vandyke	1
resolute	1
serial	6
honestly	1
protector	1
communicate	1
receptions	2
monthly	2
spicy	1
won	2
visited	4
extinct	1
usurpations	1
lunch	3
tubes	1
seminary	2
accurate	4
giving	5
pages	2
oh	7
student	1
sonally	1
shrubs	1
villas	1
chant	1
gets	2
feminine	1
fitchburg	1
portions	1
cream	1
reaches	1
true^y	1
dutchman	2
peevishly	1
winter.&quot	1
undergoing	2
belt	1
considerable	3
adhered	1
lishing	1
peeping	1
daytime	2
meek	1
fig	1
birth	3
horses	1
lessons	1
height	1
count	1
date	2
fills	1
foam	1
beam	2
gations	1
unto	2
witness	2
bilitate	1
meagre	1
reared	1
losophy	1
unfriendly	1
lath	1
docile	1
sun	2
strayed	1
soberly	1
bubbles	1
distrustful	1
unearthly	1
bridgeport	1
bacon	4
dry	2
credulous	1
phantoms	11
feed	1
advantages	1
sheets	1
gracious	1
desiring	1
dreadful	6
bravely	2
largest	1
strife	1
ness	5
mar	1
lowly	3
on	206
statement	3
inability	1
adams	4
excluded	1
intimate	1
previous	1
soon	12
whenever	5
tyrannic	1
cultivated	1
limbs	1
chiv	1
snowbanks	1
savour	1
conquered	1
corporal	1
grandly	1
southern	8
gothic	2
fervour	1
head	17
clearness	1
citizens	1
undress	1
sympa	1
reverence	2
experiments	1
rolls	2
somewhere	2
namely	4
consultation	1
imprison	1
aristocracy	2
exhibition	1
physiological	1
terrible	4
world	35
publishers	1
carrying	1
tempera	1
retreat	1
expenditure	1
intervals	1
husbands	1
acquaintances	1
land	19
celebration	2
mischievous	1
cedar	3
languages	2
north	20
ensued	1
phases	2
unlimited	1
motives	3
inches	6
dogberry	1
sad	4
demanded	1
principle	1
consequently	1
audience	7
according	2
going	18
virtue	2
coat	1
admired	1
merciful	1
pres	1
called	18
tures	2
farm.&quot	1
message	1
doctor	8
published	6
occurrence	1
choice	1
evil	4
teen	1
convent	1
jolli	1
springing	1
sensations	1
trial	11
stealing	1
wo	1
complaisance	1
whelmed	1
anything	19
muff	1
iron	4
suburbs	1
remarks	4
glory	2
publish	1
port	1
bare	2
country	13
meadow	2
questioned	1
thriving	1
totally	1
tues	1
placename	242
draped	1
evident	2
morse	1
caring	2
nine	2
dissolving	1
priori	1
helper	2
poet	2
enormous	2
night.&quot	1
publishing	1
comfortless	1
devoutly	1
mists	1
reign	1
introduce	1
shades	2
eden	1
vocal	1
guaranty	1
sat	4
owing	2
resting	1
prove	8
cave	1
invited	3
slavery	19
grant	3
biography	2
time.&quot	1
conducted	1
boccaccio	1
held	6
overhead	2
free	6
people	39
profound	3
sports	1
reunion	1
distant	1
professorship	2
rochdale	1
hard	5
meadows	1
tongue	2
piece	1
ed	1
absence	1
tending.&quot	1
brought	13
entrance	2
pulpit	1
appro	1
sweet	12
beecheb	1
lore	2
journey	7
funerals	1
reception	3
instead	4
rumbling	1
sorrowful	1
complicity	1
fraction	1
settle	2
any	67
when	98
leaved	1
your	128
fly	3
wronged	1
secretly	1
arouse	1
smiles	1
standing	2
heart	26
chimney	1
feel	27
ephemeral	1
broad	3
horror	3
stop	5
years	47
attached	2
foreman	1
guilt	2
agreeable	2
notwithstanding	1
upper	3
flection	1
crept	2
drollery	1
informed	3
recusants	1
interests	1
taste	1
thrown	4
matter	16
particularly	5
energies	1
deliver	1
lecturing	1
doors	3
stimulated	1
grotto	1
nationality	1
looking-glass	1
sufferings	1
harm	1
quality	1
ve	3
handkerchiefs	1
anguish	2
affectionate	4
laurels	1
ments	1
us.&quot	2
snoring	1
goos	1
heavenly	4
lane	1
untold	2
injuries	1
assist	1
affection	3
entertainment	1
grove	12
point	12
existed	1
lace	1
weu	1
containing	3
delights	1
kitchen	7
evermore	1
brutus	2
march.&quot	1
sensation	2
guest	1
seized	2
relied	1
answered	2
counted	1
seamstresses	1
deal	6
aspects	1
criminals	1
uncontradicted	1
nevertheless	2
why	9
currency	1
bright	17
addition	3
lines	2
cuts	1
go	26
maga	1
respond	3
madame	1
cerning	1
german	4
sense	15
wrung	1
special	3
tians	1
possibility	3
indeed	6
advertised	1
primitive	2
pitiless	1
chase	1
yield	1
revolting	1
etude	1
readings	3
braced	1
shameless	1
produce	1
doctrine	2
knowing	7
falsity	1
deepest	1
discus	1
provoked	1
spiritism	1
broken	3
cynically	1
ahead	1
warrant	2
pussy	1
leader	1
begins	1
many	42
main	4
clad	1
regardeth	1
serves	1
lot	4
talkings	1
foot	4
knows	2
advocated	1
dignation	1
doubting	2
valued	2
goes	5
orna	1
tributes	1
thus	10
summer	11
end	8
stigmata	1
vacations	1
expressions	1
imposture	1
dog	3
centuries	1
undressed	1
capacity	1
airy	1
manned	1
wonder	2
casts	1
contribution	1
damage	1
friendship	3
peer	3
commit	1
recedes	1
bad	1
shore	4
alternately	1
aware	1
rest	12
condemned	1
etc	4
occasional	2
misgiving	1
energy	2
experiment	2
pendent	1
acknowledging	1
blessings	1
description	3
hers	2
incidentally	1
lamented	1
body	7
station	1
dense	1
hang	2
false	3
seemed	27
signed	1
climbs	1
endow	1
foxes	1
sent	10
shame	1
become	5
gradually	3
response	2
revelations	2
derously	1
reality	3
hated	1
inadequate	1
girls	1
eighty	1
petition	3
ways	2
musicians	1
almighty	1
moloch	1
bring	15
millions	2
april	4
mentioned	1
imaginations	1
convictions	1
begged	2
folded	1
intrinsic	2
pine	1
wake	1
taking	4
mills	1
child	5
unpleasant	3
pleases	1
conflict	4
hostility	1
wrath	1
seas	2
shockingly	1
westward	1
debate	1
cape	1
dently	1
affirmatively	1
spoke	5
varnished	1
hair	2
sensational	1
tones	1
anger	1
mood	1
commonplace	1
lawson	3
appetite	2
olive	1
weary	4
catch	2
dom	1
twenty	3
beings	5
courtesy	1
suppliant	1
fatal	1
struck	2
human	13
tricks	2
channel	1
professors	1
glimpse	5
possession	1
pass	1
shred	1
contortions	1
considerably	1
subscribe	1
nothing	20
glisten	1
private	3
tells	2
laymen	1
final	3
joys	1
reviewing	1
playing	1
robes	1
tranquillizing	1
countess	1
bunch	2
socialists	1
begun	6
journeys	1
enclosing	1
graceful	1
devotes	1
historical	1
dear	60
affairs	2
theme	1
genius	2
acknowledged	1
jist	1
angry	1
brothers	3
industry	1
courage	4
wholesome	1
beset	2
turning	1
permitted	1
indelibly	1
q	2
tribe	1
serials	2
ance	2
gliding	1
mountains	1
approve	1
defenceless	1
beans	2
agonising	2
boat.&quot	1
depend	1
carts	1
sons	4
beds	2
species	1
witnesses	2
regenerated	1
frankly	1
habitual	2
waltham	2
bates	1
joyousness	1
prima	1
spanish	1
pose	1
unending	1
behold	1
city	2
attracted	1
follies	1
serf	1
contemplate	1
mandarin	22
pottage	1
properly	1
comprised	1
vain	2
unrivalled	1
moment	6
arab	1
painting	3
appears	1
ample	1
fiction	4
struggled	2
discontented	2
compelled	2
million	1
venting	1
chapter	6
ceilings	1
along	3
baptist	1
planting	1
postoffice	1
poem	2
steamer	1
gospel	1
anniversary	1
beflowered	1
comparative	1
opera	1
writ	2
trusted	1
lean	1
inward	1
reached	4
which	197
creepers	1
choose	3
lead	3
little	76
emancipate	1
betraying	1
liamentary	1
chelsea	3
lecturer	1
competent	2
sayings	1
afternoon	5
somewhat	5
foundation	2
grow	6
yond	1
dare	4
best	17
window	5
talmud	1
dos	1
increasingly	1
virulent	1
crime	2
location	1
scattered	1
speak	5
obstructed	1
bonds	1
letter	62
brings	1
corner	4
pour	1
console	1
its	43
consultations	1
appeal	1
memorable	1
bor	1
notice	6
melting	1
neatness	1
efface	1
rafts	1
mayor	1
sky	1
price	1
prophet	1
benediction.&quot	1
contact	2
running	2
fathers	1
gone	24
reform	1
drawing-room	1
sadly	2
self	10
shortness	1
undertook	1
story	26
worthlessness	1
court	2
houghton	3
arrangements	1
blockade	1
reverently	1
forswear	1
hotel	7
perplexing	1
baby	2
increased	1
persian	1
elder	3
uneasy	1
physical	3
hour	8
lisher	1
tried	3
expression	3
western	3
dickens	1
gary	1
value	7
hopes	8
adequate	1
sending	4
quickly	2
eager	3
senses	2
nar	1
i	750
ting	4
taining	1
endured	1
professor	27
natick	2
inde	1
sect	2
setting	2
autumnal	1
goerres.&quot	1
dying	2
coast	2
exceedingly	2
thinker	1
emotion	3
twelfth	2
been	108
slander	1
amazing	2
looking	12
saddened	1
happy	11
blown	1
appearances	1
expediency	3
dred	3
honest	5
plaints	1
vantage	1
bygone	2
enjoying	1
disregard	1
determine	2
modi	1
distracted	1
ment	2
distances	1
fellow-feeling	1
relations	2
dawn	2
wings	2
cheered	1
investigation	2
cruel	1
sorts	7
attractions	1
disagreeables	1
tearing	1
direction	2
migratory	1
bearing	4
fur	4
clasp	1
propagated	1
pair	1
sermon	3
smit	1
swede	1
visitors	5
persistence	1
envy	2
messrs	1
by	155
waiting	4
crutches	1
suggested	1
article	11
navy	1
lonesomeness	1
pilgrim	1
immediate	5
reversed	1
whatever	4
scholarship	1
stew	1
queen.&quot	1
benedictions	1
slice	1
wishes	3
plenty	1
ida	1
scattering	1
thoughts	6
presume	1
conscious	1
inter	4
delivered	1
seriously	1
archimedes	1
deacon	2
lively	4
sketches	2
purchased	1
french	3
incident	5
content	1
boundary	1
fitted	1
thoughtful	3
dusky	1
accomplish	1
cruelties	1
investigating	2
blacks	1
consternation	1
prevalent	2
sick	2
promises	1
replied	4
hat	2
natures	2
pilgrimage	1
coloured	5
banter	1
chorus	2
arms	2
intellectual	3
root	1
meads	2
square	1
irritation	1
scoffed	1
sufficient	1
they	132
rum	1
captain	2
photographs	1
age	7
sufferer	1
exigencies	1
peeps	1
ancient	1
threats	1
spotted	3
retentiveness	1
mosses	1
shaped	3
terror	2
pure	4
meant	2
whom	27
christians	4
suffered	3
times	10
fondest	1
generation	3
lt	4
regret	1
manifestation	1
stopped	1
schoolhouse	4
dr	17
tour	7
practice	2
sisted	1
banks	1
delicious	1
ognized	1
tened	1
peace	4
stricken	2
erroneous	1
hot	1
misfortunes	1
mercially	1
ern	2
injury	3
tempestuous	1
framingham	3
willing	1
interview	4
homes	1
admit	3
astonished	1
westfield	1
radical	2
greatly	2
ties	1
policeman	1
faith	5
pur	1
break	2
vacation	1
taller	1
waist	2
troversy	1
darkened	1
suffering	6
diffidence	2
chronological	1
preached	2
frenchman	1
sanity	1
indication	1
arabic4digit	99
cottage	10
redeemed	3
packing	1
believing	2
efficient	1
psychological	5
arranging	2
repeat	1
labrador	1
twice	1
finally	3
elevate	1
do	68
run	7
agent	1
unwavering	1
working	3
month	2
winters	1
annihilation	1
tallahassee	3
affect	3
younger	1
similar	3
wore	1
amiliar	1
work	32
movement	2
turn	7
appearing	1
valiant	1
mild	1
calmness	3
wonders	1
trip	2
unknown	3
finds	2
entitled	2
gulf	1
infant	1
extracts	4
place	41
intimately	2
shouts	1
kiss	1
purr	1
shoulders	3
if	66
hold	8
stare	1
melt	2
force	4
establishing	1
sadness	1
sturdy	1
contrast	1
slanderers	1
create	1
oak	1
pretty	10
supreme	1
sceptre	1
soft	1
successive	1
seared	1
ist	1
prevailing	1
needed	5
fits	2
resent	1
rather	13
estab	1
hatchet	1
journals	1
music	2
fanciers	1
drop	3
recorded	1
privilege	2
creeping	1
judge	6
loss	3
jealousy	1
adoring	1
pause	1
discussion	2
recollection	3
murmur	1
he	183
dreary	2
visible	4
walnut	2
looks	11
union.&quot	1
bow	1
compare	1
souls	5
remembering	1
sharp	2
linked	1
intently	1
earning	1
stone	6
talkative	1
overlooking	1
allow	5
thick	3
nobody.&quot	1
bold	1
mothers	1
defiance	1
sepulchre	1
withdrew	1
jarring	1
relief	2
fatigue	4
girth	1
conceive	3
sixty	6
apt	2
directing	2
violence	1
ling	1
same	25
deplore	1
fifteen	2
hasten	1
experience	11
other	45
humour	2
thrice	1
mercy	1
roller	1
makes	8
oftener	1
fighting	3
exquisitely	1
locate	1
juggle	2
trees	8
virgin	1
difficulty	2
incredible	2
differing	1
sleep	5
reviews	2
babe	1
practical	1
escape	2
lifted	2
fol	2
into	63
lover	1
involved	2
approached	1
represented	1
abstract	1
terrapins	1
infernal	1
judgments	2
speaker	1
par	2
cast-off	1
thy	3
tions	1
versation	3
zines	1
prominently	1
throbbed	1
nicely	1
worn	1
hymn	1
mani	2
occasioned	1
but	172
subjected	1
concludes	2
possibly	1
moist	1
appeared	6
perhaps	7
ical	1
confirmations	1
had	171
branch	1
mine	11
spelled	1
accused	1
ideal	4
women	6
bestead	1
mutter	1
jest	1
mysticism	1
overtaxed	1
practically	1
obtaining	1
disposed	2
literary	15
first	48
bench	1
chapters	1
eminent	1
depended	1
hunger	1
nozzle	1
fay	1
proportion	2
san	1
stirring	1
tumbledown	1
wits	1
butter	1
option	1
throughout	2
ascribe	1
curiosity	2
justification	1
college	1
anglo	1
inquire	3
sorting	1
midnight	1
rev	5
frame	3
circles	3
even	20
sorrowing	1
loved	5
wages	2
slaves.&quot	2
attachments	1
sweetest	1
restore	2
exhibited	5
experimental	1
pealed	1
derived	2
annihilated	2
such	63
thicker	1
grated	1
suspect	1
ceased	2
pressure	1
life	78
daughter	2
come	34
difference	5
lately	3
empty	2
hearty	2
diameter	1
leading	2
forced	2
ex	9
treated	2
gn	1
directly	8
sword	1
car	2
honesty	2
colt	1
population	2
harmlessness	1
bits	1
tick	1
fairly	2
massive	1
cheering	3
cosy	1
admitted	2
rolled	2
panting	1
describes	1
expanse	1
pinch	1
ceases	1
refuses	1
admis	1
grandchildren	2
horns	1
gay	4
surroundings	1
sweetly	2
involve	1
homely	1
abolition	5
rubbed	1
clear	2
assigns	1
seat	1
crossed	1
how	40
sublime	1
sufficiently	2
repulsive	1
northern	8
nucleus	1
scathing	1
delightful	5
continually	2
mended	1
thin	3
and	1432
air	18
deeds	2
frequently	3
intensely	2
meet	6
motley	2
lews	20
benignity	1
sails	1
flaring	2
stands	1
sugar	1
puts	1
de	10
dam	1
figures	1
uncommon	1
despondency	1
a	736
clogged	1
national	5
investigations	1
occurrences	1
demand	1
outlines	1
desperate	1
personal	7
wise	5
triumphal	1
deeply	6
training	2
persons	2
eliot	15
ters	2
candle	3
courtroom	1
sumption	1
gloriously	1
rows	1
moving	2
dates	2
refusal	1
gold	4
judging	1
exclaiming	1
personalname	259
subject	14
dissipated	1
flags	1
ocean	1
bat	1
kindly	4
devour	1
motiveless	1
critics	1
apart	2
io	1
song	2
thank	8
settlement	1
polyglots	1
directed	1
opposite	3
thanks	4
fit	1
sweets	1
rise	1
doubted	1
writer	4
orders	1
loves	2
brown	15
demonstrations	1
buildings	1
healed	1
superior	1
avail	1
b	15
using	1
increasing	1
separation	1
living	12
substance	2
physician	1
laws	5
preparations	1
department	1
faithful	3
ministries	1
imperative	1
laborious	1
floor	3
him	70
writers	1
book	23
reference	2
guard	1
yearning	1
countenance	2
haunted	1
rim	1
leaves.&quot	2
expecting	2
congresses	1
pathos	1
washingtonians	1
both	23
tramp	1
