an	63
declared	7
mission	2
chef	1
sanctioned	5
nobody	3
throw	1
sub	4
emotions	1
possess	1
determinations	1
napoleon’s	4
harassed	1
support	2
heads	3
libel	1
curb	1
mouton	1
deserve	3
wine	1
aides-de-camp	3
houses	1
altogether	2
vicissitudes	3
directions	1
scouts	1
thou	1
alone	10
wear	1
remain	3
peror	1
knee	2
maintained	2
thought	22
testify	2
kind	1
colours	1
nature	3
goodness	1
enraged	1
perceived	4
pleasant	1
seems	1
recollections	1
became	10
notice	1
rare	2
perseverance	2
released	1
part	15
retain	2
preferring	2
character	12
children	4
attentively	2
treat	2
awaken	1
contradict	1
distinction	6
states	1
destitute	2
introduced	3
eagerness	1
representative	2
every	17
tyrants	2
observing	1
entire	3
tables	1
enlarged	1
charmed	1
patience	1
account	6
session	1
inspire	1
headquarters	1
dignity	4
sanction	1
later	1
st	6
wife	5
drawn	2
identified	1
humbled	1
seats	2
expatriating	1
health	2
detract	1
posterity	2
speech	2
foreigners	12
stook	1
addresses	3
especially	2
falsely	1
attribute	1
yielded	5
brave	13
gesture	2
helvetic	1
eagles	4
lucky	2
abdicated	2
clerk	1
defended	1
govern	3
hero	1
incompatible	2
arabicprice	3
that’s	1
resumed	9
restored	8
sure	3
unjust	3
joy	4
girard	3
noblest	1
territory	5
plundered	2
news	4
generals	14
lose	1
postillions	1
negotiating	1
accompanied	2
hatred	2
papers	4
improvements	1
rousseau	1
suspected	2
idea	3
consisting	1
rambled	2
bourbons	22
he	416
five	6
household	8
reprinted	1
dust	2
crimes	1
aggrandizes	1
gifted	1
deans	1
advised	2
uttered	1
courtier	2
ingeniously	1
neither	2
sees	1
pledge	2
comprehension	1
proofs	1
birthday	1
waves	1
occasion	3
models	1
at	140
hope	3
walls	2
elevated	1
quietly	1
reigned	1
finished	4
through	7
diplomacy	1
lords	1
pronounced	2
ungrateful	1
acted	1
spoken	2
bad	1
services	10
devotion	1
congratulations	2
expelled	5
diseased	1
architect	2
lighted	1
paying	1
sire	30
doubted	3
added	6
prodigal	2
each	5
loyal	1
stint	2
not	205
efforts	5
moderation	1
nullity	1
ingratitude	1
populous	1
assured	4
thronged	2
maps	1
imbecile	1
kings	9
mayors	2
afraid	6
classes	2
happened	1
say	8
portion	1
preference	1
dieu	1
tort	2
depriving	2
roof	1
confident	1
ones	1
coined	1
respecting	3
ascribed	1
sake	2
merit	2
anxieties	2
thither	1
felt	3
bridges	2
instantly	1
fellows	3
declare	2
extraneous	1
revealed	1
stroke	2
making	5
joined	2
fabulous	1
act	8
proved	5
disdainfully	1
talents	5
land	4
º	1
adjoining	1
unexpectedly	2
plot	1
teacher	1
softened	1
generosity	4
forget	3
generous	5
charge	4
triumphant	2
errors	2
superiority	1
times	8
everybody	4
money	2
cam	1
heaven	1
arrested	2
majesty	26
attempting	1
ministerial	1
empire	14
grands	1
subsequent	1
mingled	2
newly	1
espoused	1
archiepiscopal	1
tactics	1
am	21
titles	6
entrusting	2
discharge	2
catastrophes	1
evening	6
brutal	1
foolish	4
rose	1
les	3
gentleman	2
preferred	2
sister	1
musketeers	1
causing	1
reveal	1
yoke	2
extreme	2
perfect	1
amongst	1
secured	1
passions	3
benefit	4
prospect	1
badly	1
consider	5
severe	2
got	1
unexampled	1
feet	4
timid	1
because	12
pressed	1
amused	2
reproaches	2
day’s	1
suffrages	1
kill	3
abolished	7
abused	1
done	8
seduction	1
neck	1
revolution	9
ability	1
tolerably	1
embarrassing	1
reaped	1
janson	1
em	1
solicitude	1
formerly	5
virtues	1
grenadiers	5
allowances	1
carried	2
heap	2
resisted	1
fragility	1
rotten	1
constant	1
arm	2
precipitancy	1
gendarmerie	4
make	22
laurels'’	1
asylum	1
having	26
colleagues	1
repeated	2
cujas	1
acquainted	3
reinforcements	1
nervous	1
share	3
rid	1
disfiguring	1
solid	1
independence	3
need	3
lying	1
judged	2
puppets	1
law	4
stoops	1
fury	1
uninterrupted	1
landed	2
handsome	2
valued	1
laughing	1
undoubtedly	1
governed	2
passage	3
letters	10
ignorance	1
trouble	3
hand	6
scene	1
liberal	4
valet	1
telling	1
refutation	1
eyes	15
accumulated	1
objection	1
round	2
officers	23
characters	4
vouch	1
also	14
horse	1
accepted	4
way	10
agreeably	2
hands	10
terminated	1
legislative	1
alliance	1
thus	2
being	24
champ	4
east	2
open	1
carefully	1
facility	2
yielding	1
returns	1
ardour	1
foresight	1
renounced	4
crowd	6
alight	2
shed	4
known	19
reader	1
recompensing	1
corps	3
exasperated	1
échelon	1
congratulate	1
comprehend	1
dated	1
hereabout	1
wrote	5
heir	1
laughed	1
defiance	1
kinds	2
concise	1
maintain	4
settled	1
turned	6
emperor	135
endowed	1
labours	3
mul	1
obstacles	2
servants	4
esteemed	1
pledges	2
assembled	4
com	1
ranked	1
u	2
rules	2
speculations	1
us	38
equerries	1
composed	4
ignorant	2
secretary	1
watered	1
declaring	2
renown	3
chiefs	4
dayt	1
examine	1
stipulated	1
praise	2
individuals	1
constitutions	2
sound	4
homes	2
impressed	1
obsequious	1
1st	2
spend	1
reward	4
finances	2
busied	1
disguised	2
ministry	4
impetuosity	2
delay	2
quartered	1
night	8
commonly	3
leave	2
removable	1
thermidor	1
attempted	3
kindnesses	1
chief	3
ingenuous	1
prefects	4
solicited	1
imitators	1
implicate	2
returned	12
bordering	1
absurd	1
bravery	1
apartments	4
established	8
sir	1
length	8
reconcile	2
abuse	2
engraved	1
boasted	1
disguise	2
tuileries	9
deceive	1
enable	2
battalions	2
began	5
inclined	3
embarkation	1
grand	21
moments	3
of	1157
objections	1
constitution	9
wish	6
smile	3
multiplied	1
success	2
couriers	1
these	44
table	7
responsibility	1
medusa	1
must	23
irregular	1
admiration	5
shake	1
follows	1
politician	1
halls	1
measures	4
exist	4
foreigner	1
centred	1
reprehensions	1
enjoyed	4
apprehensive	1
more	37
rarely	1
appoint	1
guided	1
hearing	2
touched	1
see	20
honoured	4
rage	3
consideration	1
question	1
few	26
proscription	1
habit	2
indiscriminately	1
invade	1
concluded	1
popularity	1
happiness	11
ostensibly	1
uncertain	2
came	15
this	81
saloon	2
myself	8
rendezvous	1
pray	1
whole	9
apprehensions	5
dissipate	1
confess	1
ribbons	2
enough	4
turns	2
animated	2
interrupting	1
easy	4
defender	1
boastings	1
arbitrary	2
cause	16
despair	3
métier	1
rapid	1
pensioned	1
ostentation	1
hesitation	1
contracted	3
almost	4
completed	2
revocable	1
frenchman	4
degree	4
absorbed	1
full	4
electoral	1
songs	1
burst	3
endeavoured	3
succeed	2
declaration	3
speaking	2
results	1
recourse	1
advantage	2
progress	1
memoranda	1
decreed	3
stancy	1
combated	1
exasperations	1
institutions	6
periods	1
victories	2
sacred	3
wait	8
masters	5
personages	2
bourmont’s	1
weeks	1
newspapers	4
promised	3
ambitious	1
reins	3
name	16
weapons	2
franc	1
plunged	3
silent	1
mixed	2
tears	2
encourages	1
publicly	1
jealousy	2
arrival	6
warmth	1
the	1878
enterprise	1
person	18
talma	1
high	2
friends	5
solicitation	1
aide-de-camp	3
frankness	3
positively	2
adulation	2
entreaties	1
ill-treated	1
nething	1
purity	2
precious	1
protect	2
discontent	2
solitude	1
let	11
sleeps	1
approaching	3
scars	1
usurper	1
copy	1
perfection	1
reestablishment	3
facilitate	1
ravaged	1
without	35
presence	6
pen	2
verified	1
humiliations	1
reviewed	3
bottom	2
triumph	4
seventeen	1
appreciate	1
guardroom	1
major-general	4
appointed	6
bedchamber	3
soul	3
titude	1
fact	8
negotiations	1
modified	1
hear	4
domine	1
attitude	1
ranks	4
compact	1
objects	4
resolves	2
extermination	1
confused	1
tyrant	1
establish	1
rendering	2
related	2
compensated	1
belief	1
distinguishing	1
forest	2
qualities	1
blush	1
vow	1
tales	1
adopted	1
arrest	1
regem	1
supposed	6
served	2
lives	2
broke	2
propernoun	97
policy	1
embraced	6
voluntary	3
hundred	8
step	8
showed	4
boatman	1
wrong	3
subjects	4
sweetness	1
falsehood	1
courtiers	5
seduce	1
two	14
ornament	1
communication	1
curiosity	1
conspiracies	1
pieces	1
pleased	5
perpetuity	1
traced	3
vague	1
agreeable	2
rude	1
solely	2
grandeur	1
compulsive	1
descendants	1
tout	1
lovely	1
troubles	2
naked	1
disposed	3
ingenious	1
men	29
movements	1
accompany	1
precision	2
saulnier	1
true	5
opinion	8
vulgar	1
noise	3
duty	10
educated	1
army	24
rings	2
features	1
limit	1
report	3
independently	1
dictated	6
harshness	3
formally	2
naturally	1
impression	2
forgot	1
attainted	1
gentlemen	2
fondness	1
purchasers	1
resolution	1
respect	8
use	1
repair	5
carriage	1
gained	1
antiquated	1
realised	1
intended	4
enchanted	1
lady	1
confer	3
society	1
betrayed	1
gardens	1
since	13
believe	12
young	5
chi	1
actual	1
outlawed	1
corrupt	1
places	1
haughtiness	1
look	2
enemy	3
deliverer	2
transmitted	1
flattered	1
tlemen	1
utter	1
revision	1
retired	3
oratory	1
deputies	2
glory	20
fancy	1
tranquillity	5
majority	2
shame	1
complaint	1
requires	2
protection	2
sudden	1
earth	1
does	4
cold	1
effect	4
refusals	1
her	26
battle	4
thousands	1
that	330
desirous	8
solemn	2
cooperate	1
disgusts	1
help	1
supplied	1
never	35
promulgation	1
green	2
tri	1
accept	3
then	14
awaiting	1
experienced	1
freed	1
compliment	2
gravity	1
trembles	1
inserted	2
offensive	1
scheme	1
favourite	2
eliminated	1
glorious	2
confidence	12
grievance	1
acknowledge	2
aggression	1
saw	6
hopes	2
destroyed	2
reality	1
announce	1
truly	3
banished	1
last	10
capital	9
comme	1
pointed	1
ség	1
rested	1
scarcely	8
stir	1
defence	2
diverse	1
dispatches	3
uniform	1
recurred	2
vengeance	1
parties	2
recalled	4
emigrant	1
unfortunately	1
six	3
memorial	1
derive	1
effective	1
avoid	4
no	85
starve	1
curious	2
metamorphosed	1
removed	4
collar	1
miraculous	1
pretend	2
frightfully	1
homage	3
repose	1
foresaw	1
departed	2
wanted	1
thanked	1
temporary	1
ascertain	1
napoleon	5
hall	1
spread	2
powers	5
danger	4
excite	5
lieutenant-general	1
boils	1
singing	1
acquire	1
promoted	1
precaution	1
maxim	1
public	20
attorney-general	1
persisted	2
empress	8
asleep	1
retarded	1
vivacity	2
confounded	1
constituent	1
seducing	2
illusions	1
ordinance	1
assigned	1
january	1
feelings	2
strict	1
wellborn	1
emanations	1
awoke	1
always	13
inhabitants	2
nations	8
contained	4
sought	4
drive	1
welfare	1
itself	12
justifying	1
despoiled	1
minister	12
marshal	25
avalon	3
extensive	1
cases	1
place	19
expanded	1
displays	2
indemnifications	1
impartiality	1
king	44
thousand	7
yesterday	1
approved	1
order	15
house	2
particularly	5
assent	2
francs	3
orator	1
dissimulation	1
reports	3
credulous	1
dowagers	2
contrary	5
fund	1
enemy’s	1
chancellor	4
convince	2
bestowed	5
appearance	3
remarkable	2
devotedly	1
audience	3
profession	2
simply	2
anew	6
armies	8
obedience	3
answers	4
religious	1
feudal	6
trifles	1
tender	1
country	30
tenderness	2
windows	1
spill	1
recommended	1
reserve	1
madame	4
recollect	1
ascended	1
reconquered	1
pursued	1
laid	7
fatigues	1
paved	1
state	22
change	3
saluted	2
daily	2
polite	1
governor	2
heroes	1
keep	5
ven	1
spectacle	1
friendly	1
inferior	1
assist	1
rigours	1
masterpiece	1
escaped	7
displeasing	1
employ	2
parchment	1
resuming	1
fidelity	7
addition	1
least	6
lived	1
deserter	1
debts	3
earliest	2
recompensed	2
portrait	1
subalterns	1
counts	2
limits	2
gracefulness	1
contemplated	1
agents	2
s	2
school	2
unhappy	5
arts	1
civil	11
devoted	3
found	22
variance	1
savoured	1
fifty	2
inimitable	1
inflexible	2
raison	1
involuntary	1
senators	1
written	2
ask	1
failed	1
besieged	3
characteristics	1
destined	4
incapacity	2
forbidden	1
petits	1
municipal	6
latter	1
old	12
acquaint	1
deterred	1
actually	2
military	13
agreed	1
mourning	2
master	3
mistrust	1
king’s	1
finger	1
metz	1
battalion	2
interpose	1
contract	2
negligent	1
road	5
again	10
sceptre	2
proposed	1
pertained	1
august	3
reading	1
will	76
fellow	1
too	17
matured	1
gentle	1
their	115
combat	1
obstruction	1
monarchy	3
ct	1
those	49
pacific	1
impel	1
low	1
strong	2
alighted	3
saying	3
môlé	5
festivity	2
urgent	1
indebted	2
married	1
restoration	2
sight	3
cease	3
editor	1
scolded	1
proclaim	1
degenerated	1
assassinating	1
by	147
disquietudes	1
functionaries	3
like	14
partly	1
ours	4
noticed	1
habits	1
intentions	6
conjectured	1
else	1
usual	3
liberty	21
accustomed	2
emissaries	3
dismissed	4
dead	1
insensible	2
refuge	1
fontainbleau	8
duchess	4
dismiss	1
suitableness	1
porto	3
demurred	1
sacrificed	1
strength	7
ground	1
view	3
fatalist	1
republic	5
renunciation	1
judgement	2
reaction	1
couch	1
palace	10
equally	6
event	1
intendant	1
what	50
harangue	3
considering	4
marmont	1
morning	5
personally	2
harder	1
prepare	1
stone	2
superintended	1
inseparable	1
asserted	3
prejudices	1
o	1
above	4
retard	1
fifteen	4
alive	2
lackeys	1
blind	1
stability	1
clothing	1
resolved	5
eleven	1
submission	2
assassins	1
oppose	2
says	2
warehouses	1
successor	1
ordinary	3
deprived	1
indisputable	1
creature	1
went	6
royalist	3
clue	1
felicitations	2
severity	1
diplomatic	1
lay	1
lifted	1
bloodshed	1
recent	1
object	11
write	7
gou	1
endeavours	2
prussians	1
issue	3
disgrace	7
ended	3
reason	7
offended	1
faut	1
lesson	2
refuted	1
shared	3
greatness	2
appointments	1
applause	2
than	19
marvels	1
listening	1
connexions	1
memorials	1
warlike	1
peaceable	1
safety	2
affecting	2
quitted	6
be	139
correcting	1
veneration	1
contributions	1
flattering	2
surrendered	1
single	11
charming	1
preceded	4
express	3
execution	1
coin	1
strangest	1
out	23
regiment	5
excesses	1
under	14
enthusiastic	1
enchain	1
affected	4
seeking	1
same	20
unfortunate	5
hast	1
manners	7
domains	3
choose	1
universal	1
calumnies	1
dress	1
turenne	1
madam	1
greater	2
bonaparte	3
former	6
cross	2
auspices	1
four	4
austerlitz	1
sign	2
towers	1
courtesy	1
rights	20
battles	1
ready	3
loving	1
infringement	1
legitimacy	3
presentative	1
in	309
assassination	1
issued	1
expressed	4
adopt	1
propriety	1
carry	3
impatience	4
secret	8
closed	2
were	108
modest	1
voluntarily	1
loaded	1
disgusted	2
implacable	1
allayed	1
could	33
visit	2
sides	1
stood	1
officiousness	1
reduced	1
owes	1
intoxication	2
second	4
revised	1
for	153
words	16
already	13
arrangement	1
bestirring	1
adored	2
aside	4
remained	2
claim	1
gauls	1
tired	2
nearly	4
presaged	1
inform	2
want	5
uneasy	2
pains	1
son	9
contempt	1
obstinate	2
honourable	3
joke	1
comes	1
amnestied	1
rung	2
hastened	1
stock	1
next	10
forgotten	4
fresh	4
collecting	1
to	867
play	2
raised	6
infallibly	1
good	21
filled	1
caress	1
weigh	1
library	1
bel	1
execrable	1
gain	2
convinced	2
disappointed	1
possession	3
count	16
price	3
infernal	1
flight	3
pass	2
ideas	5
heartily	1
confined	1
base	2
transports	2
incense	1
our	79
sworn	7
waste	1
business	8
faults	3
impossible	3
adherents	1
shot	1
tone	2
paoli	1
inaccessible	1
honourably	1
emigrated	2
concerned	1
nesses	1
desired	1
measure	1
conquering	1
rigid	1
advice	2
firm	1
government	27
nothing	18
together	4
duke	31
fancied	1
disputed	1
suppressed	3
period	5
obtained	4
allow	2
anarchy	4
engaged	3
inculpable	1
il	2
readily	4
replaced	1
treasury	2
integrity	1
thence	1
hours	4
interesting	1
or	60
despotisms	1
superstitious	1
list	1
georges	1
wives	1
amiable	2
dared	3
majesty’s	1
coun	1
d’artois	2
liable	1
deciding	1
remember	3
spent	2
whether	8
maintenance	1
grenoble	5
prudence	3
departure	5
stranger	2
add	1
raoul	1
shackled	1
love	15
labour	1
beloved	4
detested	1
short	2
faithfully	1
officer	7
dressed	1
friend	1
transported	1
spirit	5
publication	1
enabled	1
company	2
insurrection	2
patriotic	1
feebleness	1
postboy	1
royalty	2
rival	1
hears	1
farther	3
importance	3
afterwards	3
fully	1
guide	2
crisis	2
grace	2
admire	1
supposing	1
certain	6
citizen	3
confessed	3
ammunition	1
offered	4
countess	1
instructions	2
invested	2
puted	1
bands	1
disgust	1
stifling	1
deplorable	1
polished	1
inconstancy	1
burdens	1
as	130
royal	12
sellers	1
fulfilling	1
portfolio	3
neighbouring	1
herself	2
intention	6
auxerre	4
offer	2
proceedings	1
camp	2
perceive	4
however	11
thwart	1
esteeming	1
addressed	1
monarch	5
gives	3
innocent	1
endeavour	1
follow	5
companions	2
stepped	1
hussars	5
difficult	5
changes	2
participated	1
towards	3
obligations	2
unanimously	1
fate	1
study	2
against	17
mortals	2
descended	1
have	178
fix	1
probably	2
conducting	1
received	14
captious	1
sullied	1
weakness	5
understanding	3
revive	1
knocked	1
consolation	1
so	53
obligation	1
galloped	1
perjury	1
accomplished	1
coal	1
take	17
executing	1
unworthy	2
dominion	1
annoying	1
common-law	1
met	5
lustre	2
resplendent	1
knew	11
lost	3
real	5
lulled	1
takes	1
beauty	3
leaving	1
artillery	1
mankind	1
mentioned	2
find	7
giving	7
suddenness	1
un	2
ear	1
venture	1
ruined	2
irresolute	1
pressing	3
commanding	1
figure	1
dynasty	3
immoveable	1
voucher	1
spy	2
thing.o	1
worthy	7
heels	2
truth	7
interior	1
nobleness	1
fealty	1
durable	1
colonel	2
poitou	1
subterfuges	1
rolling	1
attempt	2
ten	1
due	2
able	2
impulse	2
impatiently	1
consulship	2
kneel	1
learned	8
orphans	2
nominations	1
quit	7
following	6
forgetting	1
sort	1
quiet	2
buried	1
unanimity	1
funereal	1
stopped	3
oult	1
confederation	1
d'artois	1
disturb	1
determined	3
either	3
cities	2
undertaking	1
ventured	1
8th	1
madman	1
terms	3
live	6
upon	13
infringed	1
spitten	1
remembered	1
appear	6
might	18
impress	1
minutely	1
remonstrance	1
ensure	1
seen	8
theatre	1
forbid	1
conciliate	1
convicted	1
political	7
murderers	1
destruction	2
marched	3
circumstantial	1
vicenza	6
triumphs	2
ministers	13
rallying	1
le	6
sovereigns	3
alienate	1
dancing	1
timed	2
cassation	3
merely	7
ugly	1
esteem	4
unfeeling	1
serious	2
after	27
councils	1
themselves	23
just	10
back	6
censors	1
ever	16
decorations	2
reflection	2
small	2
prerogatives	1
writings	1
fickleness	1
extraordinarily	1
proclamations	4
misled	1
long	14
vexation	1
lieutenants	2
suffer	5
hearts	1
gun	1
submit	2
was	250
mindedness	1
endeavouring	2
eternal	2
cut	1
half	2
thing	1
raise	2
path	2
retreating	1
escort	1
imperial	18
frenzy	1
ought	13
purer	1
boots	1
petticoats	1
predict	1
expressing	2
frantic	1
exercised	2
scandal	1
reach	2
expel	2
spite	3
favour	6
disapproved	1
occurred	1
common	5
responsible	1
style	2
higher	1
labe	1
oaths	3
estates	2
understood	1
alluded	1
think	20
courbe	2
lodge	1
presumed	1
angry	1
unimportant	1
whose	7
elegance	3
fomented	1
inspiring	1
burnt	1
successfully	1
comer	1
strongly	2
y	2
case	4
sales	2
asserts	1
cynicism	1
coalitions	1
neglect	2
zeal	2
suggestions	1
comrades	1
che	3
ordered	12
design	4
annulling	1
divine	1
unacquainted	1
castle	1
father	3
equality	2
deluge	1
hitherto	3
chair	2
applauded	1
events	10
cyr	1
misunderstood	1
complete	1
third	3
behaved	1
resounded	1
frontiers	2
garments	1
apparently	1
attention	2
administrative	2
can	12
important	4
know	24
gratitude	5
crowded	2
t	2
immediately	12
strangers	5
fall	2
chambers	2
wrongs	1
nor	2
multiplicity	1
positive	1
representatives	4
absolved	1
direct	1
gallantry	1
hospitals	2
seeing	1
power	13
spot	2
reappointed	1
plans	1
holy	2
rapidly	2
party	4
door	2
inviolable	1
room	1
tribes	1
conferences	1
near	5
touch	2
actions	2
created	5
predilection	3
correspondence	6
noon	2
gen	1
voted	1
blockheads	1
examined	4
insisted	2
statements	1
sooner	3
set	16
greatest	6
necessary	19
commenced	1
pretensions	1
consulting	1
satisfaction	5
bayard	1
modern	1
distorted	1
man	17
enjoy	2
source	3
mattresses	1
senate	1
continue	3
move	1
feeble	2
tribunals	5
tois	1
covered	5
convene	1
forty	4
insurgent	1
timidly	1
fail	4
bear	1
day	28
pictures	1
pamphlets	1
contemporaries	1
caricatures	1
paid	6
while	5
command	15
continues	1
frontier	2
glad	3
serve	2
baroness	1
procureur	1
annul	1
dis	1
altered	2
nickname	1
foremost	2
wit	2
bassano	8
fright	1
throne	28
enlightened	2
initiated	1
fifth	1
clearly	2
arrived	6
indefatigable	2
distinguishes	2
guarantied	1
licentiousness	1
wagons	1
o'clock	3
interrogated	1
con	1
otranto	2
occupied	5
perpetual	2
fine	7
knocking	1
helm	2
motto	1
emulation	1
essonne	2
proclaiming	1
plain	1
future	6
peril	1
frequently	10
prince	18
sensibility	1
readiness	1
conversed	1
humble	1
overwhelmed	1
fire	5
imagined	5
displaced	1
queen	2
haste	1
indifference	1
missions	1
still	17
took	7
frenchmen	9
only	35
unjustly	1
gaux	1
posed	1
doubt	8
preventing	1
usher	1
vast	3
explanation	1
temptation	1
instant	2
collusive	1
tedious	1
semaines	1
clothes	1
proper	6
sensible	3
calm	2
before	16
presidents	2
meeting	1
formality	1
fill	1
authors	3
soldiery	2
is	133
brother	1
6th	1
watched	1
judicial	4
workmen	1
forgetfulness	1
workshop	1
irresistible	1
dropped	1
highly	2
spring	1
posted	2
nobles	3
volley	1
slept	2
hats	1
inexpressible	1
consul	2
yet	14
appointment	2
prevent	3
honours	1
libels	1
sitting	1
perfectly	2
caution	1
level	1
harangues	1
men’s	2
entrust	2
judicious	1
arose	1
enjoined	1
requested	3
sciences	2
unless	2
away	6
repaired	4
firmly	1
connexion	1
barons	1
twenty-four	1
comparable	1
admirable	2
abdicating	1
did	49
far	5
close	1
mind	7
entrepreneur	1
fonder	1
enter	6
oblivion	2
simple	2
prosperity	1
new	15
dignitaries	1
join	3
happen	1
equal	2
fight	1
obnoxious	1
prefect	9
bound	2
previously	3
elbowed	1
service	3
eulogy	2
schemes	1
besides	4
fanaticism	1
rollo	1
verses	1
entry	1
elba	9
fingers	1
light	1
less	7
sights	1
chouans	2
rectitude	2
thirty-six	1
checked	1
distance	3
burgundians	1
enemies	5
lads	1
year	3
customary	1
signing	1
protector	1
ca	1
guards	9
censorship	2
ck	1
offspring	1
regulate	1
imperfections	1
woman	2
execration	1
minority	1
hesitated	1
thrust	1
extinct	1
usurpations	1
though	10
manufactures	2
caressed	1
lion	1
debt	1
knock	1
evacuated	1
abdicate	1
along	2
petrified	1
splendour	1
consolidate	1
defamation	1
conjured	1
testimony	1
punishment	1
suspended	1
who	99
fears	3
justice	9
fruit	1
repairing	2
considerable	1
congratulated	1
honour	21
paternal	2
whom	18
disclosures	1
entreat	1
yes	8
horses	3
consist	1
senseless	2
meritorious	1
commandant	1
ruins	1
rule	2
unquestionably	3
poor	7
relinquish	2
degrading	1
retirement	1
writers	5
some	33
insinuating	1
emigrants	15
witness	1
unanimous	3
cost	2
connect	1
exclaimed	2
traversing	1
ran	3
versatility	1
observe	2
barriers	1
crowds	1
traces	1
republicans	2
conqueror	1
overturn	3
gua	1
requesting	1
arrears	1
receive	6
advantages	1
obliging	1
mesdames	1
surrounded	3
probity	4
remonstrated	1
prudent	1
interest	6
restore	2
soyez	1
requisite	3
minutes	8
acquitting	1
beginning	1
demanded	1
participate	1
constantly	1
cowards	1
made	34
polytechnical	1
security	2
separates	1
lauriston	1
chimaera	1
lyons	17
driven	1
stanislas	1
off	9
faculties	1
flower	1
dangers	1
intimate	1
previous	2
soon	7
geographical	1
whenever	1
tyrannic	1
displeased	2
limbs	1
confirm	2
mediately	1
nomination	1
patriots	2
imputation	1
emoluments	1
chamber	10
infatuation	1
painful	2
proof	6
consolidation	1
head	13
field	2
mistaken	3
precautions	1
nation	36
citizens	6
impertinence	1
exile	5
led	2
–gay	1
right	10
tricoloured	1
dissolved	2
sit	1
review	2
wearied	1
authorities	5
uninitiated	1
delight	2
scale	1
reestablished	2
property	8
ghost	1
attributing	1
discontented	1
minds	4
foresee	1
mother	3
terrible	2
world	2
jacobins	1
marches	2
good-humour	1
condé	1
virtue	3
sanctioning	1
administration	6
arrive	3
victory	5
justification	2
try	1
convention	1
benefits	4
sacrifice	3
campaign	2
expects	1
raises	1
sagacity	2
waged	1
invectives	1
fortunately	1
generally	2
author	2
celebrated	3
north	2
authority	8
inquire	2
treaty	1
motives	2
opposition	1
large	2
desire	8
on	133
principle	2
consequently	1
sabre	1
suspicions	1
according	3
going	5
sentiment	1
colleges	1
coat	1
newspaper	1
installation	1
lofty	4
passages	1
called	8
madness	1
compound	1
fulfilment	2
given	15
port	1
published	1
much	20
choice	7
vol	7
put	8
evil	1
continued	3
rightly	1
hidden	1
cast	2
days	13
proudly	1
wo	3
complaisance	1
commanded	4
charm	1
fear	4
impassioned	1
attached	5
impressive	1
recantation	1
useful	2
employed	1
entering	1
iron	1
offerup	1
publish	1
instituted	2
obliged	7
electors	1
questioned	1
objected	1
yield	3
obstacle	1
distributed	2
placename	110
sequestrated	1
gap	1
triumphed	1
post	5
methodical	2
acclamations	4
nine	2
mantelpiece	2
peer	2
imperfect	1
circumstances	5
custom	1
suited	2
face	4
dirty	2
o’clock	1
coffeehouse	1
yourselves	1
april	1
reign	11
introduce	2
crowned	1
dagobert	1
guaranty	1
sat	2
fertilises	1
ficers	1
owing	1
prove	2
remembrance	5
shun	2
ultimately	2
slavery	1
grant	1
irrevocable	1
smiled	1
devices	1
held	5
thyself	1
free	4
people	60
frankly	1
profound	3
distant	1
bronne	1
excited	8
task	1
doyère	1
unfounded	1
politic	1
piece	3
entertain	1
trial	1
musket	4
window	1
idol	1
brought	12
watch	2
represent	1
dragoons	2
observes	1
traverse	1
attempts	3
rovigo	3
betide	1
keeping	2
reception	4
sovereign	12
debasement	1
weak	1
saved	1
repel	1
draw	1
astonish	1
undertakes	1
settle	2
any	28
when	52
redoubled	1
force	4
quieted	1
your	45
fault	2
english	2
favourable	1
subsequently	3
press	4
habitually	3
smiles	1
line	2
overpowered	1
french	35
looked	1
life	8
heart	9
god	6
illustrious	4
tranquillize	1
feel	2
hither	1
engaging	1
loose	1
give	13
closer	1
beneficial	1
anything	6
years	12
eight	1
boats	1
well	26
guilt	1
constraint	1
defends	1
upper	1
beg	1
impleaded	1
informed	5
interests	14
taste	2
thrown	3
matter	3
criminal	3
rebels	1
fashioned	1
address	2
becoming	1
deliver	1
jestic	1
gentler	1
tively	1
moved	2
completely	3
feeling	3
abdication	6
kindness	3
left	4
believed	1
savage	1
providence	1
quinze	1
quality	1
c'est	1
forced	3
quote	1
difficulty	5
affectionate	1
office	3
bridle	1
around	2
si	1
nantes	1
employing	1
metropolis	1
unsanctioned	1
letter	6
pomp	1
suppose	1
affection	2
entertainment	1
governments	2
considered	5
d’ar	1
point	6
rampart	1
revolutions	1
existed	3
lace	1
ont	1
indolence	2
traitors	1
gates	2
favourites	1
herald	1
imbue	1
stained	2
calculations	1
air	8
seized	5
answered	17
recompenses	1
its	34
brayer	1
deal	2
unexpected	3
expectations	2
coalition	1
noble	10
concur	2
nevertheless	3
why	8
rendered	12
anni	1
travellers	1
conversation	4
division	4
fulfilled	2
banishment	1
population	4
succession	3
venality	1
countenance	2
down	9
consequences	1
lawfully	1
preserve	3
till	14
liked	1
courier	1
maubreuil’s	1
counsels	1
sense	2
valuable	2
spoon	1
skill	2
possibility	2
indeed	4
disperse	1
primitive	1
brienne	1
tempests	1
chase	1
sorrow	2
staff	2
revolting	1
train	1
readings	1
advance	1
born	6
wearing	2
reputations	1
usefully	1
knowing	5
conformably	2
duke’s	1
infantry	1
hartwell	1
broken	1
resume	2
shining	1
including	1
reappeared	3
many	9
precipitated	1
commanders	1
mention	1
ma	1
submitted	3
inspector	1
parricidal	1
bestowing	1
decrees	9
proceeded	3
opposed	3
several	5
accordingly	3
foot	2
conciliated	1
commissioned	1
assert	1
waited	1
obey	2
knows	2
constitutional	1
embellish	2
disinterested	3
slaves	3
doctrines	1
consigning	1
sea	3
united	2
misfortune	2
once	6
end	5
structure	1
rank	5
viewing	1
excellency	1
magistrates	4
rejoined	1
mai	3
reckoned	1
encouraging	1
superintendance	2
conscience	4
delegated	2
inspired	7
appeased	1
concession	1
proscribe	1
peers	3
summon	1
benefactor	1
lauded	1
ricketty	1
permission	1
copies	2
friendship	1
proscribed	2
distinguish	2
commit	2
promotions	3
maçon	1
rich	1
discernment	1
ourselves	2
affair	1
flatter	2
corsican	2
rest	5
food	2
different	8
ambassador	1
henceforth	1
innovations	1
belonged	2
sunday	1
complain	3
guaranties	1
injustice	4
sold	2
ascend	1
ye	1
romannumeral	45
cover	1
malcontents	1
hugged	1
agitation	2
require	3
gay	2
system	3
body	8
incomparable	1
abandoned	3
lately	1
embarrassment	1
false	8
seemed	9
reprimand	1
assassinate	2
running	1
re	8
valets	2
sent	13
sinking	1
home	5
exercise	2
become	8
disinterestedness	1
condition	1
gone	5
told	3
meditation	1
number	7
insult	1
attaching	1
pantaloons	2
wished	9
batch	1
gulf	1
exalted	1
decided	1
shook	1
owe	3
printed	1
abandon	1
thinks	1
carelessness	2
justly	1
march	19
bring	7
millions	3
ay	1
lists	2
official	1
tomorrow	2
absolve	2
works	2
lie	1
gic	1
erased	2
none	5
mount	1
preserved	2
child	2
tonight	1
royalists	7
rising	2
pleases	1
disturbances	1
senatus	2
favoured	1
recently	1
seas	1
infer	2
longer	12
tacit	1
check	2
affirm	2
thoroughly	2
spoke	3
hair	1
entrusted	3
read	8
loftiness	1
reminded	1
ceremony	1
parisians	4
defend	3
serving	2
deceived	3
malin	1
gaiety	1
consulted	2
ardent	2
restrain	2
twenty	13
demarcation	1
solemnity	1
combined	1
death	6
fatal	5
match	1
abjured	1
hereditary	2
votes	2
struck	3
human	2
prevented	1
mean	2
acquired	10
invited	1
lecturers	1
7th	1
occasions	2
occupation	2
quarrel	1
popular	3
private	5
recall	3
observations	2
up	10
extremely	1
ages	4
reviewing	1
travelled	1
playing	1
auditors	2
robes	1
attachment	13
la	5
streets	2
syllables	1
conducted	4
charlemagne	2
principally	1
dear	9
affairs	7
regent	1
suddenly	1
delirium	2
genius	12
one	39
map	1
hum	1
darksome	1
acts	5
brothers	1
bourbon	3
displayed	4
contents	1
stituted	1
industry	1
courage	3
turning	1
queen’s	1
q	2
recompense	1
tribe	1
presented	6
seal	1
incontestably	1
leagues	4
disturbing	1
fac	1
wholly	2
gave	9
excepted	1
editors	1
jostled	1
w	1
louis	1
particular	3
lons	1
majestic	3
paper	3
bounds	1
posts	1
seizure	1
regiments	1
dissipation	1
m	25
modifying	1
sincerity	2
promptitude	1
ney	8
despise	3
shall	26
singular	1
pursuit	2
followed	2
quoted	1
behold	2
city	8
vitals	1
placed	4
said	54
may	15
publicists	1
shops	1
effected	1
resides	1
extend	1
meet	6
hour	3
moment	12
filed	1
cringing	1
maledictions	2
universe	1
lon	1
expected	1
conferred	5
formed	1
refused	3
spreads	1
vigour	2
three	5
compelled	1
unite	2
exempted	1
coloured	1
intervention	1
persecuted	2
scruples	2
provinces	1
worse	2
produced	3
abuses	1
named	2
frock	1
anniversary	1
recommendation	1
meanly	1
assuredly	3
quarters	1
fired	2
deserted	2
urged	1
noncommissioned	1
which	105
knees	1
cherished	1
concern	1
lead	2
calvados	1
impunity	1
little	11
has	58
distinguished	5
quarter	2
pride	5
surround	1
residence	1
simplicity	1
fled	1
others	5
boot	1
charged	1
municipality	1
astonishing	1
breakfast	1
sometimes	10
debase	1
used	4
local	1
leaves	1
cares	2
bertrand	12
dare	2
best	2
action	3
absence	1
intoxicated	1
moskowa	1
among	9
his	305
dangerous	1
nocturnal	1
cannot	11
drink	1
understand	1
mad	1
crime	1
arabic2digit	24
arising	1
prayed	1
framed	1
remove	3
speak	2
suffers	1
taken	16
superficial	1
conquest	1
council	9
attach	1
brings	1
indicate	1
mark	1
pour	3
surprised	3
independent	1
relinquished	1
swearing	1
memorable	1
most	33
consolidating	1
passed	4
subprefect	1
entrance	2
compel	2
mayor	5
sky	1
observed	5
provoked	1
lavish	1
animadversions	1
eager	6
properties	1
get	3
expect	2
embellishments	1
here	8
activity	2
control	1
walking	1
reaching	1
family	11
patent	1
thinking	3
destinies	1
blood	14
obtain	1
legion	6
ha	1
seldom	2
functions	5
court	20
partisans	1
princes	11
assemblies	2
differed	1
disposition	1
rushed	3
hardness	1
doing	3
lily	1
deficient	1
territories	3
kept	1
freedom	3
physical	1
furious	1
tried	1
movable	1
protege	1
expression	2
missed	1
existence	1
bodies	2
instead	3
exception	4
directory	1
value	2
bungler	1
satisfied	3
plots	2
reproached	1
with	191
unlucky	1
folie	1
there	21
p	2
commerce	1
torn	1
quickly	1
necessity	3
rear	1
footing	1
senses	1
estimate	1
infants	1
answer	6
i	256
invaded	1
germain	3
firmness	2
priests	1
subsists	1
guarantee	2
rapture	1
imitating	1
fixed	1
setting	3
everything	24
now	6
reopened	1
lord	1
arabic1digit	8
designs	1
been	96
precise	1
stifled	1
ladies	4
vain	3
closet	7
happy	11
airing	1
appearances	1
views	2
propensity	1
honest	2
guilty	5
illegible	1
you	99
very	18
language	7
raging	1
wherever	1
cone	1
fortnight’s	1
midst	2
pleasure	8
embarking	1
imposed	2
whoever	1
est	2
attend	1
compliments	2
corporate	1
easily	1
jealous	1
secure	2
weapon	1
spilling	1
epistle	1
consular	1
unforeseen	2
insupportable	1
artois	1
acceptance	2
youth	2
acquiring	1
treviso	2
immortal	2
recovery	1
chalons	4
example	4
bloodt	1
founded	2
messrs	1
superhuman	1
nobility	7
hesitate	1
destroy	3
suggested	1
article	16
tunes	1
navy	1
allowed	3
immediate	1
pistols	1
it	307
whatever	9
interrupted	1
politeness	1
despotism	3
wishes	6
surprise	4
experiences	1
matters	1
disarmed	1
testimonies	1
thoughts	4
presume	2
reprisals	1
lies	1
writing	7
emotion	1
delivered	4
destiny	2
sanctions	1
pitied	1
mysterious	1
lively	1
wretches	1
form	6
mails	1
lavished	1
européen	1
censeur	2
barbarous	1
metamorphosis	1
oppressive	1
veil	1
coronation	2
parts	1
votre	1
imputed	1
wars	1
sovereignty	3
aversion	2
wicked	2
tent	1
threw	3
comprises	1
taught	2
budgets	1
assembly	5
null	2
replied	1
infringe	1
usurped	1
disorder	3
except	3
arms	7
fortunate	2
applauses	1
me	78
resentment	1
belongs	2
tr	1
acknowledges	1
insulting	1
gang	1
mölé	2
square	5
bent	1
sufficient	8
flag	1
they	124
ascending	1
annulled	1
sequestration	3
r	2
principles	9
captain	2
my	72
brains	2
regard	4
age	3
testifies	1
amid	5
smiling	1
implies	1
ancient	7
threats	1
great	28
we	63
tending	2
inch	2
pure	3
desires	1
weather	1
suffered	2
conduct	13
native	1
resources	1
watches	1
nullification	1
instinct	1
spilled	2
generation	2
patriot	3
marshals	4
profoundly	1
regret	4
rock	2
arch	1
entirely	3
result	2
possible	3
incessantly	3
brow	1
sincerely	1
all	100
impudence	1
peace	2
pocket	2
projects	3
would	92
departments	3
misfortunes	4
pupils	1
boat	1
indiscreet	1
boxes	1
stand	2
awkwardly	1
where	16
cutting	1
existing	2
incorporated	1
assemble	1
surnamed	1
prayers	1
education	1
interview	1
reproach	1
highways	1
own	14
astonished	5
greatly	2
valenciennes	1
violet	1
formation	1
faith	3
embrace	3
break	1
mutilated	1
warrior	1
bookselling	1
bury	1
members	6
ment	1
capable	1
annihilate	1
procuring	1
voice	1
indication	1
arabic4digit	13
mistake	3
acting	1
edifices	1
wealth	1
believing	1
swear	2
rantie	1
repeat	1
ascendancy	1
mystic	1
unshackled	1
offiees	1
twice	1
valiantly	1
finally	2
do	35
run	1
degenerate	1
consent	6
working	1
side	5
pay	8
should	32
provisional	3
opened	3
daring	2
advanced	1
similar	3
ridiculed	1
du	1
frightened	1
work	6
vilings	1
improbable	1
turn	2
appearing	1
en	1
foundations	1
depend	3
adapted	1
marks	2
philosophers	1
ring	1
unknown	3
recover	1
confute	1
formal	3
resistance	3
entitled	1
granted	3
complaisantly	1
elegant	1
extraordinary	3
disdain	2
tacitus	1
sift	1
shouts	5
towns	2
career	1
attended	2
sup	1
if	53
porter	1
position	1
leaders	1
quitting	3
ridiculous	1
officiers	1
corruption	1
contrast	2
rumours	1
create	1
communes	1
pretty	3
supreme	1
expired	1
reverse	1
persons	12
unskilful	1
indignant	2
witt	1
bade	1
offers	1
everywhere	3
violating	1
better	7
sages	1
recovered	3
interested	5
history	4
renounce	2
them	135
music	1
enthusiasm	6
examples	1
chiefly	1
drop	5
calmness	1
solicitously	1
succeeded	2
irregularities	2
aristides	1
mysteries	1
orthography	1
judge	3
butt	1
daughters	1
thicksculls	1
avowed	1
particulars	2
shedding	3
discussion	1
hoped	2
return	12
caused	2
placing	1
implicating	1
consummate	1
arrange	1
marching	1
imbued	1
suspicious	1
anxiety	1
proviso	1
g	1
indefinable	1
possessed	2
2"–	1
looks	1
answering	2
casting	1
compare	1
securing	2
deserved	2
pretended	5
printer	2
hilate	1
loyalty	1
alarm	1
proclaimed	3
bold	2
shaken	1
cruelly	1
consultum	2
situation	6
time	32
call	6
unable	1
decoration	2
fatigue	1
superb	1
unnecessary	1
conceive	5
rancorous	1
unpopular	1
changed	3
violence	2
counsellors	1
excellent	2
sale	1
hold	2
torments	1
s'il	1
resemble	1
huddling	1
hasten	1
experience	6
other	26
humour	1
general	28
accidents	1
speedy	1
adversaries	1
eye	4
worship	1
fighting	1
chosen	1
class	1
grammar	1
mistresses	1
favours	4
atten	1
sleep	2
reviews	1
phalanx	1
ceremonies	1
escape	5
truths	2
assuring	1
exists	1
pleasing	1
names	2
into	29
plutót	1
fool	2
severely	1
approached	1
care	7
hastiness	1
course	6
decree	14
demonstrations	1
magnificence	2
twenty-five	1
liaries	1
valry	1
himself	43
antiques	1
reported	1
often	3
blame	1
confirmed	3
trade	1
overturned	1
lille	5
desert	1
retained	5
persevering	1
fond	3
hurled	1
occasioned	1
supplicatory	1
colonels	2
but	111
remarked	2
folio	1
subjected	1
accomplice	1
beggars	1
refusal	2
improve	1
appeared	17
perhaps	6
scrupulously	1
sole	1
had	260
are	68
antiquity	1
epistles	1
mine	5
suite	1
ultra	1
show	3
shown	8
influence	2
oath	7
henceforward	3
women	6
another	11
freely	2
agitated	1
required	3
tell	5
absurdities	1
forces	1
bravest	1
request	1
obtaining	1
censure	1
busts	1
prepared	2
dictating	1
first	18
imagine	1
knowledge	2
establishments	2
birth	2
resort	1
circulation	1
proclamation	5
from	100
d'escadron	1
imprudence	1
salvum	1
establishment	3
intimacy	1
early	2
reestablishing	1
praises	3
throughout	1
ascribe	1
minute	1
fatigued	1
retaining	1
police	5
struggle	1
volunteers	1
word	10
contented	2
about	19
crown	11
courts	3
humiliate	1
rewards	3
substance	3
ago	3
war	13
sentiments	12
surveyor	1
corrected	2
even	16
loved	1
payé	1
suppositions	1
during	2
violent	1
attachments	1
concerted	1
gallery	1
grave	1
over	20
exhibiting	1
constitute	1
downfall	1
silence	2
such	28
auxi	1
induced	1
odious	2
opinions	7
suspect	1
convened	1
compared	1
accounts	2
come	13
difference	2
inspires	2
empty	1
afforded	1
department	7
adds	1
detractors	2
leading	1
something	1
familiar	1
treated	5
assemblage	1
deemed	1
sword	2
exaggeration	1
render	6
owed	2
fairly	1
vessels	1
codes	1
admitted	4
apollo	1
exclaim	1
consequence	1
annals	1
assure	1
interfere	2
upstarts	1
madly	1
fortune	3
quays	2
voting	1
fertile	2
p’	1
legitimate	8
intrigue	2
wounding	1
soldiers	17
between	7
carnot	3
disappeared	1
condescended	1
announced	5
peasantry	1
abolition	1
taking	1
conceptions	1
firing	1
braided	1
witnessed	2
how	20
sublime	3
sufficiently	3
northern	1
sensation	2
walked	1
continually	2
preparing	2
therefore	5
title	5
definition	1
and	801
modesty	1
beneath	1
soldier	4
asked	3
swiss	1
imprudent	1
alter	3
applied	1
she	18
oblige	1
jocularly	1
elements	1
acknowledged	4
within	7
manifested	1
de	29
witty	1
forth	1
numerous	5
purchased	1
dunkirk	2
tems	2
pursue	1
a	331
adversity	2
national	28
penetrate	1
aspire	1
conclude	1
sarcastic	1
occurrences	1
affections	2
demand	3
entreated	2
rises	1
spoiled	1
personal	2
charter	2
triumphal	1
treason	3
benedictions	1
belonging	1
evils	2
surest	1
spies	1
orderly	1
dearest	1
remarking	1
circulate	2
various	1
fitted	1
l'ºl	1
steps	2
groaning	1
defective	1
rather	1
stairs	1
standing	1
go	12
safe	1
foreign	9
patriotism	5
reject	1
gold	1
mortier	1
valour	1
hurried	3
courageous	1
personalname	148
subject	5
remains	1
island	9
fetters	1
endowments	2
unintentionally	1
month	1
tongue	1
intelligence	1
realise	2
entered	3
jewels	1
troops	16
promoting	1
ghent	1
coats	1
instruction	1
thank	1
directed	8
chut	1
facto	1
thanks	2
fit	2
proud	2
opportunity	3
gift	2
im	1
salutés	1
supply	1
orders	20
inutility	1
fourth	1
ambition	5
compensate	1
please	4
obscured	1
buildings	1
offices	1
intimidate	1
assenting	1
superior	2
calumniate	1
avail	1
leu	1
natural	5
increasing	1
restoring	3
merited	3
manner	5
engineer	1
guess	1
magistracy	1
laws	11
pected	1
ceased	2
inexhaustible	1
maxims	1
wisdom	3
roads	1
aided	1
faithful	4
respected	2
perturbators	1
servile	1
pity	2
preceding	2
floor	2
him	209
present	13
promises	1
things	6
embarked	1
means	6
both	6
adorned	2
secrets	1
heard	7
guard	21
conditional	1
ex	4
other’s	1
urging	1
adieu	1
deeper	1
restraint	1
b	2
discoursed	1
prodigality	1
explained	1
careful	1
claims	2
d'ordonnance	1
scrutinising	1
aspect	1
commons	2
ill	5
regretted	2
