ears	2
repetition	2
q^aa^y	1
beauty	1
ftake	1
diflraft	1
animal	3
reign	1
efcorted	1
adventure	1
tillations	1
carcafe	1
fl	1
contact	1
conftruftion	1
mafs	2
delay	1
mouth	3
read	3
juftly	1
pontifex	1
witii	1
deted	1
irradia	1
ftage	1
honour	4
ex	8
rite	3
tickliih	1
victory	1
induftry	2
arifing	1
ftrong	2
titillation	3
attempted	1
bulinefs	1
rotation	2
only	7
uncommon	2
avaunt	1
purpofe	5
menfe	1
hot	2
accepted	1
unpleafant	1
verily	3
refpite	1
vanity	1
chance	1
ftrangulation	1
lafl	2
former	1
impe	1
mr	1
^ke	1
derived	1
imagined	1
fallad	1
fea	3
ice	1
fcenes	1
advanced	1
tional	1
hugged	1
heartily	1
dry	2
vege	1
laugh	1
fulfome	1
potation	1
tafte	1
language	2
much	7
fented	1
minated	1
iignifying	1
private	3
com	6
fliouldeft	1
rti^p^	1
h	3
ofiices	1
education	1
counfels	1
beft	1
repclitory	1
impure	1
ftreng	1
emperor	1
recourfe	2
feverity	1
fliould	1
ftrangefl	1
equivalent	1
brated	1
down	4
difagreeable	1
rity	1
satan	1
negro	1
providence	1
appetite	2
oaths	1
termed	1
approached	1
forming	1
plato	1
fcorbutlcal	1
fliort	1
bufinefs	1
afs	2
propernoun	147
preferve	1
miniflier	1
quenched	1
rapa	1
inonachiis	1
toteniio	1
nerve	1
exactly	1
v/rapt	1
acclamation	1
oil	1
repul	1
unveiled	1
fmooth	1
fhalt	2
inwifdom	1
infide	1
iliape	1
nifter	1
vv^hich	1
undertook	1
length	5
fum	1
ticklifli	1
flow	2
difcovered	2
fon	1
tray	1
deleftable	1
hue	1
dangerous	1
tended	1
pand	1
inter	1
increafed	1
chair	2
vours	2
advocate	1
hands	3
forms	2
xus	1
wife	4
im	4
virgin	1
keep	1
floated	1
such	2
injunc	1
pittance	1
juftified	1
arrogant	2
tthe	1
fufficient	2
departed	1
o	7
betimes	1
preferred	1
agitated	1
fpin	1
grati	1
rived	1
acquaintance	2
th	2
crafis	1
ci	1
entranced	1
violent	2
iir*	1
ported	1
acre	1
pronounce	2
fceptre	1
form	1
pontiff	1
de	5
raptures	1
originally	1
defiance	1
finally	2
ple	5
cir»	1
balance	1
fedlof	1
become	2
nal	2
gad	1
indiflbluble	1
diverforium	1
jofl	1
indefatigable	1
her	1
nm	1
accordingly	1
pleaiure	1
editor	1
confidered	1
while	3
philofopher	1
comfort	1
valuable	1
adventures	26
laid	1
lucre	1
communicate	1
affirmatives	1
taiie	1
quality	1
earth	3
dation	1
fcrupuloufly	1
enjoyed	1
jsome	1
thelefs	1
publiilied	1
infancy	3
emperors	1
en	1
prefenting	1
finding	1
chriflians	1
guiflied	1
livered	1
trappings	2
fog	1
altogether	4
ther	1
feeking	1
die	1
charadlerwas	1
chemi	1
greateft	1
hopeful	1
va^fue	1
who	29
iicial	1
extravagant	1
dehrium	1
let	1
crouch	1
electrical	1
pampered	1
contemplation	1
zas	1
copy	1
foundation	1
long	3
csj	1
feilival	1
ncfter	1
good-humoured	1
difturbed	1
gra	1
whenever	1
fubjecsl	1
fortunate	2
kemp	1
defpondence	1
proceeded	2
empire	12
repair	1
fulfilling	1
degrees	1
fentences	1
which	65
turn	1
humble	1
exadly	1
prevent	1
way	1
heart	5
pofitory	1
cruel	1
meer	1
veal	1
eafily	2
firmly	1
call	2
talent	1
threaded	1
loth	1
unawares	1
drank	1
dling	1
radter	1
sf	1
fub	3
would	15
fucceeded	2
promoted	5
raife	2
preceded	1
revolved	1
juftify	1
bribed	1
pence	1
friends	1
lips	2
ungraceful	1
diverfion	1
threaten	2
knees	1
unfpeak	1
emits	1
vulge	1
suffice	1
ephraim	1
mufl	2
hog	1
itfelf	5
unconfcion	1
kd	1
fable	2
called	2
impoffibilities	2
rough	2
out	5
thaniel	1
promotion	2
til	1
fey	1
bribing	1
saturn	1
partly	2
or	48
refemblance	1
rofe	2
motive	2
and	290
all	43
fupreme	2
melita	1
beards	3
hence	1
embarrafledj	1
cloathing	1
em	1
mean	5
native	1
exciting	1
fhore	1
cracked	1
further	1
fides	1
gling	1
flight	1
lure	1
ilraneer	1
animals	4
poor	2
hated	1
grant	2
grain	1
muft	2
son	1
fhift	1
refounded	1
prefling	1
as	59
weak	1
nagement	1
divorced	2
dexterity	1
vifit	1
fered	1
tion	7
haberdallier	1
grin	1
main	1
friend	3
child	1
credit	1
afternoon	1
confiderable	1
mi	2
coun	2
libra	1
iiiafmuch	1
how	2
cormorant	1
fubfequent	1
olfadlory	1
bones	2
fruition	1
provifion	1
sio	1
fen	1
alias	1
affimilated	1
general	3
ftate	1
it	43
golden	2
however	5
vol	6
benevolent	1
fupercargo	1
exhibit	1
whether	3
holy	1
minillratrix	1
pe	3
hold	1
word	5
capitally	1
intimacy	1
byftanders	1
pater	1
allow	2
curate	3
cal	2
knocked	1
creature	2
pardon	1
regale	1
thine	1
tude	1
god	2
lant	1
feo	1
fupplied	1
tickle	1
afcribed	1
capitulate	1
bombazine	1
beans	1
fubmitted	1
ja	1
nofe	1
ia	2
pruritus	1
alfo	3
materials	2
library	1
impoveriflied	1
anecdotes	1
nodiis	1
neither	5
hearted	1
prejudice	2
fortyfive	1
glandula	1
ufurped	1
cul	1
record	2
effed	1
vain	1
folemnly	1
variation	1
difperfed	1
original	2
flie	1
tranfmigration	2
fpecifics	1
then	9
perfonally	1
fome	11
grefs	1
need	1
bleffing	1
rabelais	1
raifed	3
bye	1
advantage	1
tone	1
ed	14
explana	1
fmalleft	2
nent	1
juflfufecient	1
fage*s	1
funeral	1
ccnfifts	1
fixth	1
pa	1
thein	1
never	10
quietly	1
expanded	1
adduce	1
fequence	1
medicine	1
fruit	1
car	1
crops	1
refledled	1
analogous	1
wall	1
feized	1
low	3
worthlefs	1
each	3
denying	1
doubts	1
turbulent	1
fat	3
plea	1
particulars	2
face	4
ato^n	1
intoxication	1
fee	2
inceffantly	1
intricate	1
cap	1
contradied	1
vicifiitudes	1
feafon	2
could	14
fondled	1
pythagoras	4
cathar	1
literally	1
utterance	1
lodged	1
efficacy	3
againft	2
driven	2
contempt	1
alhance	1
tremble	1
warm	1
geometry	1
inadive	1
au	1
became	5
ruled	1
fidiion	1
council	1
lowed	1
nay	3
buried	1
today	1
tation	1
judg	1
kika	1
fkin	1
threw	1
ing	7
affedled	1
inceflantly	1
kaka	22
bred	1
branch	1
fweeteners	1
projed	1
affure	1
introduced	1
pillae	1
underftand	2
nobleman	1
tuto	1
beaver	1
adored	1
attained	1
character	2
difficul	1
years	4
familiar	2
ried	1
fully	1
hit	1
april	1
been	13
tified	1
fixed	2
tribunals	1
irregular	1
have	23
fune	1
infular	1
fport	1
hefitatin2	1
churchyard	1
placename	27
pannier	1
felicity	1
harder	1
partiality	1
you	16
pleafe	1
treafare	1
lateral	1
infurgents	1
obftinacy	1
deftined	1
monitor	1
qualified	2
philofophy	3
thofe	5
dinary	2
invited	1
wran	1
ambition	1
nifters	1
explained	1
meanly	1
mat	2
accounts	2
er	1
laws	2
greater	1
entirely	1
blood	2
doc	1
plague	1
jftance	1
important	1
appeafed	1
headed	2
fears	1
colludlations	1
inju	1
guts	1
af	2
nature	10
giddy	1
feaft	1
formed	3
hath	2
fifty	1
jziity	1
infolence	3
oi^o	1
jjuke	1
fivekiffes	1
ftudied	1
managed	2
ageous	1
fitting	1
miferable	1
upon	17
ftruck	1
wang	1
truths	2
effedlual	1
mere	1
couth	1
example	1
cealed	1
itching	1
many	3
heard	5
moderation	1
thrill	1
oh	1
dottril	1
cleaved	1
fourth	1
reins	1
retain	1
revelation	1
felfifh	2
exercifes	1
divulg	1
point	1
another	11
title	1
ungrateful	1
chy	1
cultivated	1
manifeiled	1
clergy	1
bued	1
digitation	1
po	4
fimply	1
occafioned	1
prime	2
refufe	1
hiftory	3
board	1
what	14
caitiff	1
nothing	1
tide	1
tho	2
history	1
pofing	1
appeared	3
through	5
paffion^	1
vah	1
conftantly	1
difapprobation	1
time	6
ten	3
fecrettoyou	1
fcience	1
orifon	1
afifiidled	1
lofophy	1
articles	1
fuggeftions	1
expence	1
variety	1
according	3
confequent	1
goblin	1
reafon	4
houfe	1
crotona	1
ion	1
regina	1
turns	2
horfe	5
buffoon	1
undertake	1
particular	5
fpheresof	1
confcioufnefs	1
ftlll	1
behold	2
rice	3
buds	2
categories	1
configned	2
lineal	1
myftery	1
calcitration	1
cafes	1
occupy	1
pap	1
death	1
knot	1
ftatefman	1
take	3
paufed	1
nefs	1
when	17
cackling	1
treated	1
bonnet	1
fludy	1
bable	1
fteam	1
difciofing	1
reje<fted	1
underwent	2
impatience	1
dai	1
dodtors	1
conceive	1
agitation	1
peri	1
afcended	1
v^^ho	1
intellecfts	1
defamed	1
mitigate	1
ftairs	1
fubaltern	1
tentively	1
circum	4
equally	2
f	4
fovereign	4
concluded	2
pea	2
ever	11
cradle	1
felt	2
contacft	1
wincing	1
trine	1
fale	1
nin	4
computable	1
gods	3
veracity	1
liquor	1
generolity	1
clofe	1
firmed	1
perfon	5
dered	1
hi/iory	2
author	1
eagernefs	2
pulpit	1
digitized	1
flattered	1
five	3
tenino	1
refts	1
gratification	1
furround	1
dunghill	2
fuper	4
fortable	1
bathed	1
oeconomy	1
ly	3
pinealis	1
reft	2
officer	2
io	1
diftinguifli	1
intervened	1
rex	1
hlftory	1
may	6
political	3
perverfe	1
under	6
giggling	1
hen	3
tea	1
bejuft	1
attitude	3
offices	2
they	29
father	2
ftomach	1
this	58
country	2
paultry	1
for	51
firmative	1
monarchs	1
pretenlion	1
^^mht^h	1
choofe	1
promife	1
g	1
route	1
apparently	1
falute	1
gi*ey	1
difcoveries	1
mar	1
baba	6
nation	5
monk	1
lihe	1
fter	1
facsl	1
yel	1
often	1
herfelf	1
fhoe	1
implanted	2
fcioufnefs	1
convenience	1
pericranium	1
furrounded	1
teriori	1
perfecution	1
begot	1
learned	4
convocation	1
permitted	1
gale	1
antient	1
fate	3
fl^eleton	1
evils	1
undergone	1
minute	2
financier	1
director	2
north	1
alpha	2
impulfe	1
printed	1
pair	1
prefented	1
recurred	1
fiate	1
difpoiition^	1
ago	1
tezan	1
nations	1
ton	1
us	1
fprung	1
fer	2
fhould	6
left	1
conferred	1
certain	6
blow	1
religious	2
fyftem	2
did	8
an	71
perfeverance	1
lies	2
expcfe	1
veneration	1
aukward	1
fentiment	3
atoms	8
lucky	1
always	1
known	2
lity	1
quef	1
meta	1
expefted	1
fpedlators	1
confolidated	1
fometimes	2
phantafma	1
hu	1
machine	1
hefitation	1
nity	2
intrigue	1
cele	1
miniflry	1
£3*	1
binet	1
gown	1
oentures	1
filence	1
tedious	1
ftiffnefs	1
among	2
iifertation	1
cious	1
hero	1
pre	3
nition	1
yudaus	1
fubjcd	1
fliock	1
ufually	1
diftindt^	1
pra6lice	1
nexion	1
conde	1
eminence	1
pofleition	1
vtromiuiyoif	1
impute	1
incapable	1
eon	1
polemical	1
guifhed	1
difobhge	1
pofteriors	4
vaniflied	1
protection	1
myfelf	4
happy	1
books	1
chew	1
atomos	2
above	5
butler	1
nis	1
run	2
effe<5l	1
white	4
once	4
wits	1
went	1
producing	1
infpired	1
wretch	1
inerifique	1
myfteries	3
blacken	1
monar	1
revolution	1
celebration	1
heaven	1
corea	1
temper	1
bitious	1
fickle	1
foreign	3
honoured	2
be	35
properly	1
ration	1
derftanding	1
confcious	1
died	2
performed	2
kom	4
ding	1
inten	1
ilitious	1
rejoice	1
riches	1
auk	1
^(^5	1
depended	1
happens	1
abftained	1
inteftines	1
pounds	1
flye	1
fika	26
love	1
neum	1
compleated	1
avowed	1
protefted	1
were	34
wholly	2
brain	5
mother	1
fin	1
rifque	1
book	2
cine	1
incenfe	1
hints	1
connected	1
knowing	1
refpefts	1
infl	1
oi^iv	1
get	1
unfavoury	1
fifth	2
procefs	2
bal	1
j	7
nouncing	1
ciimcifion	1
united	1
gently	1
fish	1
circumftances	1
natural	3
principal	1
diflin	1
middle	1
medi	1
method	2
feve	1
human	4
ireer	1
break	1
syko	1
conftituent	1
thick	2
defire	2
woriliip	1
some	2
alderman	1
niable	1
remembrance	1
arrangements	1
fpirit^	1
reputed	1
tations	1
proof	1
hours	1
privativa	2
pofition	2
ripping	1
truth	2
belt	1
aflced	1
ought	1
eleven	1
diftrafted	1
corrupted	1
opinion	2
hunted	1
reftored	1
i^tw	1
cha	1
health	1
follies	1
treaty	1
cow	2
writing	1
ihall	1
too	1
wed	1
up	11
explanation	1
paffions	1
fingers	1
operation	2
n	6
doctors	1
next	5
mixed	1
informed	3
lar	1
vas	9
hifl	1
has	4
revolving	1
deriva	1
peo	1
mediately	1
iiflance	1
forts	1
fervice	1
fpec	1
ordinate	1
ces	1
eager	2
animalcule	2
hideous	1
demulcent	1
water	1
abfurdities	1
podex	2
ran	1
empty	1
honours	1
diifufe	1
degree	2
petu	1
orgafm	1
arabic2digit	33
eafy	1
fave	1
jiny	1
ihare	1
concealing	1
proceeding	2
flrange	1
neft	1
fair	1
fill	1
different	6
mermaid	1
period	3
tallied	1
mufcles	1
inftrudlion	1
pretation	1
pillow	1
parts	4
relations	1
try	1
ac	2
think	2
bitter	1
hell	1
graceful	1
chink	1
trembling	1
punifhed	1
heareftis	1
hiftorians	1
animated	1
idea	2
learning	2
better	1
forwards	1
fcrong	1
freely	1
defired	2
poffeffed	1
pofitive	2
fomer^^nfon	1
difcernment	1
difor	1
uncertainty	1
head	1
croud	1
having	6
mutter	1
cation	1
prefcribed	1
exercife	3
unfteady	1
peculiar	1
re	8
ignorant	2
vengeance	1
owing	1
dynafty	1
ture	1
brewer	1
name	6
damn	1
fly	1
parading	1
affedtion	1
held	1
cor	1
tongue	4
fnap	1
interllice	1
tall	2
exco	1
phofphorus	2
come	2
feel	2
kaha	1
eaten	2
v/retched	1
romannumeral	18
bullocks	1
inhabit	1
added	1
ring	2
advertisement	4
harmonies	1
personalname	19
fel	1
orthodox	1
reputation	2
ju	2
prejudices	2
whifper	1
arithmetic	2
lor	1
fcoundrel	1
atomy	3
myileries	1
whatever	1
believed	1
chicken	2
difcuffion	1
eye	1
fatisfy	1
fqueeze	1
pyrates	1
iave	1
black	8
claimed	1
tutors	1
divert	1
waters	1
dutch	1
dig	2
tie	1
fadt	1
frigidity	1
dependants	1
again	1
dul<e	1
v/ith	1
tenfion	1
being	14
converfed	2
looked	1
compofition	1
befl	2
carried	3
ima	1
iin^i	1
nofes	1
il	1
tranfmigrations	1
cannot	5
whenwe	1
poflibly	1
nem	2
little	3
culture	1
impro	1
turtle	1
chamber	1
common	1
ov/n	1
princes	1
fuilained	1
ovum	1
particu	1
imfjjvj^^	1
dodlrine	1
moment	1
arms	1
admiration	1
whim	1
experienced	1
ridicule	2
labour	1
diverting	1
inelegant	1
imagine	1
felf	3
millions	1
their	35
fmile	2
foil	1
fed	2
enough	1
feem	3
exifl	1
theology	1
ufed	5
prieft	1
meditating	1
fermons	1
immanis	1
nihilated	1
lawyer	1
ceftaiy	1
epithet	1
fortune	4
fopher	2
breach	1
containiiio	1
corns	1
continual	1
initiated	1
col	1
qualifications	1
phenomenon	1
pelled	1
durft	1
me	7
ployed	1
morning	4
third	3
cream	1
almoft	2
ends	1
phyfician	1
range	1
dancing	2
ually	1
tai	1
juftice	2
iliift	1
influence	2
whom	6
right	2
denounce	1
acquired	2
bare	1
vilible	1
pi	1
hundred	3
remedy	1
charge	2
hac	1
tx	1
mon	2
words	1
tranfports	2
embarrafs	1
began	2
alhances	1
mortals	2
fwirl	1
fure	1
beard	6
dia	1
adlually	1
governed	2
fwallowsthe	1
vibration	1
there	6
hatchet	1
cour	3
around	1
fhall	6
elo	1
hair	1
guilty	1
confider	1
breaking	1
ssras	1
conftitutional	1
knowledge	3
fourteen	1
folemnity	1
apphcation	1
ceeded	1
infepa	1
blun	1
colour	2
dent	2
mankind	3
neck	1
ling	1
people	6
performing	1
elled	1
buzzing	1
ri	1
belonging	2
manner	2
un	4
ceived	1
recolledied	1
lamprey	1
apprehenfion	2
naturally	2
fpheres	1
flo	1
wear	1
vblupte	1
friction	1
owed	1
monumental	1
heap	1
aniufed	1
before	1
jdivers	1
undergo	3
redundancy	1
celebrated	2
terrible	1
pride	3
unbiaffed	2
aflert	1
mercy	1
thin	1
received	1
young	5
pradica	1
my	31
purpofes	2
refearches	1
enfuing	1
box	1
difpofition	2
al	3
happened	1
gave	3
iflands	1
blind	1
elements	1
alarmed	1
ferocious	1
twelve	1
leaft	4
truly	1
mufi	2
paring	1
diilinguiihed	1
duties	1
exceedingly	2
extraordinary	2
upright	1
difcompoling	1
diveriion	1
pronunciation	1
wealth	2
tex	1
garden	1
fantaftic	1
marks	1
feat	4
derivation	1
perfidious	1
circumfped	1
dif^	1
fparkles	1
avas	1
philo	2
coft	1
devoured	1
paflion	2
attended	1
account	3
lliadcd	1
equal	3
capricious	3
tered	1
counfellors	1
kifled	1
fhrine	1
high	1
controverfies	1
abfence	1
indepen	1
thigh	1
univeriity	1
countrymen	1
arabic1digit	35
flieets	1
abrubt	1
finiflier	1
aftionable	1
reader	2
pen	2
infane	1
troublefome	2
caufes	2
rafli	1
quantities	1
ble	1
ad	7
fidgets	1
propofal	1
ftreet	1
diftemper	1
meeknefs	1
burthen	2
copans	1
its	3
wealthy	1
portion	2
was^but	1
fibre	1
ftravv^s	1
fweat	1
drefled	1
affured	1
mafter	2
itch	2
queen	1
authority	1
embrace	1
indivi	1
lan	1
feemed	5
witted	1
adually	1
fear	3
knew	3
ftrain	1
prelude	1
pipe	1
prefsly	1
venerable	1
pofieffed	1
times	8
at	59
tolerably	1
verfes	1
pofteriori	1
going	1
connexion	1
affright	1
hillings	1
flander	1
intend	1
nated	1
worfe	2
extacy	2
follow	1
metempfycholis	2
juices	1
luftre	1
foftened	1
wool	1
port	1
produced	8
fquinting	1
extremely	2
ato??i	1
fatellites	1
here	5
tranfmigrate	1
petty	2
mid	2
intelligence	1
emptied	1
jecfled	1
mighty	2
salamander	1
cipline	1
elegance	1
dignity	2
exhale	1
fuftered	1
citation	1
new	3
acknowledged	1
apathy	1
therefore	5
feafons	1
contained	1
plough	1
bowels	1
poo	9
cordwainers	1
philofo	1
particles	4
ftripped	1
hurried	1
adverfe	1
interefts	1
remark	1
tameft	1
live	1
faliied	1
full	1
made	6
hippocrates	1
clofet	1
approaching	1
return	5
gien	1
performance	1
adherent	1
foft	2
cried	2
profecution	1
bib	1
tranflation	1
commotion	2
fliall	1
odd	1
negation	1
than	16
faculty	1
chofe	1
abforbs	1
converfation	1
women	1
defolate	1
hazarding	2
detains	1
unprovoked	1
clamorous	1
waa	1
angle	1
body	8
t	6
//www.arcliive.org/details/liistoryadventure01smol	1
feparated	1
his	142
verriculum	1
with	80
declare	1
twin	1
matched	1
con	9
fource	1
vince	1
geography	1
tain	4
vehemence	1
brother	1
eledlrical	1
haberdafher	1
ccnfulted	1
peculiarities	1
killed	1
difchar2	1
divine	2
intirely	1
hare	2
hap	1
fhave	1
nioft	1
experience	1
except	4
unaffifled	1
triftich	1
meet	1
confideration	1
forfup	1
tremely	1
misfortune	1
condemn	1
backwards	1
can	6
interfered	1
do	2
well	6
elecftrical	1
fpeeches	2
creatures	2
luerfe	1
talents	2
menon	1
exift	1
dov^n	1
fit	1
enjoined	2
luminous	1
fuaded	1
riors	1
fatisfadtion	1
every	7
vice	1
the	586
flippej	1
eminent	3
tradion	1
inte	2
ant	2
few	2
jed	1
appari	1
extravagance	1
deftroy	1
cenfure	1
lliip	1
hand	2
condudt	1
fuperili	1
fire	2
organ	1
though	10
now	12
fame	7
eftablifh	1
believe	1
deliberation	1
sophocles	1
id	2
fo	15
difpofer	1
animating	1
barely	2
doft	3
rolls	1
oratory	1
advance	1
woman	2
making	2
condufl	1
reftrained	1
deci	1
back	2
bray	1
nifon	1
goofe	2
characsrer	1
operandi	1
birth	2
falfhood	1
favour	6
yielded	1
contrafted	1
planets	2
vigour	1
demi	1
unfold	3
detail	1
delighted	1
any	11
founded	1
illuminated	1
calf	1
noured	1
phyiicians	1
orc^er	1
caitiif	1
ufual	1
waggons	1
minift	1
guft	1
merchants	1
continue	1
opportunities	1
perform	1
ions	1
fleecy	1
griz	1
guage	1
privately	1
him	27
genius	3
ieneid	1
tell	3
afterwards	1
we	9
iliared	1
meeting	1
fparks	1
fcalp	1
attachment	1
sti	5
huge	1
fecre	1
cold	5
dictated	1
relapfe	1
whiting	1
ventures	1
he	117
firing	1
money	2
prophet	1
off	1
promulgated	1
vocation	1
mif	1
lefs	1
forgot	1
giles	1
infatiable	1
prefided	1
expofure	1
proteftations	1
hallow	1
gaining	1
jrevolution	1
dif	5
revile	2
dryden	1
bodies	1
voyage	1
help	2
eifec^	1
adjured	1
ocean	1
pafied	1
on	24
govern	2
tic	1
infirmity	1
reach	1
day	8
pindar	1
y	3
ry	1
malignant	1
lufion	1
vexed	1
hierarchy	1
retention	1
bon	1
thebonzas	1
convulfion	1
buftle	1
bafi	3
furmount	1
dodrines	1
provided	4
trou	1
age	3
gargantua	1
fooner	1
diftrefs	1
gefted	1
neceltary	2
defi	1
vileil	1
magazine	1
both	2
row	1
idol	2
threefcore	1
integrity	1
conveyance	1
fermon	1
adive	1
minds	1
ava	1
large	1
from	50
piftol	1
hebe	1
tenement	1
cloak	1
following	4
kin	1
oath	1
congenial	1
tranfcended	1
brindled	1
between	5
meanefl	1
<]iiterent	1
vang	1
poltefs	1
hoard	1
ponefe	1
a	237
repeated	3
fions	2
tune	1
horizon	1
coif	1
extolled	2
might	7
number	5
rapacious	1
cer	2
herodotus	1
comprehend	2
fovereigns	1
gratify	1
feveral	3
pro	6
whifpera	1
courteous	1
glutsei	1
ori	1
fjpe	1
luxury	1
proportion	1
kind	4
cha*	1
afhrill	1
acquainted	1
declaration	1
individuals	1
rotundity	1
lamb	1
not	41
refer	1
periodical	1
to	213
yefterday	1
beware	1
confiftency	1
law	1
royal	1
converted	1
matron	1
ill	1
ance	2
ufe	5
rapacity	1
fliine	1
others	1
na	3
infufed	1
kio^	1
fmall	4
perty	1
parifh	3
cotton	1
delicate	2
comprehends	1
march	1
curfed	1
demons	1
torture	1
endured	1
efpeci	1
within	3
thought	1
public	3
tranfad	1
andfqueezing	1
juno	1
boy	3
foul	3
application	2
fan	2
yet	8
ilate	1
v^ell	2
digreffions	1
elaftic	1
reiignation	1
tuation	1
immediately	1
ribaldry	1
fhook	1
like	6
in	201
maximus	1
objed	1
arabic3digit	2
endeavour	1
mailer	1
briftled	1
difhilled	1
fheets	1
fenfe	1
wull	1
loft	1
obey	1
ft	2
fancy	1
fuch	21
real	2
deno	1
palled	1
protedlion	1
exigence	1
yea	1
other	8
thefe	18
ferred	1
penfive	1
nickname	1
inftind	1
intereft	2
world	5
braver	1
knovv^	1
plebeian	1
very	10
perplexed	1
common-law	1
andfubalterns	1
tzv	1
^«rk	1
origi	1
hiflory	1
purchafed	1
neceflary	1
fi	3
fication	1
city	1
generous	2
ftarted	1
make	4
rancorous	1
mine	3
receive	1
minifler	2
ssas^ssjissjii	1
fecurity	1
bier	1
fpent	1
hafte	1
ning	2
dreadful	1
prefume	1
beginning	1
aloud	1
endued	1
rufed	2
derflanding	1
even	17
brought	2
alone	1
doftrine	1
dead	1
farther	1
affeded	1
publisher	1
ftool	3
was	123
drunk	1
goufier	1
fiance	1
univerfe	1
undulation	2
circulation	1
viljons	1
throne	4
acompofition	1
founder	1
populace	1
confequence	4
ftung	1
talk	1
wxre	1
until	1
expelled	1
fafety	1
indigence	1
profufe	1
employed	1
deftitute	1
fpirit	6
confirmed	1
centuries	1
relapfed	1
imputations	1
cock	4
forefee	1
chatter	1
folhcited	1
refined	1
occalion	1
rapid	1
thee	8
themfelves	3
painful	1
diur	1
confufion	1
together	2
roberts	1
matters	1
commander	1
daftardly	1
putrefied	2
explain	4
turning	2
block	1
dive	1
view	1
eddy	1
promifed	1
whifpered	1
hired	2
devotion	1
perturbation	1
flirewd	1
fmce	1
eft	1
eftablifhed	1
flipper	1
circumcifed	1
created	2
extraor	1
attach	1
nor	4
requeft	1
over	5
abfolute	1
property	2
ilighteit	1
worfhip	3
ordinary	1
fakku	3
conceit	1
heen	1
adve?2tures	1
lunacy	1
three	7
elated	1
gentle	2
repining	1
juft	3
thither	2
immediate	1
expofed	1
illumed	1
minifter	4
l«iiia*i|j|»lt|yi<^'4>^	1
penetration	1
laft	3
unprincely	1
elevated	2
organum	1
ner	1
mond	1
cafe	1
libraries	1
enlighten	1
fim	2
vion	1
hardly	1
pineal	1
fcarification	1
ke	1
fro	1
art	4
grace	1
lodgings	1
w	3
fridlion	1
careffed	1
natura	1
fpider	1
moll	2
hut	1
purfue	1
heredi	1
barren	1
enfued	1
pale	1
afterv/ards	1
ho	4
fubftances	1
accumulate	1
fhare	1
really	2
acci	1
hour	2
reprobated	1
inclo	1
things	1
filly	1
obli	1
feeminp	1
taper	1
fucceffion	1
led	1
terrors	1
tention	2
difciples	1
amount	1
nervous	4
cufed	1
pofle	1
quarters	1
nobiutation	1
attacked	1
tingle	1
place	2
miniftrations	1
fmiung	1
voice	6
great	16
fellows	1
fridion	1
termined	1
poftibly	1
hereditary	1
fawning	1
rank	2
old	3
pain	3
cir	1
ally	1
corner	1
couch	1
leech	1
power	6
heir	2
virtually	1
ghofi	1
unlucky	1
organs	1
of	448
biaffed	1
phyfics	1
indivifible	1
conftitution	2
incenfed	1
mora	1
names	1
ij	1
wheuned	1
part	8
compofe	1
adlual	1
becoming	1
fees	1
produce	1
vid	2
type	1
she	1
fimple	1
poke	1
fhut	1
infcribed	1
exert	1
effort	1
adulation	2
exenteration	1
delediation	1
globe	1
barber	1
frefli	2
ne	1
thefe/ouls	1
nar	1
no	33
underftanding	4
exhibits	1
internal	1
v/hich	5
amounted	1
temples	1
life	7
gainer	1
aftoniihment	1
religion	2
tics	1
vail	2
paid	1
collect	1
incredulous	1
underftood	1
ward	1
whey	1
principle	2
forely	1
ception	2
bag	1
without	13
guilt	1
rotten	1
declared	2
uke	1
laboured	1
gold	1
haft	1
fcenfion	1
letter	1
eafe	2
chaos	1
ftance	1
flimfy	1
fpecies	1
des	2
nicious	1
impreg	1
dr	1
plentifully	1
firft	9
dred	1
avoid	2
propofed	1
determined	1
thoufand	5
loofe	1
fteadinefs	1
faith	1
teeth	2
affirm	1
royalty	1
whofe	3
taken	5
halfway	1
judge	2
hope	2
defcribed	2
cat	2
digefted	1
order	3
learn	1
naturaiiil	1
per	3
houownefs	1
term	1
falling	2
cruelty	2
difarrange	1
beftow	1
audience	2
tried	1
furniihed	1
fway	1
eyes	4
liberal	2
year	2
elevate	2
havering	1
lo	2
during	4
becaufe	1
picked	2
analyfe	1
objedl	1
devoted	2
men	1
volumes	1
exifting	1
quarrelling	1
toiled	1
periftaltic	1
fmgular	1
contention	1
parifli	1
v^ithin	1
meafure	2
prefent	4
yub	1
perfed	1
inftitutions	1
fervant	1
good	5
thy	2
et	1
antiquity	1
connivance	1
indeed	7
falts	1
affiduity	1
fadl	1
rownefsof	1
lights	1
inclined	1
allowed	2
relating	1
ty	1
communication	2
forced	1
fucceffors	1
walk	1
filk	1
ha	1
bofom	1
pitch	1
print	1
whole	12
rephed	1
near	1
defcendant	1
irritation	1
adorned	1
toe	6
prefcnted	1
employing	1
devolv	1
written	2
humours	1
opened	1
whe	1
experiments	2
proftitute	2
effential	1
acquire	1
fitions	1
nefliy	1
tainment	1
courfe	4
roof	1
ti	2
moil	6
pedcftrian	1
faultering	1
plan	1
cholicky	1
quence	2
atom	30
ear	1
veins	1
placed	1
had	27
future	2
value	2
unto	1
pacific	1
rior	1
obferve	2
iince	1
so	1
diftin	1
famic	1
leaving	1
ftroaked	2
replied	1
reverend	1
province	1
aituager	1
pofed	2
compounded	1
courage	2
moft	18
vacant	1
pedeftrian	1
virtue	2
occupation	1
extol	1
cil	1
tlecock	2
ftudy	2
riated	1
averfe	1
give	2
yere	1
plain	2
failed	1
peace	2
am	5
forth	2
equals	1
v^hat	1
animofity	1
fcruple	1
commercial	1
immer	1
hama	5
foon	1
beholds	1
di	2
about	9
article	2
excellent	1
terms	2
himfelf	7
objedls	1
changling	1
afford	2
hislaft	1
irrita	1
ludicrous	1
man	7
olf	1
profefled	1
tive	1
deal	1
evidence	1
local	1
furely	1
will	15
confult	1
gleam	3
mofl	1
curious	2
prat	1
likewife	1
hi	1
whims	1
retained	1
ter	3
cabinet	2
precedency	1
hofpitality	1
benefit	1
mofh	1
st	1
laughing	1
agreeably	1
diftant	1
nakednefs	1
profound	1
compoiition	1
go	1
thirft	1
rum	5
fifty-nine	1
harangue	1
fentence	1
negatives	2
municated	1
rable	1
air	1
fpeftion	1
crevice	1
taught	1
lingly	2
youth	1
far	3
addrefs	2
odoriferous	1
fwallowed	1
negligent	1
percuffion	1
fouls	4
imbibe	1
flance	1
iron	1
anfwered	1
formerly	1
capacity	2
born	3
phi	6
licked	1
feen	1
thou	12
sera	1
inflamed	2
confe	1
appear	2
remove	1
tlon	1
remarkable	3
bungling	1
pha^no	1
imputed	1
required	1
v/hat	1
fation	1
quainted	1
thing	2
queftion	1
operator	1
culpable	1
unufually	1
removal	1
un«	1
flew	2
one	26
haddifplayed	1
atime	1
regard	1
dyfentery	1
your	4
compared	2
warmed	1
folly	2
funding	1
cultivation	1
robs	1
contadl	2
coldnefs	1
gland	1
ftant	1
fhort	2
lift	1
eight	1
productive	2
involuntary	1
impelling	1
contadlwith	1
magnificence	1
into	17
fuppofition	1
tainted	2
purblind	1
ideas	6
odour	1
apple	1
robinson	1
tormenting	1
difeafed	1
are	21
convicled	1
tingling	1
chief	4
quarrel	1
iituated	1
digious	1
promulge	1
ink	1
breath	1
hemming	1
fcorbutic	1
write	5
thrown	3
flaihes	1
balfamics	1
ings	1
hof	1
hun	1
enclofed	1
ma	2
adminiftration	2
oral	1
fmearing	1
care	1
fures	1
band	1
b	5
ce	1
pof	1
demur	1
lame	2
apotheoiis	1
abufe	1
jealoufy	1
diligently	1
laxation	1
applied	1
imported	1
greatly	1
turned	2
duck	2
retentive	2
fpirited	1
tindlure	1
refalt	1
fcfcival	1
counfellor	1
table	2
*'4i*btf*tt*yi	1
methods	1
appearance	1
hav	1
want	2
wood	1
prompting	1
tem	1
cypher	1
patron	1
ftraw	1
crew	2
afraid	2
humanity	1
know	10
till	2
faid	6
flrid	1
effefl	1
regulations	1
iible	1
emollient	1
kare	1
fwelled	1
prince	2
diurnal	2
eleufinian	1
ai	2
encounter	2
miffion	2
fiderable	1
fearched	1
juxta	1
fuf	1
ereded	1
deviate	1
blundering	1
neverthelefs	2
ka	2
treat	1
incident	1
by	74
impof	1
treafurer	1
fuccccdcd	1
geon	1
forbidding	2
kicking	2
leaky	1
cut	2
admitted	2
repofitory	1
light	3
railed	1
ofculation	3
grow	1
gun	1
eating	1
fcin	1
eifences	1
own	17
difcarded	1
powerful	2
dark	1
decide	1
effedl	1
ordinan	1
promifes	1
offer	1
sir	5
ingrafted	1
difcharge	1
peacock	13
taking	3
hurry	1
virtues	1
intermed	1
enrolled	1
enjoyment	1
rooft^	1
generally	4
mours	1
impatient	1
colours	1
coinufed	1
mind	4
drained	1
nono	1
two	6
fibres	1
enter	1
found	10
particle	4
fearful	1
cuftoms	1
placid	1
center	1
impo	1
tary	2
gentleman	1
rays	1
line	1
embraced	1
tickling	2
defcent	1
ftep	1
afpedt	1
fordid	4
mercury	2
meaning	1
bifliop	1
demonftrate	1
recommended	1
extent	1
brighten	1
habitation	1
coil	1
patriot	1
fa	2
lending	1
dream	1
obferved	1
agreeable	1
finds	1
intended	2
fmattering	1
rebellion	1
eil	1
fcratch	2
woodward	1
projedting	1
circulating	1
arabic4digit	1
chin	1
poets	1
tartnefs	1
ceremony	2
gobbled	1
rudder	1
negative	1
thyfelf	1
ihould	1
open	2
anticipating	1
foot	1
jonkh	1
moods	1
conftituted	1
more	14
fignifies	1
immoderate	2
parents	1
belly	1
grey	1
divided	2
fingular	1
gore	1
hberal	1
difeafe	2
accomplifh	1
reptile	1
demonftrated	1
fet	2
lib	1
intuition	1
bupoy	1
jt	1
gined	1
mencing	1
entitled	1
waving	2
dl	1
impaired	2
cooks	1
paffion	1
bear	3
m^»v*m^tiar^	1
paper	1
fpirits	2
where	6
vivant	1
phical	1
compo	1
gran	1
renowned	1
nail	3
lord	1
independent	1
enrich	1
breech	2
fufpended	1
thus	8
thereof	1
nours	1
rendered	1
rial	1
pockets	3
zled	1
pert	1
m.ofi	1
command	1
memory	1
forefeen	1
cape	1
aggregate	1
university	2
fubfufcan	1
flared	1
t*!«i*m*#mh««*#	1
night	4
difcuffions	1
merry	2
infamy	1
tinguiihed	1
filch	1
navy	1
fphere	1
additional	1
recreations	1
delight	1
liberty	2
prayed	1
prefence	1
grave	2
m	5
covered	1
them	8
refped	2
joicings	1
confiflent	1
ftink	1
fuccefs	3
harden	1
charad	1
fucceffively	1
fublunary	1
government	3
s	5
malicious	1
affembled	1
half	2
timcj	1
accident	2
queft	3
joiced	1
rafcal	1
moulded	1
nightcap	1
eftate	1
motion	1
rock	1
greek	2
avarice	2
candidate	1
able	4
fail	1
quite	1
rage	2
ebro	1
particularized	1
biipoy	1
ftill	4
gut	1
after	7
total	3
fcruples	1
rather	3
pleafure	10
elbowing	1
kicked	1
ruh	1
matter	3
perkins	1
eftabliflied	1
filver	1
hur	1
enormous	1
engage	1
ca	1
ra6terifes	1
mach	1
mariner	2
ment	4
i	100
perfonal	1
fpecified	1
hoc	1
exempt	1
cui	1
bate	1
numeration	1
praife	1
is	34
nour	1
dewed	1
privilege	1
tervention	1
d	6
agree	1
temple	3
regularly	1
obliging	1
vile	1
reached	1
inceffant	1
if	7
contemptible	1
but	38
that	98
got	7
baleful	1
weft	1
tile	1
perpetual	1
meyer	1
fieili	1
fhifted	1
r	3
revolutions	1
enjoy	2
gin	1
obtain	1
multipli	1
throat	1
fcatefman	1
shi	1
whiftle	1
iire	1
fcene	2
effet	1
emotion	1
riod	2
ftation	3
goat	2
noftril	1
fpeech	1
executioner	1
trepi	1
becomes	1
fay	3
unde	1
diflionoured	1
eftimation	1
treafure	1
neighbours	1
t^ke	1
emerfions	1
horn	1
sey	1
gravefl	1
red	1
uncommxii	1
honefl	1
ground	1
recreate	1
thened	1
fond	2
ve	1
remotefl	1
fiy	1
holieft	1
abflerlive	1
court	3
tomorrow	2
palace	1
obtained	3
manure	1
chat	1
univerfil	1
