visited	1
lous	1
tho’	1
beauty	15
cheek	1
acquitted	1
dreary	1
rejoicing	1
disappoint	2
currence	1
queen	1
observance	1
supplied	1
enquiring	2
threw	1
mourned	1
endeavoured	4
fear	6
early	8
accomplished	1
proportionably	1
knew	3
soft	6
grants	1
obeyed	2
pleasant	3
chambers	1
lain	2
superstition	1
concerning	6
times	1
at	40
stair	1
templation	1
mouth	1
nerve	1
d	9
northern	1
require	1
report	1
authors	1
vaulted	1
fairy	1
pain	4
lined	1
symphony	1
agitated	2
vour	1
ex	2
ſeemed	2
follow	3
high	5
cause	3
difference	1
completely	1
late	4
en	6
afterwards	1
their	28
diſposition	1
met	5
produced	1
thoughts	6
see	2
only	25
gradual	1
artifice	1
here	5
slight	1
edge	1
uncommon	1
case	1
points	1
disclose	2
rises	1
unwelcome	1
hended	2
loose	2
flame	1
accepted	1
bility	1
beckoned	1
neighbouring	1
called	3
vanity	1
sinks	1
insipid	1
sub	2
vulgar	2
fight	1
represented	1
leaving	1
former	3
lingered	1
proclaimed	1
new	7
creased	1
lose	1
savours	1
pleasure	13
longer	3
brance	1
built	1
licentious	1
imagined	1
sonnet	1
contained	1
fea	1
neighbour	1
if	5
marchi	1
them	13
repentance	1
sympathy	1
arabic2digit	53
church	1
relieved	1
picture	4
excited	5
cused	1
laughingly	1
frequently	2
loss	1
pleased	2
ardent	3
second	3
shores	2
sensibilities	1
hurried	2
sunshine	1
event	1
shaded	2
traveller	1
speechless	1
sweetness	3
embowered	1
died	1
quis	5
rits	1
private	1
interrupt	1
full	4
made	8
ap	3
domestic	1
stealing	1
purpose	2
bernini	3
pupil	1
return	3
objects	3
undisturbed	1
consciousness	1
ened	1
rung	1
pect	1
plea	1
h	1
undertaking	1
why	1
summoned	4
education	2
sudden	2
fabric	2
alone	3
hood	1
surprize	1
imme	1
eminently	1
enquiry	1
scarcely	5
lºt	1
than	13
timents	1
attainment	1
appre	3
renewed	3
spi	3
lean	1
women	1
medy	1
music	7
divided	2
angle	2
termed	1
dows	1
sighed	4
forming	1
t	3
ments	4
put	1
peased	1
land	1
beloved	1
pathetie	1
propernoun	33
scene	15
rais	1
with	144
blushed	1
just	3
con	5
arrival	2
surveyed	2
dignified	2
conspicu	1
geography	1
deli	1
emotions	3
forbade	1
enslaved	1
pur	1
chill	1
glad	1
usual	4
essential	1
trated	1
twelve	1
gate	1
repaid	2
rit	2
arabicprice	1
versions	1
sensibility	1
anxious	1
ceptible	1
vio	1
mo	1
ok	1
frequenting	1
length	13
illuminate	1
endeavouring	1
considerable	1
dressed	1
amid	1
forward	2
except	1
confession	1
unpleasing	1
afforded	4
commissioned	1
uninteresting	2
noble	4
misfortune	1
vanished	1
quently	1
longing	1
derable	1
satis	1
can	3
terminated	1
painting	2
do	1
pupils	2
uneasy	1
well	4
mind	20
served	8
rose	2
hands	1
forms	3
terrified	1
drew	2
wife	3
earnest	2
menon	13
circum	2
simple	3
captive	1
equally	3
proper	2
grandeur	1
complained	1
such	8
inten	1
successive	1
scru	1
every	13
smiles	1
affect	1
vice	1
reception	1
rapture	1
tured	1
the	758
curled	1
which	127
o	5
jectures	1
break	1
professions	1
situation	4
acclivity	1
certainly	1
sea	7
rived	1
given	2
few	6
abashed	1
did	7
herself	11
receiving	1
repose	1
perceived	7
sensation	2
apparent	2
hand	3
disdain	1
fire	2
neglect	1
attend	2
scension	1
though	10
now	32
dissolved	1
fame	1
rite	1
oc	1
reproof	1
fine	3
instruments	1
senger	1
remember	1
sple	1
sleep	6
numerous	3
recorded	1
tall	1
swelled	2
ancient	1
refreshed	1
particu	1
presented	6
distinction	2
captives	1
jected	1
sailed	1
her	227
woman	1
mental	2
cares	1
walked	1
back	1
being	2
render	3
bro	1
es	1
nite	1
while	2
gloomy	5
forlorn	1
manners	4
turbulence	1
scurity	1
valuable	1
splendidly	1
laid	1
pliſhments	2
unfold	1
emphatically	1
decent	1
delighted	1
any	7
deur	1
earth	2
embellished	2
bled	1
dull	1
gaged	1
ducted	1
tle	1
influence	4
melan	2
hear	2
illuminated	1
ousness	1
please	2
along	2
sus	1
clock	2
disregarded	2
melting	1
neck	1
symp	1
astonishing	1
lamentation	1
t’	1
elapsed	1
individually	1
ſilence	1
deposit	1
ſhould	2
hopes	1
finishing	1
voluptuousness	1
expensive	1
strike	1
companied	1
sig	1
circles	1
attended	2
equal	1
fantastic	1
romance	2
lp	1
who	22
chearfulness	1
coolness	1
longed	1
respect	1
plishments	1
union	1
genius	1
fifth	1
retrace	1
accompani	1
very	10
dying	1
guished	1
less	3
uninhabited	1
imperfectly	1
impetuous	1
reflection	2
address	3
immense	1
interred	1
encourage	1
airs	1
lent	1
despair	2
enchantment	2
alluring	1
long	12
attachment	1
pyramids	1
note	1
required	1
cold	2
opposite	2
superceding	1
saluted	2
employed	2
portrait	1
beau	1
proceeded	1
notes	2
but	39
mazzini	9
degrees	1
marquis	23
hitherto	4
scrupulous	1
features	4
pause	1
sounds	4
turn	1
pianoforte	2
magnificence	1
sen	2
prevent	1
attracted	5
iſe	1
way	1
heart	25
bosom	2
cruel	2
forgot	2
home	1
sighing	1
firework	1
bed	2
tormented	1
stone	1
obedience	1
lars	1
affection	4
sisted	1
rela	2
call	1
stole	1
dif	1
perpetuate	1
ſhe	3
moonlight	1
blue	1
train	2
lady	12
madam	2
on	26
either	5
chapter	2
harmony	1
tic	1
tleness	1
alas	3
sic	1
indifference	3
overhung	1
attempts	1
fickleness	1
day	9
revolved	1
shut	3
y	1
arranging	1
singular	2
almost	7
horizon	1
species	2
unfeigned	1
welcome	2
bright	1
bent	1
depicture	1
friendly	1
sheds	1
glittered	2
quit	2
smiling	1
volatile	2
grand	5
yesterday	2
bend	1
perfidy	1
abilities	1
trembled	4
ters	1
insensible	1
provided	1
welcomes	1
taste	5
age	1
ham	1
breast	3
enchanting	5
although	2
friendship	1
quickly	4
igno	1
inconstant	1
ruins	2
collrts	1
receive	4
fell	1
effects	2
poetry	1
frigid	1
described	1
task	2
row	2
ral	1
uniformity	2
quent	1
fečt	1
or	12
house	2
beheld	3
and	407
cure	1
count	22
all	25
trenuor	1
reason	2
residence	2
success	1
present	10
eternal	1
object	5
va	1
commanded	2
from	53
course	2
capable	2
assem	1
continued	3
em	1
pointed	3
mean	1
uncommonly	1
congenial	1
desert	1
quitted	4
ſome	2
courts	4
further	4
flight	1
danced	3
walls	5
convinced	1
predecessor	1
repeated	2
gen	2
wonderful	1
cussed	1
irresistibly	1
win	1
awaited	2
dependent	1
guidance	1
disdaining	2
son	7
al	4
heighten	1
se	3
uneasiness	4
entrance	2
weak	2
moved	1
arcades	1
elude	3
seve	1
soul	3
apartments	8
thus	7
luxury	1
impart	3
instructed	1
ſic	1
ly	4
departure	1
choly	1
proceed	1
toms	1
marchioness	22
child	2
restraint	1
dreaded	1
breathe	2
not	32
stant	1
template	1
rive	1
mi	1
to	274
steep	1
near	5
outside	1
temperate	1
there	9
how	7
unison	1
remembrance	2
assisted	1
therefore	4
quieted	1
ance	1
pure	1
na	3
scenery	1
shall	3
german	1
violincello	1
it	57
silent	5
however	13
vol	3
1ng	1
desires	1
drawing	2
shared	1
suffered	1
themselves	2
spend	2
foot	1
endured	1
qualify	2
smiled	1
reflected	3
majority	1
sorrows	3
animated	2
secluded	1
hold	1
no	20
within	1
lover	1
peopled	1
alledges	1
ineffectual	1
unkindness	1
magic	2
children	1
prised	1
distinct	1
variegated	1
hours	4
oness	1
considered	2
involuntary	1
fan	1
bearing	1
yet	12
offspring	1
enced	2
animation	1
lonely	1
fair	1
god	1
plex	1
diffuse	1
phenomenon	1
usually	1
abate	1
haste	1
select	1
entendered	1
immediately	3
expressed	5
sicilian	4
forgetfulness	2
mild	2
like	2
in	165
descended	3
advanced	2
error	1
secret	5
materials	1
stillness	1
crown	1
ficence	1
supped	2
remainder	3
library	1
finely	2
neither	3
kindness	1
twenty	1
arabic1digit	28
stitious	1
groups	1
perceiving	1
straits	3
discover	4
war	1
opposed	1
vain	1
thence	1
parlour	1
madame	37
room	9
deep	1
endure	1
resounded	1
his	78
entertainment	1
rendered	2
ſide	1
stand	1
then	7
abstracted	1
produces	2
margin	1
incidents	1
oppose	1
reappear	1
hoped	2
waste	1
dared	1
reigns	1
tone	2
leisure	1
indulgence	2
ed	26
world	6
consi	1
tasso	1
remote	1
accumulates	1
glanced	1
desire	2
result	1
everything	1
mountains	1
funeral	1
sex	1
refinement	3
pro	3
execu	1
rapidly	1
never	6
della	2
free	1
building	1
unsteady	1
motion	1
guided	1
collations	1
rendering	1
partner	2
flattering	1
reserve	1
medicine	1
city	1
alarm	4
estate	1
susceptible	3
dinner	1
mine	1
sensible	3
short	4
desolate	1
ball	5
nify	1
resolu	1
existence	1
low	2
proſ	1
grounds	1
mount	2
dreadful	2
each	2
first	4
doubts	1
much	5
even	6
brought	2
particulars	2
enable	1
shook	1
dead	1
authoress	1
fee	2
intricate	1
wandered	2
happiness	5
breathed	2
our	8
subjects	1
terror	3
rooms	3
mornings	1
sense	5
was	169
accompanying	1
played	2
athlin	1
struck	5
streamers	1
applied	1
damps	1
reply	2
look	5
intricacies	1
warm	3
bay	1
fect	1
flash	1
live	1
neapolitans	1
forgiveness	1
defied	1
forsaken	1
super	2
roman	2
lamps	4
additional	1
play	2
chords	2
ſhore	1
arranged	2
applications	1
weep	1
tears	2
remains	1
cease	1
cies	1
mirably	1
ing	14
away	4
torn	1
sullen	1
polished	1
refined	1
studied	1
rapid	2
relative	1
shone	1
introduced	1
spent	2
assembly	1
hung	4
supposed	1
himself	4
giving	2
consolation	3
married	2
sister	7
ſhooting	1
friend	2
tranquillity	5
expansion	1
guile	1
sistibly	1
approaching	2
together	2
preſſed	1
attained	1
character	7
regretted	1
dawn	2
com	2
legacy	1
contrasted	2
familiar	2
ings	2
fully	1
suited	1
m	1
pavillion	5
acce	1
inform	3
hension	1
impossible	1
anguish	1
minds	4
have	12
sink	1
up	8
placename	12
pages	1
disposi	1
mentioned	4
removed	2
exclaimed	1
words	4
casement	1
pasted	3
effect	6
irre	1
requisite	1
you	19
skirting	1
presently	1
derness	1
been	14
information	1
corroded	1
expand	2
large	3
expectation	3
mor	1
vainly	2
reject	1
relief	1
columns	1
qualified	1
majestic	1
n	7
subject	4
extraor	1
silk	1
nor	2
positive	1
steals	1
festive	2
hesitate	1
conceal	2
social	1
unchilled	1
circumstance	4
arrive	2
sublimity	2
asto	1
experi	1
round	4
impressions	1
erected	1
ir	1
history	3
nobi	1
through	11
gentle	3
deeply	3
morphosed	1
thither	2
dis	2
complacency	1
model	1
annual	1
necessary	2
suppli	1
tender	4
flaxen	1
enthral	1
operated	3
prudence	1
dear	2
assistance	1
plunder	1
ruin	1
interrup	1
dread	1
centre	1
ness	6
af	2
nature	2
hospitality	1
formed	8
symmetry	1
instead	1
beguil	1
io	1
excelled	3
auburn	1
against	1
b	6
dinary	1
art	5
vicinity	1
seem	2
cheerfulness	1
several	5
tranquil	3
variable	1
invited	1
often	6
appear	2
reluctance	1
brows	1
raised	5
pleasantness	1
inferior	1
arose	3
sportive	1
various	6
unknown	2
failed	1
expressive	1
us	5
prevailed	1
upon	22
penetrated	2
despairing	1
fury	1
pleasing	2
impresses	1
excellence	2
illusion	1
reports	2
bo	1
drawings	1
jea	1
cealed	2
stance	2
anticipated	1
hour	12
trees	1
heard	1
entranced	1
niature	1
imagi	2
reigned	2
fir	1
hip	2
recoiled	1
mutual	1
domestics	2
lateness	1
led	6
neral	2
practice	1
tention	1
blushes	1
nice	1
uninhabit	1
behaviour	4
gazing	1
ask	1
ventured	2
united	3
natural	5
ways	1
erup	1
lost	6
lime	1
pressure	1
ference	2
piece	1
remem	1
place	2
fre	2
awakens	1
beauties	1
voice	3
great	5
indefinable	1
transform	1
melancholy	7
came	3
circustances	1
boundless	1
bore	1
week	3
what	9
latin	1
cir	1
s	7
edifice	3
mantic	2
suddenly	2
rocky	1
nothing	2
attractive	1
possession	2
stopped	1
meant	1
power	9
rest	1
hereyes	1
rous	1
amuse	1
most	12
injustice	1
spaciousness	1
appeared	14
evening	8
absorbed	1
musical	1
alarming	1
snows	1
enchanted	2
seldom	4
of	466
beautiful	8
complexion	1
time	15
steps	3
powers	5
ten	2
serious	1
chioness	7
amours	1
poſe	2
part	15
south	3
dunbayne	1
vivid	1
reappeared	1
senti	2
racter	1
produce	2
solitude	2
flourishes	1
manuscript	1
lower	1
striking	1
rare	1
charge	3
affected	2
netic	1
spacious	2
castles	1
lay	1
conjured	1
exquisite	5
reasonably	1
sina	1
gage	1
astonishment	1
jewels	1
followers	1
particular	4
timidity	2
joy	5
cret	1
learned	2
bandellets	1
personalname	98
immediate	2
rious	1
manly	1
passions	4
dissipated	2
death	4
substituted	1
adapt	1
those	22
take	2
said	10
restrained	1
affliction	1
inno	1
when	28
intelligent	1
advances	2
person	7
treated	2
life	7
lasting	1
bending	1
expected	1
press	1
frank	1
repast	1
impassioned	1
carriage	1
figure	8
tº	1
teenth	1
as	43
mu	2
grass	1
increased	1
restless	3
agitation	2
reflec	1
regions	1
solicitude	1
comprehensive	1
deriving	1
traits	2
without	9
guilt	1
absolutely	1
distin	2
declared	1
magni	1
repulsive	1
tables	1
gold	1
tempted	1
invention	2
haughty	2
fears	4
smile	3
chosen	1
resting	1
seemed	16
pired	2
concluded	4
elevated	1
ever	8
favour	2
havingſuffered	1
find	2
ornamented	1
felt	4
fected	1
centered	1
unreasonable	1
deter	2
state	6
years	7
distrust	1
clouds	1
spots	1
ation	1
silence	6
profusion	2
flatterers	1
inhabitant	1
ted	1
determined	1
became	5
paternal	1
estates	1
colours	1
surveying	1
tradition	1
diſ	1
he	65
charm	2
frequent	1
ceiving	1
desolation	3
tion	11
travels	1
ducing	1
resemblance	1
enjoy	1
ficene	1
mingled	2
exalted	2
suite	1
comparing	1
constant	1
ken	1
feeling	2
dine	1
pursuits	2
purposed	1
kind	2
following	3
door	3
occasion	2
spirit	2
north	4
feminine	1
good	4
hearer	1
immersed	1
judge	1
sincere	1
arise	1
since	5
cat	1
conspire	1
dictate	1
order	1
tower	4
class	1
image	2
p	1
per	4
domains	2
fringed	1
melody	1
public	1
ones	1
study	1
may	4
resolved	1
division	5
under	4
speaking	1
elder	1
fancy	2
fouthern	1
trating	1
addressed	1
priest	1
maternal	1
perplexed	1
eyes	14
indif	1
they	47
father	3
this	34
visible	2
visitor	1
beholder	1
we	9
retinue	1
country	1
strument	1
during	3
conversation	13
dignity	4
deserved	1
invitations	1
for	64
property	1
ordered	3
higher	2
highly	1
tirement	1
belonging	3
discovery	2
educated	1
propriety	1
inconsiderable	1
sipations	1
bind	1
devoted	2
grace	5
volumes	1
superior	1
anxiety	5
inconsider	1
prayer	1
disturbed	2
passion	1
vessels	1
dame	5
lents	1
generous	2
mar	12
favou	1
nation	2
assiduous	1
cent	1
severe	2
ho	2
massey	1
conscious	4
infi	1
quickness	1
brother	4
duty	1
illusions	1
sur	2
partake	1
indeed	1
strength	2
curiosity	6
castle	37
flow	1
caught	2
recalled	2
sons	1
guiding	1
conversa	2
waituºs	1
bliss	5
told	3
permitted	3
relating	1
remaining	1
fate	1
paid	1
guish	1
softness	2
sort	1
six	1
experience	1
renew	1
naturally	1
relat	1
deserving	1
thoughtful	1
whole	3
hope	4
allows	2
printed	1
flute	2
instructions	1
weakening	1
delights	1
sincerity	1
mystery	1
italian	1
inclinations	2
regular	2
last	3
adorned	3
morn	1
restore	2
captivated	1
wreaths	1
recurred	1
communication	1
hinges	1
meet	3
exhibited	5
cion	1
opened	8
afflicting	1
breeze	1
distance	1
hue	1
selecting	1
custom	1
remembered	1
had	77
excluded	1
gaiety	6
change	1
unutterable	1
left	3
sweet	8
dejected	1
senses	2
tainment	1
supe	1
height	1
different	2
roof	1
gination	1
inter	1
flowing	1
destructive	1
desirous	1
an	44
turrets	1
questions	1
these	9
flected	1
step	3
lies	1
accompany	1
ear	1
fled	1
ima	3
seat	1
necessity	1
secretly	2
unseen	2
placed	2
air	15
race	1
future	1
occupied	2
supported	1
value	2
fifteen	1
halls	4
turned	4
musici	1
rior	1
always	2
chara&er	1
imagination	8
oblivious	1
ca	1
lity	1
ples	2
family	7
roses	1
generation	1
are	17
remain	1
closet	7
cident	1
roofs	1
e	5
witnessed	1
side	5
irksome	1
consci	1
maintained	1
spires	1
inflame	2
convent	3
province	1
sometimes	1
murmur	1
floated	1
reflections	1
courage	1
a	212
preparations	2
darkness	1
busy	1
lours	1
chap	2
nity	1
luxuriance	1
ta	1
gloom	2
others	2
situated	1
dissipation	1
recollected	2
weakness	2
virtue	2
ah	1
apartment	9
nights	1
admira	1
remembrances	1
among	1
arriv	1
veiled	1
remained	5
insensi	1
i	41
hensions	1
inhabited	3
pride	4
heavy	2
dwelt	1
hid	1
gallery	5
peace	3
am	1
forth	1
yond	1
deluged	1
boundaries	1
gaieties	2
mysteriously	1
eminence	2
stands	1
fast	1
easily	1
comforted	1
exercise	1
di	2
about	4
court	3
dilated	2
sensations	5
apart	2
graceful	3
palpitating	1
returned	1
rather	3
decoration	1
happy	6
books	3
man	6
der	2
above	1
sofas	1
tive	1
repeat	1
white	1
sentiments	5
daughters	8
once	5
evenings	1
will	4
splendid	4
going	1
interest	2
sway	1
rant	1
related	3
assume	1
wretch	1
sultry	1
cumstance	1
mirth	1
directions	1
lock	1
battlements	1
retained	1
answer	1
ter	3
o'er	1
magnificent	2
sought	6
gled	1
heaven	3
series	1
street	1
me	8
messina	2
makes	1
st	1
laughing	1
temper	2
fragments	1
fitted	1
fickle	2
superstitious	1
countess	1
benevolent	2
be	41
go	1
glow	3
ar	1
strong	2
enjoyments	2
ridiculous	1
subdue	1
springs	1
winning	1
dishes	1
retired	6
withdrew	3
unhappy	1
happineſs	1
over	6
applause	2
perhaps	2
impatiently	1
paced	1
crowned	1
taught	3
followed	5
ornaments	1
tates	1
youth	1
far	1
observer	1
by	70
depended	1
pearl	1
scrutinizing	1
stood	3
thrilled	1
ped	1
listened	1
alive	1
east	2
out	2
verned	1
gates	4
ous	2
executed	1
rust	1
sacri	1
calm	1
ladies	3
lamenting	1
iron	1
feelings	1
were	66
intention	3
formerly	2
wholly	1
mother	7
volum	1
satisfaction	1
cond	1
proudly	1
pursues	1
commonly	1
picturesque	2
watched	2
book	1
funk	3
respectful	1
arrogant	1
min	1
connected	1
splendor	3
vals	1
wit	1
whither	1
spirited	1
arts	2
remarkable	1
toward	1
younger	2
hall	8
reality	1
let	1
entitled	1
ºl	1
imputed	1
possible	1
tures	1
another	2
reconcile	1
looked	4
separated	2
affair	1
dews	1
surrounded	2
impatience	5
misfortunes	2
gay	3
ease	6
decorations	1
principal	3
ge	2
phasis	1
disturbance	1
merit	2
throb	1
roused	2
fascination	1
flew	2
irregular	1
aetna	1
one	16
dependant	1
hastened	1
accord	1
appearances	1
distinguishable	1
your	7
compared	1
displeasure	2
occurred	1
cultivation	1
company	7
some	19
surprised	2
thought	7
returning	1
sentiment	2
veil	1
awakened	1
celebrate	1
asso	1
sioned	1
general	7
porary	1
ven	1
colourless	1
proof	1
vices	1
elegant	5
beat	2
blaze	1
into	22
knowledged	1
buildings	1
allotted	1
truth	1
preserve	1
observing	1
execution	1
eagerly	1
meta	1
filled	3
nished	1
ideas	1
sion	2
progress	1
daugh	2
nance	1
disorder	2
communicated	1
instance	3
unlimited	1
alighted	1
nd	2
universal	1
airy	5
chief	3
could	11
consisting	1
mes	2
th	1
act	1
breath	1
beam	3
collected	2
inexpressible	1
thrown	3
fondness	1
adjoining	1
cheerful	1
tiresome	1
too	10
mirrors	1
laughed	3
ence	1
explanation	1
sorrow	6
before	11
politeness	2
ma	5
tiny	1
lovely	1
mily	1
tones	1
fancies	1
permit	1
care	6
luxuri	1
scenes	3
band	1
wished	1
speak	2
ce	1
preserved	1
bounded	1
si	2
other	10
many	7
glittering	1
beneath	1
cilian	1
disappointment	3
distances	1
amongst	1
plied	1
nate	1
affec	1
vehement	1
eager	4
diffused	1
small	6
despised	1
habits	1
sigh	5
read	2
love	6
moments	6
attention	5
wisdom	1
manner	5
table	1
pardon	1
honours	1
appearance	9
hav	1
seized	3
consider	2
want	1
un	3
degree	6
emotion	5
evil	1
signified	1
tem	1
conduct	5
bewildered	1
fixed	4
audience	1
windows	3
enveloped	1
humanity	1
forgotten	1
compelled	2
interceding	1
enquired	2
know	3
till	7
glimmering	1
winding	1
masterly	1
abstracts	1
form	2
sparkled	1
visit	3
communicating	1
suspi	1
might	5
irritated	1
de	21
caſtle	4
dominate	1
gazed	1
dispatched	1
uncertain	1
pursue	1
period	4
destroyed	1
tania	1
known	1
touch	1
accorded	1
combined	1
parts	1
nner	1
swept	1
ac	5
content	1
valley	2
ef	1
surprise	2
knowledge	2
lence	1
trembling	1
believe	2
should	3
chanting	1
mention	2
abroad	1
preceding	4
still	10
idea	2
sound	2
story	1
view	5
learning	1
ideal	3
wild	3
denies	1
loved	7
forwards	1
undue	1
unmix	1
improvement	2
marked	2
disposition	5
alike	3
asked	1
cacy	1
believing	2
inference	1
head	1
light	15
croud	1
voices	1
having	2
glowed	1
illumined	1
persevered	1
blush	1
mortified	1
whose	17
dark	8
signal	2
judgment	1
peculiar	1
orders	2
re	10
grandfather	1
ignorant	3
own	9
ture	1
apt	1
name	1
shutters	1
delicacies	1
ætna	1
belongs	1
resignation	2
powerful	1
shore	2
tongue	1
habitants	1
closed	1
tillen	1
regret	5
splendour	5
complacent	1
terminating	1
flies	1
incessantly	1
º	4
fečted	2
presence	2
feel	1
vistas	1
diately	2
imperious	1
avidity	1
days	2
fuu	1
soon	8
summer	3
interesting	3
circumstances	3
isle	1
daughter	1
hurry	1
virtues	1
determination	1
friar	2
faintly	2
disguise	1
erase	1
generally	1
experienced	4
pathetic	1
nt	1
keys	4
proportioned	1
coquetry	1
condemned	1
come	1
spot	4
means	2
strains	1
tale	1
unbounded	1
exulted	1
sole	1
whom	7
absent	1
aggregate	1
awe	1
two	3
believed	5
months	1
ray	2
lift	1
found	9
eye	12
weeds	1
mined	2
conducted	1
fic	1
pre	4
detain	1
derstanding	1
claimed	1
evaporated	1
eighteen	1
triumphal	1
lively	3
column	1
decisive	1
diversions	1
arabic3digit	3
symptoms	1
distinguished	2
distress	1
benevolence	1
dig	1
timid	4
fore	1
assembled	3
rusted	1
action	1
musician	1
profound	1
woods	7
extent	2
again	4
importance	1
hither	1
unaffected	1
romannumeral	11
possibility	1
swell	1
walk	1
fa	2
avi	1
pas	1
cavalier	1
crime	1
prejudice	1
issued	1
venerable	1
ob	2
improve	1
perplexity	1
dance	3
prayers	1
would	16
conclusion	1
single	1
denied	1
wishes	3
agreed	1
charms	5
elegance	5
mark	2
hastily	1
conde	1
vibrated	1
miniature	1
arabic4digit	2
nobility	2
counter	1
lights	2
strongly	2
has	5
cannot	1
wonder	2
labour	1
ab	1
open	7
little	6
mournful	1
committed	1
awaken	1
distinguish	1
obtruded	1
chagrin	1
influ	1
disposed	2
common	1
mand	1
overcame	2
ful	1
yielded	1
desired	3
politus	1
western	1
spread	2
passed	3
willing	1
southern	9
pany	1
submit	1
moment	1
sufficient	1
area	1
admiration	6
inherited	1
gined	2
resided	1
next	1
scattered	1
fabrick	3
discovered	2
relate	1
jealousy	1
quick	1
arrived	3
clear	1
impatient	2
vivacity	1
delicacy	4
recollection	1
real	1
inspired	3
saloon	2
wept	3
exceeded	2
notice	2
voluptuous	2
observed	7
overgrown	1
enough	2
lest	2
where	5
servants	9
unconquerable	1
disgust	1
stanza	1
lute	5
ro	2
countenance	6
both	2
solemnity	1
due	1
gran	1
observations	1
sight	1
lord	2
allowed	1
affrighted	1
graces	1
particularly	1
stracted	1
dined	1
increase	1
surviving	1
engaging	1
flood	1
lieved	1
shade	2
amiable	1
engaged	2
retirement	1
decay	1
continual	1
noblesse	2
movement	1
also	2
mistake	1
owards	1
command	2
approach	1
ans	1
magician	1
classes	1
childhood	1
fainted	1
she	152
pleasures	3
morning	4
broke	3
ascended	1
painted	3
past	2
window	6
extreme	2
night	7
paltry	1
pene	2
romantic	1
cast	1
range	1
supper	1
duet	1
enabled	1
peculiarly	2
impas	1
inviolable	1
retire	2
desirable	1
delight	10
measure	1
acquired	1
overbearing	1
prized	2
deprived	1
beyond	3
palace	1
simply	1
covered	3
changed	2
lightly	2
entirely	2
descendant	1
joined	1
obliterated	2
vourite	1
confining	1
ciation	1
boast	1
coast	1
enormity	1
fun	1
governed	1
whenever	1
equalled	1
solemn	1
abandoned	1
slopes	1
eden	1
cha	1
obscure	3
amount	1
around	3
cation	1
unusual	1
painful	8
pavilion	1
tempered	1
hair	4
happi	3
dulge	1
solitary	1
request	1
inimical	1
apprehension	3
pressive	1
half	1
accident	1
exert	1
op	2
support	1
festival	3
ceeded	1
fruit	1
aspect	1
clouded	1
emo	3
sible	1
understood	1
riously	1
disturb	1
profu	1
able	1
society	2
fail	1
opening	1
tions	4
reverses	1
chiefly	1
impressed	1
glooms	1
fice	1
chamber	4
rival	1
sent	2
mistaken	1
wish	3
after	17
endea	1
wretched	2
counte	1
ceived	1
doubt	1
staid	1
touched	7
ceased	1
yes	1
mysterious	1
pass	1
wherever	1
fort	2
believethat	1
impos	1
drawn	2
lately	4
interval	1
later	2
cin	1
engage	1
so	28
houshold	1
seating	1
despise	1
refuses	1
ment	4
echoed	1
modest	1
gayest	1
unction	1
rejoicings	1
alter	1
paniment	1
entered	8
difficulty	3
mien	1
is	26
concerns	1
nour	1
amusements	3
freedom	2
quired	1
exhausted	1
interwoven	1
received	5
young	17
horrid	1
force	1
fleeted	1
my	19
disappeared	2
concerned	1
fancied	2
tenderness	5
sup	1
close	2
resolve	1
checked	1
jealous	2
festoons	1
gave	4
requested	1
co	1
lerate	1
today	2
moving	2
efforts	4
marriage	1
acknowledge	1
that	82
tranced	1
confusion	3
practised	1
century	1
galleries	2
observe	1
recall	2
twined	1
feared	2
resound	1
key	2
mislead	1
misery	1
pressed	1
timental	1
enter	4
spite	2
wondered	1
oak	1
concealed	1
lotted	1
whatever	1
prospect	4
haunted	1
r	3
tremour	1
excite	3
soared	1
already	2
mer	1
confessor	2
lamp	1
attire	1
towards	10
devils	1
sence	1
ordering	1
quarter	1
expression	5
meaning	1
cabinet	1
watch	1
seen	9
original	1
unfrequently	1
sures	1
swims	1
more	19
delightful	1
concert	3
withheld	1
desiring	2
energy	1
languor	2
proach	1
accompanied	3
tered	1
wards	2
fied	1
must	5
fay	1
labours	1
distantly	1
enſued	1
midst	1
faded	1
selected	1
expire	1
party	5
auditor	1
cool	1
seeming	2
saw	4
exchanged	1
pursued	1
neſs	2
coil	1
chafe	1
him	35
offers	1
pen	1
breakfast	5
notwithstanding	1
ground	2
conversed	1
ble	1
ad	2
drawers	1
enquiries	1
glance	1
inhabitants	1
apprehensions	2
accom	3
fond	1
dity	1
tremblingly	2
gently	2
etna	1
retribution	1
confirmed	3
basis	1
persons	2
favourite	7
complimented	1
cross	1
disagreeable	1
customary	2
its	23
cornice	1
obtained	1
combina	1
richly	1
search	3
papers	1
give	3
