beauty	6
yonder	1
leg	1
laxity	1
placing	3
reign	1
adventure	4
wave	2
lain	1
warburton	1
extinguished	1
stair	5
approached	4
lessly	1
mouth	1
read	2
saves	1
neighbourhood	1
assemblage	2
shining	5
gardens	6
houses	3
descriptions	1
honour	1
heresiarch	1
embrace	1
wash'd	1
ests	1
dissolving	1
culti	1
met	3
see	4
only	23
christianity	1
setting	2
rest	10
glide	1
commenced	1
antici	1
alphabet	1
bility	1
neighbouring	2
chance	2
grounds	1
sub	1
sanctions	1
caused	1
desert	4
former	2
lingered	1
mr	1
cities	1
pleasure	14
lakes	3
ivy	1
eastern	1
lest	1
rents	1
imagined	1
straight	1
each	10
truer	1
ice	1
posited	1
outbreak	1
ante	2
church	1
extend	1
maid	2
gems	1
everything	2
ardent	3
liquid	1
wrong	1
avail	1
arrayed	1
zeal	1
smooth	2
else	4
sweetened	1
thirsted	1
reverence	3
coy	1
towards	9
bowers	2
com	1
novelty	3
procession	2
sacrificing	1
gress	1
abode	1
triumphs	1
enable	1
force	1
emperor	1
hath	6
rities	1
cureans	2
chaplet	2
compound	1
youths	1
fantasy	1
lingering	1
auspices	1
halply	1
ciel	1
delay	1
forming	1
lurking	1
ments	2
dug	1
measured	1
propernoun	28
chase	2
trophies	1
details	1
fountain	1
precipice	1
seconds	2
lio	1
usual	6
frame	1
pursuits	1
vows	1
purity	1
imitate	1
length	11
terested	1
endeavouring	1
dressed	1
loftily	1
forward	3
treasures	2
dreamed	1
hue	2
uninteresting	1
dangerous	1
skill	1
tended	1
clashed	1
dio	1
ofjasmin	1
darkness	7
buffet	1
chair	2
translator	1
vours	1
hands	4
forms	5
drew	3
wife	1
earnest	1
im	1
flames	2
surmounted	1
keep	2
priests	3
swore	1
plant	1
superstitious	2
successive	1
loosely	1
holiday	1
smiles	1
inconvenience	2
gently	3
combustion	1
burst	2
break	3
ser	1
moore	1
spellbound	1
sea	6
given	3
pious	1
acquaintance	1
later	1
th	1
solden	1
betray	2
puted	1
continually	3
wished	1
purchase	1
mingles	1
form	6
utterance	1
de	5
cymbals	2
defiance	1
valley	5
gift	2
coracle	1
disposition	1
prostrate	2
cabalistic	1
become	2
alluded	1
sleep	5
simplicity	1
connected	2
ancient	1
buted	1
sacred	7
her	58
indolent	2
used	2
wound	1
circle	3
look	5
same	21
encounterhig	1
diversified	1
while	35
endure	2
fashionable	1
hke	1
f	1
floating	1
sufficient	1
adventures	1
laid	2
changeable	1
earth	12
appear	3
liantly	1
henna	1
commemoration	1
phantom	1
storm	1
knowing	2
gives	4
rites	2
weve	1
ops	1
rancour	1
finding	1
advance	1
thdt	1
altogether	2
ther	1
strike	1
die	2
equal	1
fantastic	1
danger	3
vent	1
deceive	1
expires	1
who	39
vim	1
thoughtfully	1
dare	1
clustered	1
eso	1
siren	1
moves	1
hastening	3
punished	1
depths	2
thrice	1
forffotten	1
less	7
reembarked	1
reflection	2
contemplation	1
encourage	1
hushed	1
nowhere	1
long	11
leave	4
sanction	1
here	10
region	3
deepened	1
sycamores	1
proceeded	2
momentary	1
perate	1
terminated	1
faithful	1
which	165
sounds	4
leads	1
mightier	1
dates	1
way	15
heart	16
bosom	4
gloomy	8
egyptians	5
wherefore	3
lars	1
firmly	1
sisted	1
longed	1
call	2
asphodel	1
stole	4
harmony	6
dechne	1
muffled	1
train	2
lady	1
breathless	2
heads	1
spoken	1
chapter	1
gaj	1
alas	1
waits	1
walks	1
preceded	2
conflagration	1
shut	1
robe	1
horizon	4
friends	2
position	2
acacias	1
consious	1
volatile	1
grand	3
bend	1
pouring	1
lip	1
escaped	1
ters	1
ornament	1
loose	1
web	1
dismal	2
taste	2
smoothness	1
absorbed	1
diffi	1
memorable	1
darts	1
publishers	1
stoop	1
rough	1
out	18
receive	1
gaze	1
passage	4
macarius	1
founder	3
described	2
task	2
saturn	1
presiding	1
shrubs	1
or	32
beheld	5
and	384
all	76
sum	1
bloom	1
lately	4
preternatural	1
hence	1
commanded	1
unex	1
capable	1
intelligibly	1
pointed	1
mean	1
starting	1
nile	9
bough	3
sounding	1
further	5
celestial	1
gling	1
flight	1
prophets	1
amulets	1
supposed	1
outlet	1
convinced	1
consecrated	2
downcast	2
lives	1
awaited	4
deepen	1
work	3
readily	3
kept	1
as	172
strect	1
arcades	3
boats	4
silence	6
tion	1
motley	1
constituted	1
tower	2
profiting	1
proceed	1
cautiously	1
stems	2
breathe	1
multitudes	1
summit	2
engrossed	1
vestibule	4
deathlike	1
indulging	1
snow	1
steep	1
near	4
seller	1
least	7
interests	1
how	9
assisted	1
serpent	2
scenery	1
shall	3
dwell	2
verbatim	1
beg	1
it	107
golden	2
awoke	1
obelisks	1
votaries	1
astonishment	1
drawing	1
shelter	1
suffered	1
end	6
chemy	1
figures	2
whether	3
holy	5
worshipper	3
awake	1
hold	1
word	1
resolves	1
freshly	2
magic	1
glass	1
midway	1
emulate	1
distinct	2
rowing	1
varieties	2
calling	1
creature	2
libyan	1
am	3
animation	1
histoire	1
god	3
exhaled	1
movements	2
talisman	2
appalled	1
forgetfulness	1
spangled	1
actual	1
parted	1
right	2
subdued	1
stillness	1
cataracts	3
neither	2
blossoming	1
maiden	1
commerce	1
record	1
because	1
vain	8
thence	1
acting	1
adorn	1
cherish	1
deep	4
supply	2
yielding	1
hasten	1
approach	1
verv	1
saddeninj	1
twenty-fourth	1
bewilderment	1
sate	1
torch	2
hailed	1
pectedness	1
attic	1
imbrowning	1
sojourn	1
cup	2
harbour	2
scrutiny	1
rapidly	6
never	10
doctrines	3
expanded	1
passionate	1
attractiveness	1
averted	1
useful	1
rains	1
tremblingly	1
combat	1
receives	1
composure	1
wall	1
proved	1
short	4
desolate	1
kings	4
startled	4
low	3
forbid	1
waving	1
fea	1
spangling	1
saddened	1
much	8
plea	3
face	4
intricate	1
perpetuated	1
playful	1
vessels	1
groves	3
pythagoras	1
precious	2
plane	1
mass	2
sionary	1
pigeons	1
day	8
explore	1
mournfully	1
driven	1
impeded	1
contempt	1
warm	2
itself	12
zealously	1
onward	2
pil	1
arabs	2
severed	1
school	6
shocked	1
romance	2
defied	1
gather	1
lent	1
multiplicity	1
glimpse	1
buried	1
vessel	1
full	9
natron	1
broken	3
shudder	1
predecessors	1
playing	1
bring	3
ing	10
intelligible	1
brilliant	2
youthful	2
unwilling	1
bower	3
kingly	1
kindle	1
entrance	1
undation	1
confirm	1
headlong	1
flung	2
character	2
fullest	1
cellany	1
containing	1
familiar	2
ried	1
fully	1
specimen	1
solem	1
o'er	3
ram	1
enchantress	3
beetle	1
have	32
natural	2
ence	2
ties	1
placename	47
rounded	2
sing	1
din	2
inanimate	1
science	1
tomb	3
you	12
been	28
bow	1
expectation	1
brown	1
activity	1
alleged	1
columns	4
limb	1
subject	2
welcomely	1
lucretius	1
month	1
pleasing	1
enquire	1
helplessness	1
dried	1
living	8
pillar'd	1
impressions	1
boat	8
population	1
forcing	1
through	40
suffer	1
blood	1
doc	1
affected	1
obvious	1
â™¦*1	1
verdure	1
pas	1
annual	2
vesti	1
student	1
buoyancy	1
hast	1
assistance	1
thei	1
centre	2
prosperous	1
nature	3
star	1
fathers	1
formed	4
talked	1
flood	6
deluded	1
humming	1
seem	1
crash	1
seventh	1
curiosity	2
accordingly	1
arose	1
minute	4
distance	5
harmoniously	1
religious	2
colour	1
assumed	1
characters	1
mansions	1
scarce	1
mere	1
invisible	1
example	1
spectre	1
blessed	1
cealed	2
alternate	1
folding	1
stands	2
heard	11
spells	1
honey	1
oh	2
fragrance	1
sais	3
innr	1
apprehended	1
fourth	2
severities	1
ideal	1
cats	1
enterprise	1
leaves	3
lean	1
another	4
down	9
lyre	1
patronage	1
delusion	1
serted	1
melancholy	9
bore	2
board	1
what	11
festivities	1
latin	1
rolled	2
bottom	3
cidence	1
rocky	1
nothing	8
possession	1
recollection	3
dancers	1
angrily	1
creating	1
amidst	1
cern	1
appeared	3
evening	9
mortality	2
soothsayers	1
seldom	6
weaving	1
beautiful	10
time	25
hastily	2
juster	1
distinguish	1
facility	1
reijigaining	1
ladder	1
shrouded	1
laughed	1
variety	6
according	2
charac	1
suscepti	1
tacle	1
keeping	1
lay	12
girl	1
dis	2
stepped	1
jewels	1
wise	3
infidelity	1
particular	1
promised	3
attention	4
scene	15
herbage	1
epicurean	82
beds	2
passions	1
transport	2
death	17
viands	1
those	42
take	1
said	5
lengthening	1
when	21
canopus	4
anni	2
dove	1
literature	1
distribution	1
invariably	1
bending	3
table	2
titudes	1
prepared	2
pharos	1
crowd	4
psyche	1
included	1
disputing	1
hud	1
female	8
rambling	1
impatience	1
coming	4
innocent	1
porphyry	1
ne'er	1
increased	2
agitation	2
shot	2
innocence	2
distin	1
otherwise	2
chosen	2
equally	1
seemed	20
concluded	1
ever	27
studding	1
felt	9
strand	1
trine	1
ation	2
say	2
gods	2
inhabitant	2
quarries	1
descended	1
passages	2
ness	6
ovm	1
lin	1
charm	4
pressing	1
brand	2
showers	1
tery	1
mingled	4
exalted	1
numerable	1
feeling	7
senes	1
following	3
movement	2
occasion	2
spirit	14
fixed	3
bule	1
boys	1
lamps	2
since	4
confined	1
image	6
done	2
palaces	4
agency	1
occasions	1
castanets	1
under	9
dream	7
fancy	13
mansion	1
saddening	1
gigantic	1
gush	1
supremacy	1
attitude	1
they	31
homage	2
wither	1
this	77
deliberate	1
theatre	1
country	2
know	4
derision	1
conversation	1
for	70
theplatonists	1
vll	1
june	1
chilled	1
spec	1
coast	1
presence	6
regarding	1
sit	1
yon	1
apparently	1
prevented	1
reproached	1
newly	1
guide	1
monk	1
pausing	1
await	1
chord	1
source	3
kot	1
looking	4
severity	1
fruits	1
flower	6
strength	1
considerable	3
sage	1
flashed	2
unwill	1
epi	2
square	1
learned	4
presided	2
paid	4
elysium	1
sort	4
veiled	2
spots	1
deified	1
consisted	1
saying	1
north	4
hope	6
printed	2
sweets	1
sincerity	1
banners	1
kneeling	1
regular	1
pair	1
last	8
morn	1
stery	1
wreaths	1
recurred	3
pia	1
ago	1
tablets	1
nations	1
lead	1
blossoms	1
had	134
discernible	1
left	13
stated	1
exist	2
senses	1
upon	32
humihating	1
wander	2
an	30
sacrilege	1
master	1
absence	1
interest	1
shajie	1
fled	1
air	8
plunged	1
breathing	2
occupied	2
halls	1
lucky	1
always	4
homes	1
platonist	1
can	4
useless	2
adoration	1
haunts	1
are	12
remain	2
fever	1
e	3
witnessed	2
side	11
inter	1
spires	1
dowless	1
floor	1
sometimes	5
ghastly	2
planetary	1
busy	2
chap	7
situated	1
recollected	1
strewed	2
bird	5
among	20
pre	3
pliny	1
gallery	7
banquet	6
file	1
sect	6
searched	1
eminence	1
easily	2
altar	4
changing	2
summer	1
decay	1
protection	2
brightens	1
lone	1
brink	1
secrets	1
books	1
glory	4
above	11
around	21
self	1
run	1
banks	2
white	5
forgetful	1
envelope	1
once	7
amulet	1
respects	1
availed	1
grove	7
sunk	8
shrines	4
sultry	1
shriek	1
fit	3
njtiiph	1
celebration	1
animated	5
disciples	2
impulse	2
eros	2
busts	1
such	29
be	41
properly	1
glow	3
enjoyments	1
recog	1
springs	1
died	2
performed	1
holding	1
practice	1
monas	1
stealth	1
risen	3
stealing	1
objects	1
depended	1
churchmen	1
whispering	1
stood	25
thrilled	2
loved	1
listened	1
circular	1
love	13
worlds	1
gates	6
woke	1
mystery	6
dangers	1
feelings	4
were	60
intention	1
wholly	3
andayoung	1
owti	1
community	1
footstep	1
lids	2
dazzling	1
book	1
certainty	1
pine	2
drapery	2
along	5
hall	2
reality	3
hopes	2
aisle	1
accustomed	2
departed	2
tivity	1
surrounded	4
corinthian	1
gay	5
o	2
underground	1
middle	3
human	3
themselves	9
dwelling	1
i'or	1
hastened	5
thick	1
gion	1
varnished	1
shi'ine	1
some	48
worst	1
monuments	4
returning	1
veil	3
awakened	2
belief	4
supernatural	1
general	2
hoping	1
superstition	1
hours	2
expiring	1
flourished	1
immortality	3
blaze	5
innnortality	1
may	10
individual	1
lasted	1
crossed	1
observing	1
beat	2
few	10
filled	5
took	6
fondest	2
sadness	3
light	33
verdant	1
shook	1
entered	5
knee	1
awed	1
falls	1
collected	1
provide	2
oar	2
none	5
himself	1
sepulchres	1
interior	1
level	1
wed	1
struggle	2
explanation	1
arabian	2
aban	1
adorer	1
next	1
midst	4
lovely	4
fancies	2
active	1
has	6
si	1
many	13
goddess	1
mourner	1
sides	7
eager	2
longman	1
water	5
peared	1
phan	1
merely	1
wisdom	4
notion	1
paganism	1
instantly	2
contending	1
guard	1
dioclesian	1
honours	1
screams	1
something	2
brow	4
degree	1
week	1
surprise	2
aside	1
spacious	1
directed	1
constant	1
audience	1
show	2
autho	1
recognising	1
mark	1
own	26
pletely	1
proceeding	1
desolating	1
wine	1
rejecting	1
entire	1
site	1
centuries	2
verses	2
lading	1
period	2
known	2
eagerness	1
projecting	1
weakness	1
parts	2
guarded	1
try	2
ac	2
suddenly	6
think	2
bitter	1
unearthly	1
graceful	2
twentieth	1
felicitations	1
should	14
threshold	1
heaven	9
idea	2
learning	1
underneath	2
wild	4
better	2
filling	1
journey	1
whither	2
divinities	1
page	1
marked	1
infant	1
towering	4
customary	1
castanet	1
eluded	1
glare	1
vie	1
feasts	1
complete	1
too	16
difficult	3
whose	31
gleaming	1
mainly	1
re	5
waiting	1
continuation	1
ture	2
follies	2
name	3
numerous	1
fly	2
shore	10
du	1
closed	2
splendour	4
resurrection	1
terminating	1
coincidences	1
determination	1
come	5
feel	1
defended	1
bondage	2
concurred	1
succession	2
days	1
action	1
multiplying	1
romannumeral	14
punish	1
added	3
vast	5
hard	2
disguise	1
presented	6
valid	1
personalname	10
deeper	2
reputation	1
enough	1
petually	1
indications	1
triumphant	1
leaned	1
purer	2
aerial	1
whom	5
awe	2
believed	1
temperance	1
thrive	1
unusual	1
eye	9
shadowy	2
ht	1
black	1
sooner	3
detain	1
illusion	1
evaporated	1
towers	1
divert	2
tenderness	1
communion	1
tracking	1
timid	1
fore	1
quarry	1
amone	1
knows	4
inidisturbed	1
again	15
thicket	1
fierce	1
sented	2
statue	2
realising	1
passionately	1
inconsistency	1
stay	1
dance	3
looked	11
stars	7
aerially	1
carried	1
gaping	1
stamped	1
places	1
occa	1
confusion	1
past	3
lights	5
cation	1
fluctuated	1
tested	1
little	12
represent	1
chamber	2
labyrinth	1
hght	1
sexes	1
bandelet	1
passed	15
vanish	2
strain	3
addi	2
oratory	2
ikui	1
moment	14
move	1
generally	1
admiration	1
angeles	1
ridicule	1
scattered	1
barred	1
relate	1
vigour	1
tremulous	1
considerations	1
arrived	2
clear	2
impatient	1
west	1
their	47
inspired	3
schism	1
shadows	1
separation	1
trouble	1
passing	4
antagonist	1
lute	3
exhausted	1
both	11
song	3
arcana	1
might	12
delighted	1
increase	1
shade	4
directly	4
sending	1
initiated	1
choir	2
clambered	1
instance	1
benigner	1
wreathed	1
lifl	1
away	14
conquer	1
hovering	1
contemplate	1
me	74
morning	3
third	1
blest	1
^inti	1
orme	1
mummy	1
hurrying	1
range	2
myriads	1
topk	1
doric	1
pi	1
cheeks	1
beyond	3
remedy	1
impossible	2
words	6
relief	2
joined	1
mood	1
began	2
noviciate	1
lier	1
play'd	1
became	2
solemn	1
confess	1
there	38
bush	1
grains	1
exclaimed	4
birds	3
double	1
vanquished	1
plucked	2
composers	1
biv	1
lost	5
into	47
tremulously	1
effort	1
base	3
mined	1
girls	1
dazzled	1
support	1
simpler	1
ceeded	1
sufficiently	2
dupe	1
disturb	1
architec	1
intimacies	1
people	2
chiefly	2
wind	4
copied	1
wish	1
luxuriant	1
un	2
ceived	2
doubt	2
diluvian	2
illusions	1
ceased	3
yes	2
ray	2
inconceivable	1
wherever	1
witli	1
gliding	1
slow	3
kissed	1
before	22
immortal	1
perceptible	1
vagrant	1
encurean	1
selves	1
celebrated	2
monument	2
particularly	1
anything	1
cross	5
gravely	2
received	3
young	16
dim	2
tripod	1
contri	1
sparkling	2
sup	1
election	1
extending	1
al	1
chou	1
gave	11
lucian	1
voluptuaries	1
mortification	1
advantages	1
glides	1
alarmed	2
remains	1
truly	1
athenian	1
signed	1
opportunity	1
slimy	1
authorized	1
upright	1
pathway	2
oak	1
incident	1
prospect	1
pomp	1
hills	2
faces	2
purchasers	1
garden	16
arabic4digit	2
lamp	14
dust	2
dental	1
dreams	7
causes	1
meaning	1
watch	3
contrive	1
original	1
efface	1
tenderer	1
account	3
coiled	1
languor	1
pressed	2
high	4
instant	4
illustrious	1
fasted	2
veils	2
posed	1
mirror	2
tom	1
depth	4
outstand	1
deity	2
idly	2
endless	2
distractions	1
ad	1
brave	1
regulate	1
preparing	1
close	2
ambition	2
stream	2
unluckily	1
any	9
stooping	1
temples	10
its	49
tending	1
portion	1
dancer	1
rowed	1
give	4
life	21
threw	3
cheek	2
wantonly	1
loves	3
alexandrians	1
queen	1
scooped	1
supplied	1
cause	2
tracts	1
step	9
endeavoured	1
fear	3
contagion	1
knew	3
soft	1
lasting	1
mortal	2
sweetness	2
agreeable	1
dimly	2
times	3
bars	1
track	1
usurped	1
at	93
myself	24
la	1
odours	1
afforded	2
seclusion	1
laughter	1
hasteningto	1
inunda	1
skeleton	2
skilful	2
denizens	1
a.d	1
encountered	2
thickets	1
nymphs	3
weeks	1
late	1
produced	3
slumber	1
reflections	1
beside	2
surface	3
pyramids	8
edge	2
afloat	2
case	1
cloud	1
mid	3
unwelcome	1
seems	3
disclosed	1
joining	1
simplest	1
flame	1
mighty	3
called	4
respective	2
enchained	1
dashing	1
circulate	1
realm	1
portico	1
relinquish	1
represented	1
brightened	1
subterranean	2
new	14
clung	1
radiance	5
longer	2
peal	1
therefore	5
attain	1
prest	1
draining	1
winged	1
neighbour	1
foels	1
if	35
farthest	1
dwelt	2
arabic2digit	69
sincere	1
excited	2
unconsciously	1
enchantment	3
stand	3
pedestal	2
dwells	2
fall	4
philosophy	4
second	2
reed	1
cupids	1
shores	5
existence	1
hurried	2
answered	1
burned	1
live	4
philosophers	1
paviuon	1
urious	1
made	6
ap	2
kiss	1
speedily	1
return	2
huge	1
that	226
consciousness	1
invest	1
gered	1
undis	1
slid	1
harmonised	1
cried	1
sudden	2
mance	1
perishableness	1
crypts	1
scarcely	3
than	28
successfully	1
ceremony	1
calmly	2
women	3
mysteries	3
music	10
perish	2
crowds	1
t	1
element	1
put	1
his	30
stretch	1
impression	1
with	107
twin	1
pines	1
just	11
con	5
marble	3
barrier	1
contrasting	1
min	1
doom	1
tain	1
expectations	1
desolation	1
studded	1
lassitude	1
older	1
sure	4
mo	1
divine	3
four	2
patmg	1
exclamied	1
infusion	1
experience	2
except	4
meet	1
up	22
fol	1
fainter	2
vanished	3
unbroken	1
inscrutable	1
mock	2
shrill	2
well	6
waters	11
served	1
rose	4
outlasts	1
talents	1
maintained	1
more	42
images	3
everlasting	2
captive	1
gether	1
vaults	1
purified	1
every	22
affect	1
determin	1
conduced	1
tured	1
the	1136
tryman	1
eminent	1
risked	1
abstinence	1
nearer	3
demanded	1
annihilated	1
oblivion	1
raising	1
attentive	1
aisles	2
disused	1
did	22
herself	3
prevailed	2
thoug4i	1
repose	2
perceived	4
deathless	1
hand	7
reli	1
fire	8
spread	1
aspire	1
unanimous	1
though	16
now	46
bewildered	1
tremor	1
pediment	1
occasionally	1
earthworm	1
friendships	1
attracted	2
recorded	1
barely	1
refreshed	1
beating	1
simple	2
wreath	1
sailed	1
imperfect	1
woman	1
bright	12
acclaim	1
walked	1
back	9
being	15
render	3
skies	2
tercepting	1
birth	2
pursuit	2
yielded	1
habituated	1
flowed	1
kinds	1
gate	1
sent	6
room	2
bled	1
contrary	1
standing	2
clangoiu*	1
influence	2
assuring	1
illuminated	7
invoked	1
minsling	1
poet	2
letters	2
recover	1
pr	2
glorious	1
bodings	1
abandon	1
tombs	4
alcove	1
career	2
shades	1
delicious	1
overspreads	1
nearly	2
discovered	2
omen	2
nigh	1
ringlets	1
borne	2
genius	1
tell	1
monks	2
guished	1
ilissus	1
luxurious	5
meeting	1
mendations	1
barks	2
awaiting	1
loud	3
blessing	1
shape	3
cold	5
sprung	2
sounded	1
opposite	3
hazards	1
tree	3
witness	2
he	18
ers	1
fondly	1
por	1
features	6
sur	1
off	6
meroe	1
worn	1
magnificence	1
imitation	2
fountains	1
associates	1
answer	1
grots	1
mellowed	1
triumph	3
tempted	1
bodies	1
voyage	4
attractions	1
blue	3
on	93
either	6
choral	1
tic	1
streets	1
reach	6
jew	1
playground	1
pining	1
won	1
persecuted	1
almost	9
sail	1
shudderingly	1
hourly	1
bent	1
vicinity	1
smiling	2
laertius	1
gladly	1
repented	1
would	16
valence	1
diffusing	1
whisper	1
provided	1
ff	1
spire	1
shadow	9
like	33
mgly	1
nised	1
helmet	1
friendship	1
recommend	1
safeguard	2
bark	2
fflories	1
domes	1
jbbition*	1
blank	1
row	1
shrine	8
idol	2
bigotry	1
bosoms	1
sha	1
minds	1
success	1
painted	1
eternal	10
object	6
kindled	2
watching	1
trodden	1
from	99
course	8
gravest	1
architecture	1
distant	3
escaping	1
rescue	1
between	10
greek	4
luxuries	2
jasmin	1
dedicate	1
boundless	1
licence	1
repeated	1
sadly	1
wonderful	3
exertion	1
win	1
mythology	1
parterre	1
welcome	5
pro	4
clue	1
praise	1
distinguishing	1
sat	3
wider	1
beckoning	1
heavenly	1
luxury	2
herewith	1
kind	2
door	1
counted	3
intoxi	1
nounced	1
grecian	2
prophetic	1
zest	3
visitor	1
blew	2
fastened	1
to	296
law	1
doned	1
pyramid	14
blooming	1
fraternity	1
ill	1
glided	2
ance	1
plying	1
piety	1
pure	2
lofty	1
dizzy	1
desires	1
ripened	1
sistrum	1
front	2
pace	1
house	1
luckily	1
reflected	1
sunny	1
within	17
thought	17
thread	1
preserve	1
crystal	2
joys	1
variegated	1
inquired	2
daybreak	1
wonder	1
yet	16
solate	1
party	2
flowers	8
scended	1
virtuous	1
brimm'd	1
asked	2
revisit	1
spottiswoode	1
in	222
scraps	1
folly	1
serapis	1
daughter	1
secret	10
two	8
cavern	1
remainder	1
leaning	2
proffer	1
discover	2
chain	2
habited	1
continuance	1
set	4
sellers	1
celebrity	1
tributed	1
produces	1
commanders	1
adventurous	1
gloriously	1
imagin	1
dared	2
sunniest	1
ledge	1
review	1
world	14
spray	1
touched	2
plumes	1
losing	1
ment	2
ascended	2
combustible	1
cell	1
ruins	1
paused	1
drowsily	1
must	12
fallen	1
city	12
wrapped	1
remembering	1
alarm	1
gracefully	2
make	6
massy	4
mine	8
frugality	1
heliopolis	1
rested	3
august	1
we	12
declining	1
even	31
brought	1
why	3
alone	11
ophite	1
dead	12
rhinoceros	1
nels	1
wandered	2
happiness	2
subjects	1
bril	1
sense	1
was	193
drunk	1
weak	1
rigid	1
wandering	3
latter	3
throne	1
so.vgs	1
descent	2
los	1
talk	1
bay	1
tervals	1
push	1
climate	1
caverns	1
proclaim	1
versary	1
current	3
ferment	1
oracles	1
lends	1
egyptian	6
resigned	1
tor	1
fell	5
refined	2
rapid	4
description	3
liad	1
lustre	1
upwards	1
hung	2
walls	1
giving	1
silver	4
usurps	1
swiftly	1
instantaneously	1
wonders	3
together	3
sensibilities	1
ate	1
rhodope	2
throws	1
spectral	1
hundred	2
turning	3
roar	1
inform	1
view	5
sky	1
worshippers	1
pillar	2
wells	1
rise	3
sighs	1
sink	1
our	12
covered	3
resisted	1
present	5
changed	1
culty	1
mit	1
purposes	1
amid	4
eastward	2
issue	1
professor	1
nion	1
large	1
pyra	1
forehead	1
admires	1
nor	11
over	29
sharers	1
conceal	1
passion	5
cated	1
entranced	1
steered	1
experi	1
mournful	3
three	2
history	1
kmdling	1
blackening	1
deeply	2
vivid	3
engraved	1
incense	1
necessary	2
tender	1
acknowledgment	1
unfathomable	1
poured	1
restless	1
dear	2
ruin	1
theban	1
elevated	1
ascending	1
lighter	1
reveries	2
fresh	3
burning	6
instead	2
hardly	2
worth	2
group	4
against	4
tiptoe	1
sign	1
topped	1
art	3
grace	1
tranquil	3
often	2
memorials	1
raised	7
wailings	1
unconscious	1
unknown	1
chains	2
us	2
worse	1
anxiously	1
built	2
pale	5
aspect	2
lips	4
sees	1
nity	1
uninterrupted	1
presenting	1
anticipated	2
hour	6
trees	5
chasm	3
throughout	4
brightening	1
sublime	2
things	1
taper	1
led	10
terrors	1
tention	1
gazing	1
ask	2
ventured	2
tracing	1
hierophant	1
lime	1
liness	1
place	9
gradually	2
noise	3
lighted	4
voice	9
great	12
came	9
old	5
forsooth	1
pain	1
branch	1
mode	1
shock	1
recom	1
dispensed	1
hermes	1
having	12
springing	1
power	6
disturbs	1
plainly	1
heir	1
most	23
ring	1
conflict	1
teach	1
enchanted	1
of	654
echoes	2
ceive	1
seas	2
steps	11
names	1
ij	1
part	6
south	1
landing	1
refuge	1
induced	2
victor	1
racter	1
unfolded	1
unravelled	1
solitude	2
musing	1
manuscript	1
she	25
owns	1
sacredly	1
canal	3
aloft	3
oration	1
grew	4
ages	7
seekest	3
lived	3
affairs	1
society	1
lie	4
pealed	1
realms	1
spirits	2
joy	1
terrible	1
rubies	1
christian	3
ramids	1
implicitly	1
no	22
slippery	1
assailed	1
actuated	1
abyssinian	1
balm	1
person	3
speculate	1
cadence	1
finger	1
religion	3
walk	1
temporary	1
fate	3
culcated	1
figure	4
trellis	1
match	1
head	9
austerity	1
feet	4
preciousncss	1
notions	1
inmate	2
freshened	1
traits	1
without	11
land	5
lovers	1
personal	1
gold	5
ere	2
smile	2
letter	1
paternoster	1
paced	1
gained	3
scintillate	1
favour	1
habit	1
find	5
echo	2
infidels	1
branches	2
exclaim	1
state	2
proud	4
soul	10
clouds	2
apartments	1
disappearance	1
determined	1
narrow	6
sickens	1
hesitation	1
moonlight	2
anx	1
sun	12
wands	2
faith	3
hilation	1
niglit	1
green	1
sistrums	1
locks	1
tune	1
taken	1
halfway	2
humbler	1
timed	1
per	3
vision	5
gf	1
falling	1
study	1
fair	10
across	5
escape	1
elder	1
vestal	1
struck	1
incul	1
raise	1
rival	1
perplexed	1
eyes	15
year	4
visible	3
hers	2
price	1
during	9
pretext	1
slories	1
godlike	1
follow	2
super	1
picked	1
undeciphered	1
mixture	1
direct	2
alle	1
enlivened	1
superior	1
credit	1
top	1
manner	3
prayer	2
trust	1
ordinary	1
round	9
not	53
fixing	1
revels	1
mockery	2
acci	1
extended	3
conscious	2
glories	1
zone	2
worldliness	1
religions	2
indeed	7
wildernesses	1
immense	1
visits	1
caught	4
path	11
mysterious	2
globe	1
wit	2
bliss	3
minghng	1
slender	1
remaining	1
garments	1
hinges	1
centered	1
earnestness	1
closely	1
pitch	1
venus	2
whole	17
bank	6
coun	1
delights	2
d	5
removed	1
outline	1
restore	1
print	1
phis	1
written	2
vidence	1
opened	5
unrivalled	1
sunbeam	1
mystic	4
custom	2
race	1
gaiety	2
pride	1
trial	3
whirlwind	1
roof	1
utmost	1
rigour	1
looks	2
hur	1
ear	5
veins	2
embody	1
unseen	1
placed	5
serpents	2
future	6
maidens	1
unto	2
gilded	1
precincts	1
persuaded	1
extracted	1
imagination	12
so	31
livid	1
leaving	3
immor	1
loveliness	1
sweet	5
downwards	1
philosopher	1
progress	3
viated	1
listeners	1
bespoke	1
worthy	2
settled	1
murmur	2
loneliest	1
floated	2
courage	1
damp	1
gazed	2
pursue	1
vacant	1
quay	1
gloom	4
others	11
thousand	1
descending	3
nights	1
voluptuous	3
indulged	1
parched	1
windings	4
plain	1
hid	3
py	1
forth	7
overhead	1
bless'd	1
stition	1
pronouncing	1
rees	1
encircled	3
about	2
tearing	2
commu	1
secures	1
scribbling	1
memory	9
voy	1
afford	1
store	1
heav'n	2
leaf	1
man	8
struggles	1
ceremonies	4
quiet	2
ordeal	1
sentinel	1
hate	1
peak	2
spring	4
will	7
comes	1
emblems	1
welcomed	3
splendid	2
gleam	6
despise	1
curious	2
established	1
however	14
best	1
mirth	5
sinjjle	1
araby	1
memorial	1
sought	2
hollowed	1
street	1
vagaries	1
coin	1
laughing	1
fragments	1
brings	1
go	5
doubted	2
glimmer	3
reserve	1
livelily	1
strong	1
rubbish	1
alley	3
direction	6
hidden	1
biographer	1
shrieks	1
mv	1
earthly	5
followed	3
youth	3
eloquent	1
far	16
archway	2
odoriferous	1
sparkles	1
season	2
sad	3
alive	1
arrival	1
formidable	1
pay	3
hedge	1
likely	1
dreadful	1
recognised	1
calm	3
cavernous	1
dismiss	1
iron	3
grandeur	3
rude	1
capacity	1
born	2
promptly	1
satisfaction	1
thou	6
lotus	3
watched	2
my	201
innumerable	1
embellished	1
these	17
berest	1
ivory	1
meetings	1
reason	2
let	6
fancied	2
listening	1
possible	3
creed	4
separated	1
mis	1
thing	2
ease	2
shoulder	1
fur	1
numbers	1
thundering	1
flew	3
visionary	1
tality	1
one	31
reservoir	1
unchari	1
sunless	3
occurred	2
cultivation	1
mem	1
touching	2
tional	1
gleams	1
peopled	1
plantain	1
furnished	2
sepulchral	1
ineffectual	2
library	2
spirally	1
says	1
eagerly	1
generation	1
sion	2
enamoured	1
sphinxes	3
regenerated	1
sphere	2
first	14
children	1
shame	1
chief	2
could	31
riveted	1
winter	1
vipon	1
perceive	4
breath	1
thrown	2
events	2
unprepared	1
revealed	1
glimmered	2
ings	2
tableness	1
distress	1
symbols	1
seduc	1
formant	1
ma	1
scenes	4
wide	3
b	6
narrowing	1
disenffaored	1
recesses	1
glittering	1
beneath	9
intently	2
disappointment	1
involved	1
disconcerting	1
mul	1
thoughts	9
pigeon	2
softened	1
stirred	1
ready	1
moments	3
awfully	2
favourable	2
structures	2
spark	1
appearance	2
waste	1
deities	1
moon	10
rushed	2
d'antenor	1
tem	2
est	1
recess	1
lily	1
good	2
despoil	1
forgotten	4
heathen	1
vated	1
till	11
glimmering	1
torrent	2
visit	3
key	1
similar	1
transported	1
rejoice	1
twisting	1
ascendant	1
pilgrims	4
ed	1
tliese	1
decision	1
touch	2
reversionary	1
encounter	2
perishable	1
tendrils	1
various	5
anomaly	1
knowledge	1
utter	1
chanting	1
preceding	3
still	35
chilling	1
sound	11
story	1
enshrined	1
alexandrian	3
concealed	2
by	76
flow	2
tli	1
perished	1
cut	1
announced	1
pic	1
island	4
everywhere	2
emerald	1
oifspring	1
voices	3
haunted	5
brighter	1
dria	1
seek	3
lifted	1
philosophical	1
soundinof	1
occur	1
sects	2
employ	1
twilight	2
station	1
bringing	1
dark	19
lux	1
lake	7
held	11
dignifying	1
gone	1
sir	2
pilgrimage	1
songs	3
manuscripts	1
beams	2
translation	1
mingle	2
isle	3
taking	3
votary	1
prank	1
enjoyment	2
area	1
vibrate	1
priesthood	1
forget	1
dawn	1
ourselves	1
spot	4
threatened	1
revelling	1
mind	12
noon	1
broke	5
coloured	1
hii]|	1
olympus	1
enter	1
found	17
perfect	1
foi	1
andlooking	1
messenger	1
fearful	1
willingly	1
inft	1
untouched	1
lively	1
rays	1
line	3
disappeared	2
arabic3digit	1
hissing	1
survived	1
tlie	5
benevolence	1
volume	2
doors	1
extent	1
obliged	1
emblem	1
portal	7
bhish	1
notwithstanding	1
wings	4
dedicated	1
shapes	3
paces	1
issued	2
venerable	3
ob	2
$4>	1
temperament	1
fenced	1
conclusion	1
stretching	1
charms	1
cries	1
fairest	1
tells	2
below	3
lengthen	2
strongly	1
poets	1
sided	1
wilt	2
consequence	1
fevered	1
downward	1
open	4
labyrinths	2
foot	6
footing	1
moods	1
sands	1
lowers	1
send	1
tions	2
fervour	2
strange	5
fast	1
willing	1
intensity	1
fill	1
continue	1
chapel	6
abstraction	1
sectaries	1
blushed	1
mys	1
necropolis	1
excess	1
chan	1
real	1
/ssi	1
bear	1
observed	3
paper	1
chest	1
where	20
servants	1
glassy	1
granted	1
wore	6
horrible	1
folds	1
ro	1
winging	1
flash	1
iously	1
lord	2
rich	5
a	276
prey	1
thus	7
epicurus	2
parallel	1
engaged	1
minutes	1
priestess	3
ening	1
bee	1
monthly	1
theirs	2
naphtha	1
also	5
busily	1
lifeless	4
enemies	1
crown	1
then	12
faded	1
contrast	1
reserved	1
pleasures	5
university	1
blazing	1
rather	3
window	1
extreme	1
night	16
expressing	1
rising	4
hesitating	2
cast	3
behind	5
farther	1
enabled	2
wliich	1
happy	2
highest	1
delight	1
sight	4
grave	4
cemetery	3
arch	1
m	1
tamarind	1
richest	1
other	13
them	19
roving	1
atory	1
motionless	1
space	1
sung	1
ranged	1
valerian	1
spell	2
landed	3
aperture	2
waking	1
arabic1digit	34
embodied	1
vegetation	1
cha	1
ministers	1
calmest	1
irritated	1
pavilion	1
fadeless	1
happi	2
devised	1
solitary	3
sigh	3
orange	1
mingling	2
half	8
translate	1
accident	1
popular	1
spectacle	1
nar	1
shone	3
turns	1
festival	10
nuscript	1
visiting	1
motion	5
rock	5
loving	1
whiteness	1
able	3
fail	1
besides	1
opening	7
turn	2
resolved	2
inspire	1
atoms	1
slept	1
after	12
conquerors	1
hfe	1
tale	2
awful	1
pass	2
silent	8
alchemy	1
contemplated	1
sunshine	2
tapered	1
question	1
east	2
ff'l^	1
typhon	1
sunset	1
extinct	1
sleeping	1
mariner	1
fleetness	3
dying	1
very	23
inscribed	1
i	278
gayest	2
enhanced	1
went	7
chisel	1
discovery	3
difficulty	1
alliance	1
kindling	1
soil	1
is	26
glade	1
casting	1
catacombs	1
files	1
flutes	1
temple	10
glades	1
rom	1
leading	4
reached	3
company	1
yacht	1
examining	1
moving	3
efforts	5
tones	1
but	84
penetrable	1
abashed	1
companions	2
small	12
crowded	1
descend	2
pretended	1
superhuman	1
drowsiness	1
monotonous	1
perpetual	2
hearts	5
vague	6
dreaming	1
shooting	2
r	1
excite	1
already	12
enjoy	1
bean	1
publish	1
pillars	3
feeble	3
inspires	1
seen	14
fii'st	1
atticus	1
sixth	1
proach	1
soon	8
unnoticed	1
spoke	3
scorched	1
pie	1
promise	5
seven	1
wel	1
selected	1
majestic	1
picture	2
cool	3
saw	19
granite	1
salvation	1
office	1
him	4
makes	1
share	2
red	1
st	1
ground	3
viceable	1
slowly	3
fond	1
wanting	2
ardour	2
fruit	1
tance	1
persons	2
fashion	1
court	1
universe	1
palace	1
turned	5
search	3
fading	2
crownino	1
papers	1
